StockCode,Description,Daily_Demand,Annual_Demand,Avg_Price,EOQ,Safety_Stock,Reorder_Point,Total_Revenue
22423,REGENCY CAKESTAND 3 TIER,39.94039735099338,14578.245033112584,12.461649175412294,765.0,75.0,355.0,277656.25
85123A,WHITE HANGING HEART T-LIGHT HOLDER,151.91556291390728,55449.18046357616,2.870665869218501,3108.0,262.0,1325.0,247048.01
23843,"PAPER CRAFT , LITTLE BIRDIE",134.0976821192053,48945.653973509936,2.08,3430.0,0.0,939.0,168469.6
85099B,JUMBO BAG RED RETROSPOT,122.88741721854305,44853.90728476821,1.9738697463082164,3371.0,273.0,1133.0,134307.44
84879,ASSORTED COLOUR BIRD ORNAMENT,129.52649006622516,47277.16887417219,1.6761515601783061,3755.0,431.0,1338.0,124351.86
47566,PARTY BUNTING,38.841059602649004,14176.986754966887,4.77291229742612,1219.0,88.0,360.0,103283.38
23166,MEDIUM CERAMIC TOP STORAGE JAR,129.0,47085.0,1.2203030303030302,4392.0,23019.0,23922.0,81416.73000000001
22086,PAPER CHAIN KIT 50'S CHRISTMAS ,46.98675496688742,17150.165562913906,2.9196085204375364,1714.0,211.0,540.0,76598.18000000001
79321,CHILLI LIGHTS,24.57450331125828,8969.693708609271,5.146038961038961,934.0,161.0,333.0,69084.3
85099F,JUMBO BAG STRAWBERRY,59.341059602649004,21659.486754966885,1.9569180327868854,2352.0,233.0,648.0,64127.77
21137,BLACK RECORD COVER FRAME,30.491721854304636,11129.478476821192,3.6303696857670977,1238.0,348.0,561.0,63092.12
84347,ROTATING SILVER ANGELS T-LIGHT HLDR,47.36092715231788,17286.738410596026,2.5669636363636363,1835.0,1888.0,2220.0,55880.17
82484,WOOD BLACK BOARD ANT WHITE FINISH,16.02317880794702,5848.460264900662,6.962461832061068,648.0,161.0,273.0,54525.36
21621,VINTAGE UNION JACK BUNTING,10.756622516556291,3926.167218543046,8.499444933920705,481.0,75.0,150.0,54432.62
15056N,EDWARDIAN PARASOL NATURAL,18.125827814569536,6615.92715231788,5.787598152424943,756.0,177.0,304.0,54332.61
85099C,JUMBO  BAG BAROQUE BLACK WHITE,47.84602649006622,17463.79966887417,1.9575478142076501,2112.0,170.0,505.0,52188.18
23084,RABBIT NIGHT LIGHT,44.955298013245034,16408.683774834437,2.0127703523693805,2019.0,602.0,917.0,51251.24
22470,HEART OF WICKER LARGE,28.31788079470199,10336.026490066226,2.944598990465508,1325.0,187.0,385.0,49859.5
21733,RED HANGING HEART T-LIGHT HOLDER,28.52317880794702,10410.960264900663,2.9157650602409637,1336.0,134.0,334.0,48850.6
21931,JUMBO STORAGE BAG SUKI,42.996688741721854,15693.791390728476,1.9728645833333334,1994.0,115.0,416.0,47760.99
22189,CREAM HEART CARD HOLDER,26.40066225165563,9636.241721854305,3.8781657848324516,1115.0,281.0,466.0,47414.200000000004
15056BL,EDWARDIAN PARASOL BLACK,15.4817880794702,5650.852649006622,5.794080100125157,698.0,190.0,298.0,45885.07
22178,VICTORIAN GLASS HANGING T-LIGHT,61.730132450331126,22531.498344370862,1.3451874573960465,2894.0,257.0,689.0,45746.75
22112,CHOCOLATE HOT WATER BOTTLE,16.397350993377483,5985.0331125827815,4.878344733242134,783.0,47.0,162.0,45601.340000000004
22411,JUMBO SHOPPER VINTAGE RED PAISLEY,40.223509933774835,14681.581125827815,1.980715552927262,1925.0,125.0,407.0,45059.13
22910,PAPER CHAIN KIT VINTAGE CHRISTMAS,27.266556291390728,9952.293046357616,2.9220930232558144,1305.0,102.0,293.0,44998.270000000004
21623,VINTAGE UNION JACK MEMOBOARD,10.140728476821192,3701.365894039735,9.774549098196394,435.0,247.0,318.0,44785.83
21181,PLEASE ONE PERSON METAL SIGN,37.05132450331126,13523.733443708608,2.0730530035335692,1806.0,140.0,399.0,44310.600000000006
22386,JUMBO BAG PINK POLKADOT,39.026490066225165,14244.668874172185,2.0029119850187267,1886.0,231.0,504.0,43319.16
22469,HEART OF WICKER SMALL,43.365894039735096,15828.55132450331,1.6381823174080175,2198.0,214.0,518.0,43316.54
21929,JUMBO BAG PINK VINTAGE PAISLEY,39.913907284768214,14568.576158940397,1.9750485436893204,1920.0,173.0,452.0,43313.9
22138,BAKING SET 9 PIECE RETROSPOT ,14.958609271523178,5459.89238410596,4.9517741015402175,743.0,63.0,168.0,43070.91
21843,RED RETROSPOT CAKE STAND,7.1158940397351,2597.301324503311,10.869421319796954,346.0,57.0,107.0,42862.74
22111,SCOTTIE DOG HOT WATER BOTTLE,15.052980132450331,5494.337748344371,4.893550577053632,749.0,70.0,175.0,42463.200000000004
21754,HOME BUILDING BLOCK WORD,11.971854304635762,4369.726821192054,5.963963282937365,605.0,17.0,101.0,42453.11
21731,RED TOADSTOOL LED NIGHT LIGHT,44.870860927152314,16377.864238410595,1.6490377358490567,2228.0,265.0,579.0,41824.26
21175,GIN + TONIC DIET METAL SIGN,32.70695364238411,11938.0380794702,2.259413027916965,1625.0,345.0,574.0,40940.78
22457,NATURAL SLATE HEART CHALKBOARD ,23.48841059602649,8573.269867549669,2.9584354154032746,1204.0,85.0,249.0,40276.170000000006
22326,ROUND SNACK BOXES SET OF4 WOODLAND ,24.221854304635762,8840.976821192053,2.9324567474048444,1228.0,134.0,304.0,40219.82
48138,DOORMAT UNION FLAG,10.175496688741722,3714.056291390729,7.668266818700114,492.0,115.0,186.0,40053.72
82494L,WOODEN FRAME ANTIQUE WHITE ,23.788079470198674,8682.649006622516,2.8997430167597766,1224.0,46.0,213.0,39909.170000000006
20727,LUNCH BAG  BLACK SKULL.,42.03973509933775,15344.503311258277,1.6399951100244499,2163.0,156.0,450.0,39904.0
21915,RED  HARMONICA IN BOX ,58.32615894039735,21289.048013245032,1.2519775280898877,2916.0,661.0,1069.0,39870.65
71477,COLOUR GLASS. STAR T-LIGHT HOLDER,22.97019867549669,8384.122516556292,3.192735562310031,1146.0,282.0,443.0,39822.34
21232,STRAWBERRY CERAMIC TRINKET BOX,56.12417218543046,20485.322847682117,1.2356750941366326,2879.0,130.0,523.0,39682.67
22502,PICNIC BASKET WICKER 60 PIECES,0.10099337748344371,36.86258278145696,649.5,5.0,182.0,183.0,39619.5
21166,COOK WITH WINE METAL SIGN ,32.5364238410596,11875.794701986755,1.977408906882591,1733.0,175.0,403.0,37029.340000000004
82482,WOODEN PICTURE FRAME WHITE FINISH,25.899006622516556,9453.137417218542,2.564078947368421,1358.0,82.0,263.0,37011.1
20728,LUNCH BAG CARS BLUE,38.58278145695364,14082.71523178808,1.6495274725274724,2066.0,165.0,435.0,36644.28
84078A,SET/4 WHITE RETRO STORAGE CUBES ,1.6672185430463575,608.5347682119206,38.497008547008555,89.0,40.0,52.0,36259.65
22629,SPACEBOY LUNCH BOX ,33.561258278145694,12249.859271523179,1.9303753351206436,1781.0,195.0,430.0,36150.99
23284,DOORMAT KEEP CALM AND COME IN,8.83774834437086,3225.778145695364,7.91196319018405,452.0,126.0,188.0,35880.85
23298,SPOTTY BUNTING,12.637417218543046,4612.657284768212,4.917840236686391,685.0,72.0,160.0,35509.55
85066,CREAM SWEETHEART MINI CHEST,4.880794701986755,1781.4900662251655,12.656833740831297,265.0,40.0,74.0,35264.729999999996
20713,JUMBO BAG OWLS,32.223509933774835,11761.581125827815,1.967599569429494,1729.0,205.0,431.0,35162.42
48194,DOORMAT HEARTS,9.582781456953642,3497.715231788079,7.629965075669383,479.0,130.0,197.0,35069.4
22114,HOT WATER BOTTLE TEA AND SYMPATHY,14.649006622516556,5346.887417218542,4.023521772345302,815.0,53.0,156.0,34479.62
22960,JAM MAKING SET WITH JARS,13.996688741721854,5108.7913907284765,4.181095132743363,782.0,72.0,170.0,33833.72
22328,ROUND SNACK BOXES SET OF 4 FRUITS ,20.456953642384107,7466.788079470199,2.9206344410876133,1131.0,227.0,370.0,33670.240000000005
22720,SET OF 3 CAKE TINS PANTRY DESIGN ,11.605960264900663,4236.175496688742,4.953637152777778,654.0,99.0,180.0,33298.3
20726,LUNCH BAG WOODLAND,34.629139072847686,12639.635761589405,1.6512445550715618,1956.0,172.0,414.0,33004.76
22197,SMALL POPCORN HOLDER,71.11754966887418,25957.905629139073,0.8353918791312559,3942.0,751.0,1249.0,32505.93
22699,ROSES REGENCY TEACUP AND SAUCER ,19.766556291390728,7214.793046357616,2.915397567820393,1112.0,134.0,272.0,32470.65
20725,LUNCH BAG RED RETROSPOT,33.59933774834437,12263.758278145695,1.656367771280052,1924.0,95.0,330.0,32137.5
84029E,RED WOOLLY HOTTIE WHITE HEART.,15.329470198675496,5595.2566225165565,3.784886128364389,860.0,115.0,222.0,31876.47
20685,DOORMAT RED RETROSPOT,7.956953642384106,2904.2880794701987,7.739288537549407,433.0,83.0,139.0,31864.2
21755,LOVE BUILDING BLOCK WORD,8.885761589403973,3243.30298013245,5.9658432934926955,521.0,16.0,78.0,31590.41
48187,DOORMAT NEW ENGLAND,8.519867549668874,3109.751655629139,7.720205479452055,449.0,136.0,196.0,31461.34
22630,DOLLY GIRL LUNCH BOX,28.70860927152318,10478.64238410596,1.9443280632411066,1642.0,212.0,413.0,30921.64
22727,ALARM CLOCK BAKELIKE RED ,14.092715231788079,5143.841059602649,3.7613965517241383,827.0,129.0,228.0,30703.09
85152,HAND OVER THE CHOCOLATE   SIGN ,26.7317880794702,9757.102649006623,2.081425304878049,1531.0,130.0,317.0,30615.930000000004
82486,WOOD S/3 CABINET ANT WHITE FINISH,6.478476821192053,2364.6440397350993,8.026528599605522,384.0,16.0,61.0,30363.75
22382,LUNCH BAG SPACEBOY DESIGN ,31.18211920529801,11381.473509933774,1.6465396825396825,1859.0,73.0,291.0,30131.7
22385,JUMBO BAG SPACEBOY DESIGN,27.124172185430464,9900.322847682119,1.979439918533605,1581.0,168.0,358.0,29810.15
21523,DOORMAT FANCY FONT HOME SWEET HOME,7.98841059602649,2915.769867549669,7.738181818181817,434.0,133.0,189.0,29691.95
48185,DOORMAT FAIRY CAKE,7.880794701986755,2876.4900662251657,7.754893111638955,431.0,255.0,310.0,29116.96
20712,JUMBO BAG WOODLAND ANIMALS,26.008278145695364,9493.021523178808,1.9862594594594594,1546.0,152.0,334.0,29105.5
15036,ASSORTED COLOURS SILK FAN,67.87086092715232,24772.8642384106,0.7659527559055118,4021.0,677.0,1152.0,28766.32
47590B,PINK HAPPY BIRTHDAY BUNTING,9.357615894039736,3415.5298013245033,5.4121349693251535,562.0,86.0,152.0,28581.4
20679,EDWARDIAN PARASOL RED,9.9817880794702,3643.352649006623,5.819614767255216,559.0,193.0,263.0,28557.920000000002
20914,SET/5 RED SPOTTY LID GLASS BOWLS,17.427152317880793,6360.91059602649,2.9024405506883606,1047.0,171.0,293.0,28513.300000000003
82483,WOOD 2 DRAWER CABINET WHITE FINISH,7.903973509933775,2884.9503311258277,6.194406779661017,483.0,26.0,81.0,27952.22
22379,RECYCLING BAG RETROSPOT ,23.607615894039736,8616.779801324503,2.09366927592955,1435.0,194.0,359.0,27893.78
22139,RETROSPOT TEA SET CERAMIC 11 PC ,9.51158940397351,3471.730132450331,4.975026086956522,591.0,31.0,98.0,27595.33
22865,HAND WARMER OWL DESIGN,22.64072847682119,8263.865894039734,2.1029791099000907,1402.0,113.0,271.0,27514.63
22188,BLACK HEART CARD HOLDER,16.978476821192054,6197.1440397351,3.838258196721312,898.0,394.0,513.0,27324.45
22622,BOX OF VINTAGE ALPHABET BLOCKS,4.690397350993377,1711.9950331125829,10.414902723735407,287.0,49.0,82.0,27251.26
20725,LUNCH BAG RED SPOTTY,28.90066225165563,10548.741721854305,1.6314392523364485,1798.0,113.0,315.0,27237.6
22666,RECIPE BOX PANTRY YELLOW DESIGN,15.894039735099337,5801.324503311258,2.953152594887684,991.0,107.0,218.0,27222.52
22077,6 RIBBONS RUSTIC CHARM,26.533112582781456,9684.586092715232,1.7178992805755398,1679.0,76.0,262.0,27031.04
21928,JUMBO BAG SCANDINAVIAN PAISLEY,25.427152317880793,9280.91059602649,1.914484181568088,1557.0,182.0,360.0,26847.1
22659,LUNCH BOX I LOVE LONDON,25.09271523178808,9158.84105960265,1.925752551020408,1542.0,204.0,380.0,26596.719999999998
23245,SET OF 3 REGENCY CAKE TINS,9.675496688741722,3531.556291390729,4.932690707350902,598.0,120.0,188.0,26566.280000000002
23199,JUMBO BAG APPLES,22.971854304635762,8384.726821192053,2.0620027624309394,1426.0,177.0,338.0,26426.3
21977,PACK OF 60 PINK PAISLEY CAKE CASES,90.3841059602649,32990.19867549669,0.5449906425452278,5502.0,440.0,1073.0,26407.35
22467,GUMBALL COAT RACK,18.973509933774835,6925.3311258278145,2.497053191489362,1178.0,98.0,231.0,26149.13
22492,MINI PAINT SET VINTAGE ,68.72019867549669,25082.87251655629,0.6521359223300971,4385.0,547.0,1028.0,25900.19
72741,GRAND CHOCOLATECANDLE,31.927152317880793,11653.41059602649,1.421912832929782,2024.0,216.0,439.0,25895.4
84991,60 TEATIME FAIRY CAKE CASES,87.4635761589404,31924.205298013247,0.5432928847214562,5420.0,282.0,894.0,25785.92
22752,SET 7 BABUSHKA NESTING BOXES,5.41887417218543,1977.889072847682,8.411470085470086,343.0,48.0,86.0,25620.99
22726,ALARM CLOCK BAKELIKE GREEN,11.114238410596027,4056.69701986755,3.781159695817491,732.0,67.0,145.0,24898.96
22386,JUMBO BAG PINK WITH WHITE SPOTS,22.79139072847682,8318.85761589404,1.9206675938803894,1472.0,152.0,312.0,24450.6
85099B,JUMBO BAG RED WHITE SPOTTY ,22.978476821192054,8387.1440397351,1.9092356687898089,1482.0,250.0,411.0,24323.85
23355,HOT WATER BOTTLE KEEP CALM,8.79635761589404,3210.670529801325,4.866142270861833,574.0,76.0,138.0,24302.55
47566B,TEA TIME PARTY BUNTING,9.291390728476822,3391.35761589404,4.725340393343419,599.0,96.0,161.0,24255.3
22149,FELTCRAFT 6 FLOWER FRIENDS,20.155629139072847,7356.804635761589,2.0936026380873867,1326.0,140.0,281.0,24248.29
48138,DOOR MAT UNION FLAG,6.180463576158941,2255.869205298013,7.056379310344828,400.0,45.0,88.0,24216.23
23201,JUMBO BAG ALPHABET,20.75,7573.75,2.0582430647291945,1356.0,148.0,293.0,24160.44
22624,IVORY KITCHEN SCALES,4.827814569536423,1762.1523178807945,8.530816135084429,321.0,18.0,52.0,24137.48
84077,WORLD WAR 2 GLIDERS ASSTD DESIGNS,174.14735099337747,63563.78311258278,0.2619978284473398,11014.0,1390.0,2609.0,24098.03
20972,PINK CREAM FELT CRAFT TRINKET BOX ,33.21854304635762,12124.768211920531,1.2567366720516961,2196.0,163.0,396.0,23812.52
37503,TEA TIME CAKE STAND IN GIFT BOX,3.947019867549669,1440.6622516556292,10.618497854077253,260.0,48.0,76.0,23784.8
84755,COLOUR GLASS T-LIGHT HOLDER HANGING,64.99834437086092,23724.395695364237,0.6429443447037702,4295.0,319.0,774.0,23598.510000000002
20971,PINK BLUE FELT CRAFT TRINKET BOX,33.94039735099338,12388.245033112584,1.2539292730844793,2223.0,351.0,589.0,23554.3
47590A,BLUE HAPPY BIRTHDAY BUNTING,7.75,2828.75,5.431876971608832,510.0,95.0,149.0,23531.47
22697,GREEN REGENCY TEACUP AND SAUCER,14.072847682119205,5136.589403973509,2.928878306878307,936.0,57.0,156.0,23507.24
22866,HAND WARMER SCOTTY DOG DESIGN,19.316225165562916,7050.422185430464,2.0897154471544717,1299.0,97.0,232.0,23436.660000000003
22197,POPCORN HOLDER,51.19039735099338,18684.495033112584,0.8432312404287902,3329.0,691.0,1049.0,23417.51
84836,ZINC METAL HEART DECORATION,32.0,11680.0,1.2495665878644602,2162.0,132.0,356.0,23331.43
21108,FAIRY CAKE FLANNEL ASSORTED COLOUR,20.748344370860927,7573.145695364238,1.9980487804878047,1377.0,953.0,1098.0,23322.62
22551,PLASTERS IN TIN SPACEBOY,24.210264900662253,8836.746688741723,1.6505128205128203,1636.0,117.0,286.0,23194.95
21485,RETROSPOT HEART HOT WATER BOTTLE,8.10430463576159,2958.07119205298,4.938075060532688,547.0,86.0,143.0,23085.53
22507,MEMO BOARD RETROSPOT  DESIGN,8.62251655629139,3147.218543046358,4.923924221921516,565.0,137.0,197.0,23083.44
22084,PAPER CHAIN KIT EMPIRE,13.968543046357615,5098.518211920529,2.906381486676017,937.0,106.0,204.0,23049.95
23173,REGENCY TEAPOT ROSES ,4.4072847682119205,1608.658940397351,9.70313725490196,288.0,155.0,186.0,23033.52
82583,HOT BATHS METAL SIGN,19.531456953642383,7128.98178807947,2.0745758661887694,1311.0,147.0,284.0,23010.120000000003
71459,HANGING JAM JAR T-LIGHT HOLDER,48.43543046357616,17678.9321192053,0.8305875152998776,3262.0,294.0,633.0,22805.99
21930,JUMBO STORAGE BAG SKULLS,20.37251655629139,7435.968543046358,1.9759742828882294,1372.0,97.0,240.0,22795.28
22158,3 HEARTS HANGING DECORATION RUSTIC,13.21523178807947,4823.559602649007,2.9539024390243904,904.0,130.0,223.0,22471.86
22961,JAM MAKING SET PRINTED,26.269867549668874,9588.50165562914,1.4706291390728476,1806.0,155.0,339.0,22328.95
22867,HAND WARMER BIRD DESIGN,18.211920529801326,6647.350993377484,2.1004264392324092,1258.0,90.0,217.0,22168.33
23243,SET OF TEA COFFEE SUGAR TINS PANTRY,7.711920529801325,2814.8509933774835,4.887694300518135,537.0,334.0,388.0,22109.079999999998
82600,NO SINGING METAL SIGN,18.533112582781456,6764.586092715232,2.0697643442622953,1278.0,98.0,228.0,22097.04
84978,HANGING HEART JAR T-LIGHT HOLDER,31.47682119205298,11489.039735099337,1.2278837420526794,2163.0,97.0,317.0,22079.739999999998
22383,LUNCH BAG SUKI  DESIGN ,23.00662251655629,8397.417218543047,1.6415750915750915,1599.0,92.0,253.0,22026.4
21212,PACK OF 72 RETRO SPOT CAKE CASES,74.71688741721854,27271.66390728477,0.5364412510566356,5042.0,303.0,826.0,21838.23
21231,SWEETHEART CERAMIC TRINKET BOX,30.60927152317881,11172.384105960266,1.2468948247078464,2117.0,94.0,308.0,21793.25
21481,FAWN BLUE HOT WATER BOTTLE,12.460264900662251,4547.996688741721,3.1203333333333334,854.0,102.0,189.0,21779.5
20914,SET/5 RED RETROSPOT LID GLASS BOWLS,12.763245033112582,4658.584437086092,2.9468297455968693,889.0,65.0,154.0,21682.030000000002
21212,PACK OF 72 RETROSPOT CAKE CASES,74.04139072847683,27025.10761589404,0.5452838427947598,4978.0,397.0,915.0,21551.8
84946,ANTIQUE SILVER TEA GLASS ETCHED,30.801324503311257,11242.483443708608,1.227171464330413,2140.0,151.0,367.0,21540.440000000002
22734,SET OF 6 RIBBONS VINTAGE CHRISTMAS,14.650662251655628,5347.491721854304,2.7292532467532467,990.0,259.0,362.0,21490.170000000002
22171,3 HOOK PHOTO SHELF ANTIQUE WHITE,4.96523178807947,1812.3096026490066,8.376727941176469,329.0,80.0,115.0,21458.42
22835,HOT WATER BOTTLE I AM SO POORLY,7.678807947019868,2802.764900662252,4.77002444987775,542.0,53.0,107.0,21398.28
22728,ALARM CLOCK BAKELIKE PINK,9.657284768211921,3524.908940397351,3.777695262483995,683.0,128.0,196.0,21369.98
22087,PAPER BUNTING WHITE LACE,12.834437086092715,4684.569536423841,2.891445427728614,900.0,69.0,159.0,21336.350000000002
84406B,CREAM CUPID HEARTS COAT HANGER,11.062913907284768,4037.96357615894,3.38114010989011,773.0,75.0,152.0,21256.0
20749,ASSORTED COLOUR MINI CASES,4.920529801324503,1795.9933774834435,7.783772290809328,340.0,42.0,76.0,21169.64
22607,WOODEN ROUNDERS GARDEN SET ,3.9834437086092715,1453.9569536423842,9.09470588235294,283.0,30.0,58.0,20978.47
22113,GREY HEART HOT WATER BOTTLE,9.309602649006623,3398.004966887417,3.870615711252654,663.0,47.0,112.0,20977.78
22556,PLASTERS IN TIN CIRCUS PARADE ,21.70860927152318,7923.64238410596,1.6515714285714285,1549.0,144.0,296.0,20950.16
22090,PAPER BUNTING RETROSPOT,12.635761589403973,4612.05298013245,2.9078280542986428,891.0,76.0,164.0,20933.24
23202,JUMBO BAG VINTAGE LEAF,17.706953642384107,6463.038079470199,2.078562259306804,1247.0,107.0,231.0,20921.55
84029G,KNITTED UNION FLAG HOT WATER BOTTLE,9.47682119205298,3459.039735099338,3.8243483870967743,672.0,50.0,116.0,20838.9
22605,WOODEN CROQUET GARDEN SET,2.8311258278145695,1033.3609271523178,13.36233151183971,197.0,39.0,59.0,20813.809999999998
22090,PAPER BUNTING RETRO SPOTS,12.574503311258278,4589.693708609271,2.9139837398373984,887.0,133.0,221.0,20723.25
23203,JUMBO BAG VINTAGE DOILY ,17.582781456953644,6417.71523178808,2.061926751592357,1247.0,151.0,274.0,20641.4
21314,SMALL GLASS HEART TRINKET POT,17.29635761589404,6313.170529801324,2.086136680613668,1230.0,179.0,300.0,20588.260000000002
22722,SET OF 6 SPICE TINS PANTRY DESIGN,8.8841059602649,3242.698675496689,3.9170180722891565,643.0,167.0,229.0,20506.300000000003
22554,PLASTERS IN TIN WOODLAND ANIMALS,21.2317880794702,7749.602649006622,1.6482718271827181,1533.0,101.0,250.0,20471.68
22698,PINK REGENCY TEACUP AND SAUCER,12.264900662251655,4476.688741721854,2.925139813581891,875.0,86.0,172.0,20329.640000000003
48184,DOORMAT ENGLISH ROSE ,5.228476821192053,1908.3940397350993,7.711163793103449,352.0,115.0,152.0,20298.8
20711,JUMBO BAG TOYS ,18.751655629139073,6844.354304635762,1.9533382789317506,1324.0,179.0,310.0,20283.78
22969,HOMEMADE JAM SCENTED CANDLES,23.198675496688743,8467.516556291392,1.4492720970537263,1709.0,331.0,493.0,20204.8
37449,CERAMIC CAKE STAND + HANGING CAKES,3.769867549668874,1376.0016556291391,9.582457420924573,268.0,51.0,77.0,20204.579999999998
21790,VINTAGE SNAP CARDS,41.58940397350993,15180.132450331124,0.8475531914893617,2993.0,137.0,428.0,19957.34
22585,PACK OF 6 BIRDY GIFT TAGS,27.788079470198674,10142.649006622516,1.2484327603640042,2015.0,127.0,322.0,19950.85
22139,RETRO SPOT TEA SET CERAMIC 11 PC ,7.125827814569536,2600.927152317881,4.89958393113343,515.0,58.0,108.0,19921.27
84970S,HANGING HEART ZINC T-LIGHT HOLDER,42.03476821192053,15342.690397350992,0.8483304347826086,3007.0,150.0,444.0,19821.96
22083,PAPER CHAIN KIT RETRO SPOT,12.170529801324504,4442.2433774834435,2.897267206477733,876.0,174.0,259.0,19804.550000000003
22617,BAKING SET SPACEBOY DESIGN,6.895695364238411,2516.92880794702,4.9832170978627675,503.0,62.0,110.0,19719.21
22294,HEART FILIGREE DOVE  SMALL,26.920529801324502,9825.993377483443,1.2456292286874153,1986.0,158.0,346.0,19686.6
22941,CHRISTMAS LIGHTS 10 REINDEER,4.117549668874172,1502.905629139073,8.442137592137591,298.0,92.0,121.0,19590.9
22273,FELTCRAFT DOLL MOLLY,11.925496688741722,4352.806291390729,2.947116736990155,859.0,222.0,305.0,19332.93
22570,FELTCRAFT CUSHION RABBIT,8.973509933774835,3275.331125827815,3.7321617647058822,662.0,105.0,168.0,19282.55
21524,DOORMAT SPOTTY HOME SWEET HOME,4.422185430463577,1614.0976821192055,7.825094339622642,321.0,33.0,64.0,19215.5
48188,DOORMAT WELCOME PUPPIES,5.538079470198675,2021.3990066225165,7.803179347826087,360.0,168.0,207.0,19178.670000000002
22625,RED KITCHEN SCALES,3.9072847682119205,1426.158940397351,8.440307298335467,291.0,21.0,48.0,19149.63
21791,VINTAGE HEADS AND TAILS CARD GAME ,26.81953642384106,9789.130794701987,1.2553514526710403,1975.0,155.0,343.0,19147.65
22568,FELTCRAFT CUSHION OWL,8.794701986754967,3210.066225165563,3.759832041343669,653.0,67.0,129.0,19128.13
22569,FELTCRAFT CUSHION BUTTERFLY,8.869205298013245,3237.2599337748343,3.730334302325581,659.0,98.0,160.0,18865.21
22413,METAL SIGN TAKE IT OR LEAVE IT ,11.281456953642385,4117.731788079471,2.942393272962484,836.0,233.0,312.0,18863.02
85150,LADIES & GENTLEMEN METAL SIGN,13.374172185430464,4881.57284768212,2.5220805369127515,984.0,75.0,169.0,18847.98
22693,GROW A FLYTRAP OR SUNFLOWER IN TIN,28.54635761589404,10419.420529801324,1.2356028368794325,2053.0,991.0,1191.0,18798.98
22501,PICNIC BASKET WICKER LARGE,3.402317880794702,1241.8460264900664,9.797122736418512,252.0,46.0,70.0,18794.25
85048,15CM CHRISTMAS GLASS BALL 20 LIGHTS,4.180463576158941,1525.8692052980134,7.75091533180778,314.0,32.0,61.0,18618.75
21622,VINTAGE UNION JACK CUSHION COVER,5.822847682119205,2125.33940397351,4.949712230215828,463.0,126.0,167.0,18495.47
22558,CLOTHES PEGS RETROSPOT PACK 24 ,22.20198675496689,8103.725165562914,1.4597565725413828,1666.0,82.0,237.0,18411.74
21213,PACK OF 72 SKULL CAKE CASES,63.79139072847682,23283.857615894038,0.5392444821731749,4646.0,360.0,807.0,18319.18
22499,WOODEN UNION JACK BUNTING,5.240066225165563,1912.6241721854306,5.9413679245283015,401.0,32.0,69.0,18251.280000000002
23206,LUNCH BAG APPLE DESIGN,19.089403973509935,6967.632450331126,1.6413439635535307,1457.0,104.0,238.0,18220.5
22384,LUNCH BAG PINK POLKADOT,18.86092715231788,6884.238410596026,1.651290322580645,1444.0,74.0,206.0,18207.2
21908,CHOCOLATE THIS WAY METAL SIGN,15.556291390728477,5678.0463576158945,2.107663782447466,1161.0,151.0,260.0,18041.24
84949,SILVER HANGING T-LIGHT HOLDER,19.263245033112582,7031.084437086092,1.632958199356913,1467.0,149.0,284.0,18001.35
21340,CLASSIC METAL BIRDCAGE PLANT HOLDER,2.8178807947019866,1028.526490066225,12.110182291666666,206.0,38.0,58.0,17888.71
22561,WOODEN SCHOOL COLOURING SET,18.473509933774835,6742.8311258278145,1.6494392523364485,1430.0,106.0,235.0,17861.22
21174,POTTERING IN THE SHED METAL SIGN,15.309602649006623,5588.004966887417,1.9918013856812935,1184.0,107.0,214.0,17814.51
22555,PLASTERS IN TIN STRONGMAN,18.29139072847682,6676.35761589404,1.6477445339470655,1423.0,169.0,297.0,17664.44
22456,NATURAL SLATE CHALKBOARD LARGE ,6.6490066225165565,2426.8874172185433,4.880536912751678,499.0,102.0,149.0,17637.16
23344,JUMBO BAG 50'S CHRISTMAS ,14.789735099337749,5398.253311258279,2.070135135135135,1142.0,106.0,210.0,17636.04
22427,ENAMEL FLOWER JUG CREAM,5.031456953642384,1836.48178807947,5.912011331444759,394.0,28.0,63.0,17471.23
21936,RED RETROSPOT PICNIC BAG,10.417218543046358,3802.284768211921,2.938879432624114,804.0,72.0,145.0,17462.96
22061,LARGE CAKE STAND  HANGING STRAWBERY,3.4536423841059603,1260.5794701986754,9.548828828828828,257.0,48.0,72.0,17354.85
22147,FELTCRAFT BUTTERFLY HEARTS,20.869205298013245,7617.259933774834,1.4482816901408448,1622.0,185.0,331.0,17238.05
84947,ANTIQUE SILVER TEA GLASS ENGRAVED,24.880794701986755,9081.490066225166,1.2380069324090122,1915.0,187.0,361.0,17162.93
21479,WHITE SKULL HOT WATER BOTTLE ,7.513245033112582,2742.3344370860927,3.8781432360742705,595.0,71.0,124.0,16917.32
21136,PAINTED METAL PEARS ASSORTED,16.978476821192054,6197.1440397351,1.6879916897506926,1355.0,96.0,215.0,16907.51
22633,HAND WARMER UNION JACK,13.847682119205299,5054.403973509934,2.0868471720818293,1100.0,84.0,181.0,16857.36
22560,TRADITIONAL MODELLING CLAY,23.829470198675498,8697.756622516557,1.251544227886057,1864.0,183.0,350.0,16851.64
84945,MULTI COLOUR SILVER T-LIGHT HOLDER,34.97516556291391,12765.935430463576,0.8471959459459459,2745.0,259.0,504.0,16833.35
23203,JUMBO BAG DOILEY PATTERNS,14.461920529801324,5278.600993377483,2.0462800875273524,1136.0,178.0,279.0,16737.1
22169,FAMILY ALBUM WHITE PICTURE FRAME,3.466887417218543,1265.4139072847681,8.373842105263158,275.0,24.0,48.0,16676.94
22505,MEMO BOARD COTTAGE DESIGN,5.968543046357616,2178.5182119205297,4.918519637462236,471.0,54.0,96.0,16599.89
21218,RED SPOTTY BISCUIT TIN,7.806291390728477,2849.296357615894,3.7139527027027026,619.0,58.0,113.0,16431.45
22847,BREAD BIN DINER STYLE IVORY,1.7367549668874172,633.9155629139073,16.50880459770115,139.0,15.0,27.0,16335.789999999999
84992,72 SWEETHEART FAIRY CAKE CASES,56.18543046357616,20507.6821192053,0.5467901234567901,4330.0,370.0,763.0,16178.47
21527,RED RETROSPOT TRADITIONAL TEAPOT ,3.751655629139073,1369.3543046357615,7.849863813229572,295.0,58.0,84.0,15892.74
21164,HOME SWEET HOME METAL SIGN ,9.667218543046358,3528.534768211921,2.9307278481012657,776.0,121.0,189.0,15888.490000000002
22297,HEART IVORY TRELLIS SMALL,21.422185430463575,7819.097682119204,1.2510660660660662,1768.0,135.0,285.0,15836.59
22424,ENAMEL BREAD BIN CREAM,2.152317880794702,785.5960264900663,12.654785714285715,176.0,22.0,37.0,15621.65
48173C,DOORMAT BLACK FLOCK ,4.6572847682119205,1699.908940397351,7.661408934707905,333.0,171.0,204.0,15618.36
22557,PLASTERS IN TIN VINTAGE PAISLEY ,16.269867549668874,5938.501655629138,1.6611874386653582,1337.0,116.0,230.0,15614.59
22083,PAPER CHAIN KIT RETROSPOT,9.129139072847682,3332.135761589404,2.945646258503402,752.0,55.0,119.0,15411.86
21877,HOME SWEET HOME MUG,22.94039735099338,8373.245033112584,1.314616564417178,1785.0,315.0,476.0,15399.56
22383,LUNCH BAG SUKI DESIGN ,15.844370860927153,5783.195364238411,1.6533224043715846,1322.0,74.0,185.0,15332.9
22690,DOORMAT HOME SWEET HOME BLUE ,4.127483443708609,1506.5314569536424,7.726791044776119,312.0,105.0,134.0,15329.57
71053,WHITE METAL LANTERN,7.129139072847682,2602.135761589404,3.6891666666666665,594.0,50.0,100.0,15309.64
22662,LUNCH BAG DOLLY GIRL DESIGN,16.084437086092716,5870.819536423842,1.6511098527746317,1333.0,95.0,208.0,15305.19
22632,HAND WARMER RED RETROSPOT,12.54635761589404,4579.420529801325,2.091244635193133,1046.0,87.0,175.0,15272.52
84970L,SINGLE HEART ZINC T-LIGHT HOLDER,27.22682119205298,9937.789735099337,0.9765096618357487,2256.0,146.0,337.0,15241.51
21559,STRAWBERRY LUNCH BOX WITH CUTLERY,10.625827814569536,3878.427152317881,2.5467447595561032,873.0,69.0,143.0,15232.34
22296,HEART IVORY TRELLIS LARGE,15.589403973509933,5690.132450331125,1.650894736842105,1313.0,97.0,206.0,15218.08
84946,ANTIQUE SILVER T-LIGHT GLASS,21.438741721854306,7825.140728476822,1.2427746741154562,1774.0,144.0,294.0,15176.42
72760B,VINTAGE CREAM 3 BASKET CAKE STAND,2.7019867549668874,986.225165562914,9.841973094170402,224.0,32.0,51.0,15172.6
20685,DOOR MAT RED SPOT,4.016556291390729,1466.043046357616,7.176531165311653,320.0,73.0,101.0,15093.48
22041,"RECORD FRAME 7"" SINGLE SIZE ",11.332781456953642,4136.465231788079,2.454953560371517,918.0,129.0,208.0,15088.77
21843,RETRO SPOT CAKE STAND,2.369205298013245,864.7599337748345,10.86864406779661,199.0,46.0,63.0,15083.449999999999
84997D,PINK 3 PIECE MINI DOTS CUTLERY SET,6.950331125827814,2536.870860927152,3.73127358490566,583.0,93.0,142.0,15067.14
20719,WOODLAND CHARLOTTE BAG,31.501655629139073,11498.10430463576,0.8416168224299065,2614.0,130.0,351.0,15030.64
22634,CHILDS BREAKFAST SET SPACEBOY ,2.693708609271523,983.2036423841059,9.744635193133048,225.0,22.0,41.0,15021.4
22502,PICNIC BASKET WICKER SMALL,4.94205298013245,1803.8493377483444,5.235726795096322,415.0,33.0,68.0,14945.6
22652,TRAVEL SEWING KIT,15.485099337748345,5652.061258278146,1.6529080932784637,1308.0,171.0,279.0,14859.81
21975,PACK OF 60 DINOSAUR CAKE CASES,51.12748344370861,18661.531456953642,0.548360655737705,4125.0,297.0,655.0,14818.01
85014B,RED/WHITE DOTS RUFFLED UMBRELLA,5.637417218543046,2057.657284768212,5.878016085790884,418.0,225.0,264.0,14796.15
22635,CHILDS BREAKFAST SET DOLLY GIRL ,2.6456953642384105,965.6788079470198,9.789601769911503,222.0,28.0,47.0,14787.949999999999
21430,SET/3 RED GINGHAM ROSE STORAGE BOX,6.902317880794702,2519.3460264900664,3.705662650602409,583.0,78.0,126.0,14719.35
21914,BLUE HARMONICA IN BOX ,19.58609271523179,7148.923841059603,1.2688526570048309,1678.0,98.0,235.0,14667.47
22170,PICTURE FRAME WOOD TRIPLE PORTRAIT,3.8228476821192054,1395.33940397351,6.686,323.0,31.0,58.0,14658.65
17003,BROCADE RING PURSE ,116.02980132450331,42350.877483443706,0.26536895674300254,8933.0,2651.0,3463.0,14640.96
21928,JUMBO BAG SCANDINAVIAN BLUE PAISLEY,12.83774834437086,4685.778145695364,2.0591832229580573,1067.0,159.0,249.0,14626.73
84997B,RED 3 PIECE MINI DOTS CUTLERY SET,6.706953642384106,2448.0380794701987,3.732167381974249,573.0,73.0,120.0,14609.91
21891,TRADITIONAL WOODEN SKIPPING ROPE,19.405629139072847,7083.054635761589,1.3205822416302766,1638.0,242.0,378.0,14603.13
82582,AREA PATROLLED METAL SIGN,12.16225165562914,4439.221854304636,2.096695156695157,1029.0,78.0,163.0,14563.1
84375,SET OF 20 KIDS COOKIE CUTTERS,12.044701986754967,4396.316225165563,2.0890506329113925,1026.0,85.0,169.0,14558.970000000001
20750,RED RETROSPOT MINI CASES,3.346026490066225,1221.299668874172,7.777027027027027,280.0,29.0,52.0,14548.55
22193,RED DINER WALL CLOCK,2.9387417218543046,1072.640728476821,8.479584837545126,251.0,25.0,46.0,14527.09
85014B,RED RETROSPOT UMBRELLA,4.326158940397351,1579.048013245033,6.0464133016627075,361.0,83.0,113.0,14439.12
21889,WOODEN BOX OF DOMINOES,19.54139072847682,7132.60761589404,1.2633558558558557,1680.0,114.0,251.0,14430.66
21258,VICTORIAN SEWING BOX LARGE,2.0347682119205297,742.6903973509933,12.59304347826087,172.0,23.0,37.0,14406.63
22487,WHITE WOOD GARDEN PLANT LADDER,2.5149006622516556,917.9387417218543,9.747543209876543,217.0,8.0,26.0,14256.96
22993,SET OF 4 PANTRY JELLY MOULDS,19.485099337748345,7112.061258278146,1.2570034052213395,1682.0,93.0,229.0,14151.42
22759,SET OF 3 NOTEBOOKS IN PARCEL,14.668874172185431,5354.139072847683,1.6666153846153846,1267.0,140.0,243.0,14138.4
21484,CHICK GREY HOT WATER BOTTLE,6.763245033112582,2468.5844370860927,3.6218540145985405,584.0,36.0,83.0,14071.27
21165,BEWARE OF THE CAT METAL SIGN ,15.033112582781458,5487.086092715232,1.6638770388958593,1284.0,100.0,205.0,14070.08
22619,SET OF 6 SOLDIER SKITTLES,6.228476821192053,2273.3940397350993,3.817216494845361,546.0,57.0,101.0,13950.85
21770,OPEN CLOSED METAL SIGN,4.7947019867549665,1750.0662251655629,4.944509466437178,421.0,146.0,180.0,13926.810000000001
22384,LUNCH BAG PINK RETROSPOT,14.466887417218542,5280.413907284768,1.6429301075268816,1268.0,79.0,180.0,13893.7
84378,SET OF 3 HEART COOKIE CUTTERS,18.223509933774835,6651.5811258278145,1.2920062695924766,1604.0,133.0,261.0,13862.84
22837,HOT WATER BOTTLE BABUSHKA ,5.120860927152318,1869.114238410596,4.617688022284123,450.0,107.0,143.0,13807.25
84997C,BLUE 3 PIECE MINI DOTS CUTLERY SET,6.324503311258278,2308.443708609271,3.737155555555556,556.0,85.0,129.0,13805.16
84997D,CHILDRENS CUTLERY POLKADOT PINK,5.841059602649007,2131.9867549668875,4.172576687116565,505.0,141.0,182.0,13788.300000000001
21380,WOODEN HAPPY BIRTHDAY GARLAND,8.074503311258278,2947.193708609271,2.9560917431192664,706.0,121.0,178.0,13770.150000000001
22606,WOODEN SKITTLES GARDEN SET,1.6920529801324504,617.5993377483444,15.166911764705882,143.0,48.0,60.0,13722.74
35004C,SET OF 3 COLOURED  FLYING DUCKS,4.720198675496689,1722.8725165562914,5.1460698689956335,409.0,91.0,124.0,13577.15
48111,DOORMAT 3 SMILEY CATS,3.7913907284768213,1383.8576158940398,7.597125382262997,302.0,158.0,185.0,13552.78
22940,FELTCRAFT CHRISTMAS FAIRY,5.440397350993377,1985.7450331125829,4.30169946332737,480.0,71.0,109.0,13462.18
21217,RED SPOTTY ROUND CAKE TINS,2.3427152317880795,855.091059602649,9.837559808612438,208.0,18.0,34.0,13458.25
21169,YOU'RE CONFUSING ME METAL SIGN ,14.30794701986755,5222.400662251655,1.661563981042654,1254.0,144.0,244.0,13438.58
47556B,TEA TIME TEA TOWELS ,8.51158940397351,3106.730132450331,2.942092457420925,727.0,397.0,457.0,13363.35
84050,PINK HEART SHAPE EGG FRYING PAN,15.806291390728477,5769.2963576158945,1.6119148936170213,1338.0,166.0,277.0,13316.63
22191,IVORY DINER WALL CLOCK,2.697019867549669,984.4122516556292,8.46265690376569,241.0,72.0,91.0,13271.9
22271,FELTCRAFT DOLL ROSIE,7.854304635761589,2866.82119205298,2.945558739255014,698.0,61.0,116.0,13244.460000000001
79323P,PINK CHERRY LIGHTS,3.698675496688742,1350.0165562913908,6.426086956521739,324.0,56.0,82.0,13198.1
22295,HEART FILIGREE DOVE LARGE,13.508278145695364,4930.521523178808,1.653956043956044,1221.0,95.0,190.0,13184.07
22692,DOORMAT WELCOME TO OUR HOME,3.2036423841059603,1169.3294701986754,7.822369565217391,273.0,68.0,90.0,13103.81
21094,SET/6 RED SPOTTY PAPER PLATES,29.39072847682119,10727.615894039734,0.8274137931034483,2546.0,211.0,417.0,13068.56
23200,JUMBO BAG PEARS,11.140728476821192,4066.365894039735,2.0720718816067656,991.0,116.0,194.0,13034.92
23108,SET OF 10 LED DOLLY LIGHTS,3.629139072847682,1324.635761589404,6.147840909090909,328.0,101.0,126.0,12972.73
23313,VINTAGE CHRISTMAS BUNTING,4.549668874172186,1660.629139072848,4.951311475409836,410.0,59.0,91.0,12960.12
23356,LOVE HOT WATER BOTTLE,3.8493377483443707,1405.0082781456954,5.891176470588236,345.0,58.0,85.0,12954.75
22236,CAKE STAND 3 TIER MAGIC GARDEN,1.7781456953642385,649.023178807947,12.607289002557545,160.0,16.0,28.0,12951.9
22730,ALARM CLOCK BAKELIKE IVORY,5.7135761589403975,2085.4552980132453,3.7518901453958,527.0,60.0,100.0,12951.5
21390,FILIGRIS HEART WITH BUTTERFLY,17.58609271523179,6418.923841059603,1.251943887775551,1601.0,152.0,275.0,12849.14
22173,METAL 4 HOOK HANGER FRENCH CHATEAU,7.513245033112582,2742.3344370860927,2.988861111111111,677.0,51.0,104.0,12846.140000000001
35970,ZINC FOLKART SLEIGH BELLS,12.998344370860927,4744.395695364238,1.7138709677419353,1176.0,97.0,188.0,12806.27
15044A,PINK PAPER PARASOL ,8.102649006622517,2957.466887417219,2.95659793814433,707.0,1097.0,1154.0,12803.78
22621,TRADITIONAL KNITTING NANCY,13.849337748344372,5055.008278145696,1.5821739130434782,1264.0,62.0,159.0,12780.57
21704,BAG 250g SWIRLY MARBLES,27.85430463576159,10166.821192052981,0.8466808510638297,2450.0,555.0,750.0,12750.539999999999
22636,CHILDS BREAKFAST SET CIRCUS PARADE,2.5910596026490067,945.7367549668875,8.418963282937366,237.0,25.0,43.0,12716.380000000001
22352,LUNCH BOX WITH CUTLERY RETROSPOT ,8.82615894039735,3221.548013245033,2.54403400309119,796.0,67.0,129.0,12669.04
22946,WOODEN ADVENT CALENDAR CREAM,1.4387417218543046,525.1407284768212,16.29665071770335,127.0,28.0,38.0,12588.45
22952,60 CAKE CASES VINTAGE CHRISTMAS,41.687086092715234,15215.78642384106,0.5424455205811138,3745.0,287.0,579.0,12556.77
22655,VINTAGE RED KITCHEN CABINET,0.12417218543046357,45.3228476821192,184.23076923076923,11.0,2.0,3.0,12550.0
C2,CARRIAGE,0.41225165562913907,150.47185430463577,50.516129032258064,39.0,0.0,3.0,12546.0
48116,DOORMAT MULTICOLOUR STRIPE,3.763245033112583,1373.5844370860927,7.578549222797928,301.0,205.0,231.0,12541.22
48187,DOOR MAT NEW ENGLAND,3.2334437086092715,1180.2069536423842,7.125791962174941,288.0,47.0,70.0,12520.95
22150,3 STRIPEY MICE FELTCRAFT,11.541390728476822,4212.60761589404,1.9480354706684855,1040.0,119.0,200.0,12515.65
21871,SAVE THE PLANET MUG,18.375827814569536,6707.17715231788,1.2988962108731466,1607.0,273.0,402.0,12515.44
23301,GARDENERS KNEELING PAD KEEP CALM ,12.78476821192053,4666.440397350993,1.6639238845144355,1184.0,76.0,165.0,12463.78
62018,SOMBRERO ,15.80794701986755,5769.900662251655,1.7906504065040652,1269.0,766.0,877.0,12413.8
21259,VICTORIAN SEWING BOX SMALL ,3.5943708609271523,1311.9453642384105,5.924025270758123,333.0,42.0,67.0,12409.960000000001
22749,FELTCRAFT PRINCESS CHARLOTTE DOLL,5.6407284768211925,2058.8658940397354,3.7497784810126586,524.0,44.0,83.0,12407.83
21672,WHITE SPOT RED CERAMIC DRAWER KNOB,17.0364238410596,6218.294701986754,1.2650866141732284,1568.0,105.0,224.0,12354.22
48129,DOORMAT TOPIARY,3.390728476821192,1237.6158940397352,7.785249169435216,282.0,132.0,156.0,12345.7
22766,PHOTO FRAME CORNICE,7.029801324503311,2565.8774834437086,2.9519349315068495,659.0,96.0,145.0,12280.18
22355,CHARLOTTE BAG SUKI DESIGN,25.514900662251655,9312.938741721855,0.84649377593361,2345.0,108.0,287.0,12268.65
22627,MINT KITCHEN SCALES,2.443708609271523,891.9536423841059,8.458121645796064,230.0,13.0,30.0,12219.99
22303,COFFEE MUG APPLES DESIGN,8.791390728476822,3208.85761589404,2.5136798336798334,799.0,97.0,159.0,12179.95
75049L,LARGE CIRCULAR MIRROR MOBILE,22.460264900662253,8197.996688741723,1.11890756302521,1914.0,384.0,541.0,12173.5
21912,VINTAGE SNAKES & LADDERS,5.607615894039735,2046.779801324503,3.7850243111831445,520.0,62.0,101.0,12157.97
22485,SET OF 2 WOODEN MARKET CRATES,1.6473509933774835,601.2831125827814,12.634210526315789,154.0,15.0,27.0,12146.25
22776,SWEETHEART CAKESTAND 3 TIER,2.1390728476821192,780.7615894039735,9.831759656652359,199.0,15.0,30.0,12130.4
22909,SET OF 20 VINTAGE CHRISTMAS NAPKINS,25.456953642384107,9291.7880794702,0.8435448577680525,2347.0,180.0,358.0,12124.119999999999
21669,BLUE STRIPE CERAMIC DRAWER KNOB,16.385761589403973,5980.80298013245,1.2873159509202454,1524.0,95.0,210.0,12115.21
85014A,BLACK/BLUE DOTS RUFFLED UMBRELLA,4.874172185430464,1779.0728476821191,5.8522807017543865,390.0,257.0,291.0,12089.2
85042,ANTIQUE LILY FAIRY LIGHTS,4.417218543046357,1612.2847682119204,4.827192982456141,409.0,62.0,93.0,12081.0
20724,RED RETROSPOT CHARLOTTE BAG,25.112582781456954,9166.092715231789,0.8483025027203482,2324.0,129.0,305.0,12034.8
23207,LUNCH BAG ALPHABET DESIGN,12.471854304635762,4552.226821192054,1.652969696969697,1173.0,110.0,197.0,11994.41
21217,RED RETROSPOT ROUND CAKE TINS,2.0993377483443707,766.2582781456953,9.867613636363636,197.0,37.0,52.0,11983.6
22366,DOORMAT AIRMAIL ,3.216887417218543,1174.1639072847681,7.55490625,279.0,110.0,133.0,11946.53
22553,PLASTERS IN TIN SKULLS,12.190397350993377,4449.495033112583,1.6473941368078175,1162.0,58.0,143.0,11913.75
21535,RED RETROSPOT SMALL MILK JUG,8.183774834437086,2987.0778145695363,2.5351239669421486,768.0,63.0,120.0,11908.050000000001
22846,BREAD BIN DINER STYLE RED ,1.2764900662251655,465.9188741721854,16.35275080906149,119.0,15.0,24.0,11879.06
21888,BINGO SET,5.329470198675497,1945.2566225165565,3.7844745222929936,507.0,48.0,85.0,11877.45
15056P,EDWARDIAN PARASOL PINK,4.033112582781457,1472.0860927152319,5.843975155279503,355.0,152.0,180.0,11872.810000000001
84380,SET OF 3 BUTTERFLY COOKIE CUTTERS,15.880794701986755,5796.490066225166,1.2947439024390244,1496.0,91.0,202.0,11818.65
84212,"ASSORTED FLOWER COLOUR ""LEIS""",40.836092715231786,14905.173841059603,0.6215830115830117,3463.0,939.0,1225.0,11759.77
22584,PACK OF 6 PANNETONE GIFT BOXES,7.935430463576159,2896.432119205298,2.546170634920635,754.0,98.0,154.0,11725.480000000001
21955,DOORMAT UNION JACK GUNS AND ROSES,3.4403973509933774,1255.7450331125829,7.6985559566787005,286.0,148.0,172.0,11722.24
79323W, WHITE CHERRY LIGHTS,3.2880794701986753,1200.1490066225165,6.38287037037037,307.0,46.0,69.0,11697.300000000001
20723,STRAWBERRY CHARLOTTE BAG,24.076158940397352,8787.798013245034,0.8501305220883534,2273.0,103.0,272.0,11654.8
23077,DOUGHNUT LIP GLOSS ,15.963576158940397,5826.705298013245,1.241818181818182,1532.0,160.0,272.0,11615.7
22654,DELUXE SEWING KIT ,3.3857615894039736,1235.8029801324503,5.995225225225226,321.0,39.0,63.0,11611.27
23174,REGENCY SUGAR BOWL GREEN,4.8907284768211925,1785.1158940397352,4.126641791044777,465.0,213.0,247.0,11567.24
21156,RETROSPOT CHILDRENS APRON,10.657284768211921,3889.908940397351,1.9600378787878785,996.0,166.0,241.0,11562.37
22464,HANGING METAL HEART LANTERN,12.2317880794702,4464.602649006622,1.6208231707317073,1174.0,58.0,144.0,11530.56
22838,3 TIER CAKE TIN RED AND CREAM,1.3973509933774835,510.0331125827815,14.759272727272727,131.0,46.0,56.0,11467.38
21668,RED STRIPE CERAMIC DRAWER KNOB,15.548013245033113,5675.024834437087,1.2771014492753623,1491.0,95.0,204.0,11446.75
22804,CANDLEHOLDER PINK HANGING HEART,6.736754966887418,2458.9155629139073,2.9303207547169814,648.0,91.0,138.0,11400.75
22192,BLUE DINER WALL CLOCK,2.2731788079470197,829.7102649006622,8.46060546875,221.0,13.0,29.0,11358.78
47567B,TEA TIME KITCHEN APRON,3.5231788079470197,1285.9602649006622,5.889845679012346,330.0,61.0,86.0,11321.320000000002
21080,SET/20 RED SPOTTY PAPER NAPKINS ,25.107615894039736,9164.279801324503,0.8353797468354429,2342.0,193.0,369.0,11310.21
22207,FRYING PAN UNION FLAG,4.731788079470198,1727.1026490066224,4.2833950617283945,449.0,96.0,129.0,11283.86
22365,DOORMAT RESPECTABLE HOUSE,3.084437086092715,1125.819536423841,7.567049180327869,273.0,135.0,157.0,11282.69
21080,SET/20 RED RETROSPOT PAPER NAPKINS ,23.723509933774835,8659.081125827815,0.839326710816777,2271.0,111.0,277.0,11229.27
22082,RIBBON REEL STRIPES DESIGN ,11.387417218543046,4156.407284768212,1.6613126491646777,1118.0,56.0,136.0,11166.78
20969,RED FLORAL FELTCRAFT SHOULDER BAG,5.1158940397351,1867.3013245033114,3.7783044315992296,497.0,77.0,113.0,11155.41
22623,BOX OF VINTAGE JIGSAW BLOCKS ,3.634105960264901,1326.4486754966888,5.319840637450199,353.0,29.0,54.0,11129.42
22750,FELTCRAFT PRINCESS LOLA DOLL,5.031456953642384,1836.48178807947,3.7577242524916943,494.0,43.0,78.0,11094.51
21906,PHARMACIE FIRST AID TIN,2.718543046357616,992.2682119205298,6.721629392971246,272.0,119.0,138.0,11093.9
22088,PAPER BUNTING COLOURED LACE,6.685430463576159,2440.182119205298,2.904020618556701,648.0,56.0,103.0,11086.900000000001
21485,RED SPOT HEART HOT WATER BOTTLE,3.910596026490066,1427.367549668874,4.884375,382.0,32.0,59.0,11031.1
21673,WHITE SPOT BLUE CERAMIC DRAWER KNOB,15.183774834437086,5542.077814569537,1.2676014109347442,1479.0,114.0,220.0,11022.43
84987,SET OF 36 TEATIME PAPER DOILIES,12.966887417218542,4732.913907284768,1.4528018575851394,1276.0,102.0,193.0,11012.88
22444,GROW YOUR OWN PLANT IN A CAN ,14.834437086092715,5414.569536423841,1.2442249240121581,1475.0,106.0,210.0,10976.56
22151,PLACE SETTING WHITE HEART,44.84271523178808,16367.591059602648,0.42383458646616534,4394.0,354.0,668.0,10910.31
47599A,PINK PARTY BAGS,9.7317880794702,3552.102649006623,2.0658358662613985,927.0,196.0,264.0,10841.48
22301,COFFEE MUG CAT + BIRD DESIGN,7.836092715231788,2860.1738410596026,2.5180982905982905,754.0,100.0,155.0,10831.29
22631,CIRCUS PARADE LUNCH BOX ,9.72019867549669,3547.872516556292,1.940675105485232,956.0,104.0,172.0,10791.83
72351B,SET/6 PINK  BUTTERFLY T-LIGHTS,9.405629139072847,3433.054635761589,2.0678060046189377,911.0,123.0,189.0,10779.640000000001
21671,RED SPOT CERAMIC DRAWER KNOB,14.786423841059603,5397.044701986755,1.2632224168126094,1462.0,100.0,204.0,10762.47
84988,SET OF 72 PINK HEART PAPER DOILIES,12.574503311258278,4589.693708609271,1.457540192926045,1255.0,90.0,178.0,10729.4
35400,WOODEN BOX ADVENT CALENDAR ,2.051324503311258,748.7334437086092,8.884477611940298,205.0,23.0,37.0,10710.1
47591D,PINK FAIRY CAKE CHILDRENS APRON,9.667218543046358,3528.534768211921,1.9555732946298983,950.0,63.0,131.0,10704.21
22667,RECIPE BOX RETROSPOT ,6.3592715231788075,2321.1341059602646,2.9243119266055047,630.0,75.0,120.0,10702.150000000001
21260,FIRST AID TIN,5.579470198675497,2036.5066225165565,3.239438202247191,561.0,123.0,162.0,10675.6
21428,SET3 BOOK BOX GREEN GINGHAM FLOWER ,4.551324503311259,1661.2334437086095,4.186565934065935,445.0,100.0,132.0,10667.05
22950,36 DOILIES VINTAGE CHRISTMAS,12.821192052980132,4679.735099337749,1.44009900990099,1275.0,239.0,329.0,10590.4
22649,STRAWBERRY FAIRY CAKE TEAPOT,3.6473509933774833,1331.2831125827813,4.91810551558753,368.0,26.0,52.0,10577.95
21937,STRAWBERRY   PICNIC BAG,6.293046357615894,2296.9619205298013,2.929324055666004,626.0,75.0,119.0,10572.95
22616,PACK OF 12 LONDON TISSUES ,61.397350993377486,22410.033112582783,0.3112962962962963,6000.0,678.0,1108.0,10519.359999999999
22417,PACK OF 60 SPACEBOY CAKE CASES,34.54801324503311,12610.024834437085,0.5471995708154507,3394.0,189.0,431.0,10465.49
22943,CHRISTMAS LIGHTS 10 VINTAGE BAUBLES,3.73841059602649,1364.5198675496688,4.924930555555556,372.0,70.0,96.0,10432.08
21210,SET OF 72 RETRO SPOT PAPER  DOILIES,12.397350993377483,4525.0331125827815,1.4415555555555555,1253.0,128.0,215.0,10423.199999999999
21844,RED RETROSPOT MUG,6.2698675496688745,2288.5016556291393,2.9018394648829435,628.0,101.0,145.0,10415.650000000001
22988,SOLDIERS EGG CUP ,14.955298013245033,5458.683774834437,1.2571104815864023,1473.0,242.0,347.0,10415.22
21172,PARTY METAL SIGN ,12.324503311258278,4498.443708609271,1.4598536585365853,1241.0,77.0,163.0,10392.72
21868,POTTING SHED TEA MUG,14.519867549668874,5299.751655629138,1.2691862068965516,1445.0,114.0,216.0,10353.86
48185,DOOR MAT FAIRY CAKE,2.7152317880794703,991.0596026490067,7.063793103448275,265.0,47.0,66.0,10347.72
23209,LUNCH BAG VINTAGE DOILY ,10.658940397350994,3890.513245033113,1.6497814207650272,1086.0,76.0,151.0,10347.66
21326,AGED GLASS SILVER T-LIGHT HOLDER,28.1523178807947,10275.596026490066,0.6413443830570903,2830.0,191.0,388.0,10338.6
22580,ADVENT CALENDAR GINGHAM SACK,2.955298013245033,1078.6837748344371,6.002442159383034,300.0,29.0,50.0,10338.230000000001
23209,LUNCH BAG DOILEY PATTERN ,10.723509933774835,3914.081125827815,1.642291220556745,1092.0,88.0,163.0,10323.05
22109,FULL ENGLISH BREAKFAST PLATE,4.754966887417218,1735.5629139072846,3.754683544303797,481.0,55.0,88.0,10321.92
22768,FAMILY PHOTO FRAME CORNICE,1.8443708609271523,673.1953642384105,9.90233644859813,184.0,34.0,47.0,10310.19
21907,I'M ON HOLIDAY METAL SIGN,8.26158940397351,3015.480132450331,2.1022714285714286,847.0,37.0,95.0,10306.150000000001
22729,ALARM CLOCK BAKELIKE ORANGE,4.630794701986755,1690.2400662251655,3.761106719367589,474.0,66.0,98.0,10300.44
22488,NATURAL SLATE RECTANGLE CHALKBOARD,10.683774834437086,3899.5778145695363,1.6465243902439022,1088.0,56.0,131.0,10285.61
22508,DOORSTOP RETROSPOT HEART,4.461920529801325,1628.6009933774835,3.7782020547945203,464.0,135.0,166.0,10283.5
21121,SET/10 RED POLKADOT PARTY CANDLES,14.140728476821192,5161.3658940397345,1.246568848758465,1439.0,170.0,269.0,10238.49
22468,BABUSHKA LIGHTS STRING OF 10,2.698675496688742,985.0165562913908,6.662716417910448,272.0,34.0,53.0,10229.64
22274,FELTCRAFT DOLL EMILY,6.0844370860927155,2220.8195364238413,2.949862778730703,614.0,52.0,95.0,10227.310000000001
22663,JUMBO BAG DOLLY GIRL DESIGN,8.885761589403973,3243.30298013245,2.007666034155598,899.0,79.0,141.0,10206.78
21210,SET OF 72 RETROSPOT PAPER  DOILIES,12.0182119205298,4386.647350993378,1.4581611570247934,1226.0,142.0,226.0,10177.119999999999
23170,REGENCY TEA PLATE ROSES ,10.8658940397351,3966.051324503311,1.657560975609756,1094.0,207.0,283.0,10170.99
21524,DOOR MAT SPOTTY HOME SWEET HOME,2.869205298013245,1047.2599337748345,7.219571984435798,269.0,100.0,120.0,10121.69
22367,CHILDRENS APRON SPACEBOY DESIGN,9.031456953642385,3296.4817880794703,1.9611576011157599,917.0,55.0,118.0,10120.289999999999
22302,COFFEE MUG PEARS  DESIGN,7.960264900662252,2905.4966887417218,2.508022598870056,761.0,173.0,229.0,10043.41
21624,VINTAGE UNION JACK DOORSTOP,2.8311258278145695,1033.3609271523178,5.927301136363636,295.0,151.0,171.0,9987.98
22791,T-LIGHT GLASS FLUTED ANTIQUE,14.400662251655628,5256.241721854304,1.2331531531531532,1460.0,134.0,235.0,9985.630000000001
20828,GLITTER BUTTERFLY CLIPS,6.986754966887418,2550.1655629139073,2.530813953488372,710.0,94.0,143.0,9951.0
23208,LUNCH BAG VINTAGE LEAF DESIGN,10.25,3741.25,1.6450331125827813,1066.0,66.0,138.0,9950.35
23300,GARDENERS KNEELING PAD CUP OF TEA ,10.405629139072847,3798.054635761589,1.665467289719626,1068.0,141.0,214.0,9933.69
21429,RED GINGHAM ROSE JEWELLERY BOX,9.817880794701987,3583.526490066225,1.7133802816901407,1023.0,71.0,140.0,9907.5
21670,BLUE SPOT CERAMIC DRAWER KNOB,13.346026490066226,4871.299668874172,1.2715897435897436,1384.0,89.0,182.0,9894.93
22418,10 COLOUR SPACEBOY PEN,19.688741721854306,7186.390728476822,0.8598319327731092,2044.0,111.0,249.0,9878.1
48111,DOOR MAT 3 SMILEY CATS,2.935430463576159,1071.432119205298,6.942073170731708,278.0,104.0,125.0,9861.69
84997C,CHILDRENS CUTLERY POLKADOT BLUE,4.177152317880795,1524.66059602649,4.119668246445499,430.0,154.0,183.0,9827.25
21833,CAMOUFLAGE LED TORCH,9.81953642384106,3584.130794701987,1.6845562130177514,1031.0,108.0,177.0,9797.310000000001
21982,PACK OF 12 SUKI TISSUES ,51.88741721854305,18938.907284768215,0.3159252336448598,5475.0,2134.0,2497.0,9774.279999999999
22620,4 TRADITIONAL SPINNING TOPS,12.514900662251655,4567.938741721854,1.34949177877429,1301.0,101.0,189.0,9763.68
22834,HAND WARMER BABUSHKA DESIGN,10.559602649006623,3854.254966887417,1.9692525252525255,989.0,123.0,197.0,9747.83
23343,JUMBO BAG VINTAGE CHRISTMAS ,8.120860927152318,2964.114238410596,2.0784223918575067,844.0,103.0,160.0,9742.1
22900, SET 2 TEA TOWELS I LOVE LONDON ,5.812913907284768,2121.71357615894,2.9922318840579707,595.0,162.0,203.0,9726.85
48194,DOOR MAT HEARTS,2.73841059602649,999.5198675496688,7.282553191489361,262.0,95.0,114.0,9715.06
23076,ICE CREAM SUNDAE LIP GLOSS,13.072847682119205,4771.589403973509,1.2449193548387096,1384.0,127.0,219.0,9638.16
21922,UNION STRIPE WITH FRINGE  HAMMOCK,2.119205298013245,773.5099337748345,7.90178247734139,221.0,22.0,37.0,9624.04
84997B,CHILDRENS CUTLERY RETROSPOT RED ,4.125827814569536,1505.9271523178809,4.149827586206897,426.0,118.0,147.0,9603.68
22970,LONDON BUS COFFEE MUG,6.975165562913907,2545.9354304635763,2.4917266187050355,715.0,170.0,219.0,9582.15
21257,VICTORIAN SEWING BOX MEDIUM,2.097682119205298,765.6539735099337,7.93016620498615,220.0,35.0,50.0,9550.49
21086,SET/6 RED SPOTTY PAPER CUPS,26.21523178807947,9568.559602649008,0.6506973058637084,2712.0,231.0,415.0,9513.300000000001
16014,SMALL CHINESE STYLE SCISSOR,48.59933774834437,17738.758278145695,0.39499999999999996,4739.0,3011.0,3351.0,9512.68
22966,GINGERBREAD MAN COOKIE CUTTER,13.155629139072847,4801.804635761589,1.2597431781701445,1381.0,101.0,193.0,9497.91
22795,SWEETHEART RECIPE BOOK STAND,2.4254966887417218,885.3062913907285,6.690886699507389,257.0,23.0,40.0,9465.55
22968,ROSE COTTAGE KEEPSAKE BOX ,1.7152317880794703,626.0596026490067,9.735185185185184,179.0,40.0,52.0,9409.199999999999
21216,"SET 3 RETROSPOT TEA,COFFEE,SUGAR",3.412251655629139,1245.4718543046356,4.898194444444445,357.0,56.0,80.0,9376.67
21974,SET OF 36 PAISLEY FLOWER DOILIES,11.013245033112582,4019.8344370860927,1.465035842293907,1171.0,92.0,169.0,9374.96
20829,GLITTER HANGING BUTTERFLY STRING,7.781456953642384,2840.2317880794703,2.1146135265700483,819.0,145.0,199.0,9350.390000000001
21890,S/6 WOODEN SKITTLES IN COTTON BAG,5.456953642384106,1991.788079470199,3.0644019138755985,570.0,121.0,159.0,9347.16
48184,DOOR MAT ENGLISH ROSE ,2.392384105960265,873.2201986754967,7.1418556701030935,247.0,49.0,66.0,9343.43
84792,ENCHANTED BIRD COATHANGER 5 HOOK,3.6440397350993377,1330.0745033112582,4.621936218678816,379.0,45.0,71.0,9326.33
22064,PINK DOUGHNUT TRINKET POT ,10.288079470198676,3755.149006622517,1.6310975609756098,1073.0,100.0,172.0,9302.1
22656,VINTAGE BLUE KITCHEN CABINET,0.07450331125827815,27.193708609271525,214.86486486486487,8.0,2.0,3.0,9290.0
85099B,RED RETROSPOT JUMBO BAG ,8.829470198675496,3222.756622516556,1.9027173913043476,920.0,230.0,292.0,9289.35
22120,WELCOME  WOODEN BLOCK LETTERS,1.6009933774834437,584.3625827814569,9.864525316455694,172.0,13.0,24.0,9289.2
22740,POLKADOT PEN,18.7135761589404,6830.455298013246,0.8442222222222223,2011.0,419.0,550.0,9276.83
23240,SET OF 4 KNICK KNACK TINS DOILY ,3.7847682119205297,1381.4403973509934,4.137421383647799,409.0,49.0,75.0,9237.3
22668,PINK BABY BUNTING,5.447019867549669,1988.162251655629,2.9567191601049867,580.0,55.0,93.0,9236.86
84880,WHITE WIRE EGG HOLDER,2.76158940397351,1007.9801324503312,6.042553191489362,289.0,52.0,71.0,9227.800000000001
84997D,PINK 3 PIECE POLKADOT CUTLERY SET,4.235099337748345,1545.811258278146,3.7668992248062017,453.0,130.0,160.0,9227.380000000001
22840,ROUND CAKE TIN VINTAGE RED,2.0413907284768213,745.1076158940398,7.911198910081743,217.0,38.0,52.0,9211.630000000001
23171,REGENCY TEA PLATE GREEN ,9.87748344370861,3605.281456953642,1.6725830258302583,1038.0,274.0,343.0,9184.9
22978,PANTRY ROLLING PIN,3.9834437086092715,1453.9569536423842,3.752284263959391,440.0,237.0,265.0,9180.53
21756,BATH BUILDING BLOCK WORD,2.5546357615894038,932.4420529801324,5.987509578544062,279.0,12.0,30.0,9164.78
22694,WICKER STAR ,7.33112582781457,2675.860927152318,2.095890410958904,799.0,38.0,89.0,9115.800000000001
22904,CALENDAR PAPER CUT DESIGN,5.289735099337748,1930.753311258278,2.9624875621890547,571.0,74.0,111.0,9110.29
85014A,BLACK/BLUE POLKADOT UMBRELLA,2.685430463576159,980.182119205298,6.046834733893558,285.0,49.0,68.0,9085.49
82552,WASHROOM METAL SIGN,11.168874172185431,4076.639072847682,1.3575151515151516,1225.0,113.0,191.0,9080.01
22380,TOY TIDY SPACEBOY  ,7.7052980132450335,2812.4337748344374,2.089255898366606,820.0,73.0,127.0,9044.0
22767,TRIPLE PHOTO FRAME CORNICE ,1.6175496688741722,590.4056291390729,9.864785714285714,173.0,35.0,46.0,9035.63
22300,COFFEE MUG DOG + BALL DESIGN,6.495033112582782,2370.687086092715,2.5226987951807227,685.0,97.0,142.0,9021.390000000001
22198,LARGE POPCORN HOLDER ,9.437086092715232,3444.53642384106,1.6365384615384615,1026.0,102.0,168.0,9006.2
23175,REGENCY MILK JUG PINK ,5.069536423841059,1850.3807947019866,3.1948529411764706,538.0,211.0,246.0,8995.0
22179,SET 10 LIGHTS NIGHT OWL,2.3178807947019866,846.0264900662252,6.696843853820598,251.0,33.0,49.0,8990.8
21745,GAOLERS KEYS DECORATIVE GARDEN ,4.420529801324503,1613.4933774834435,3.7442274678111587,464.0,74.0,105.0,8980.54
21735,TWO DOOR CURIO CABINET,1.2665562913907285,462.2930463576159,12.555940594059408,136.0,44.0,53.0,8960.1
22992,REVOLVER WOODEN RULER ,8.135761589403973,2969.55298013245,1.9620819112627985,870.0,194.0,251.0,8944.439999999999
22942,CHRISTMAS LIGHTS 10 SANTAS ,1.955298013245033,713.683774834437,7.815668202764977,214.0,37.0,51.0,8912.95
22429,ENAMEL MEASURING JUG CREAM,3.55794701986755,1298.6506622516556,4.252911153119093,391.0,52.0,77.0,8867.29
85232B,SET/3 RUSSIAN DOLL STACKING TINS,3.089403973509934,1127.632450331126,4.90625,339.0,83.0,105.0,8864.300000000001
47570B,TEA TIME TABLE CLOTH,1.5364238410596027,560.794701986755,10.535714285714286,163.0,46.0,57.0,8852.880000000001
22131,FOOD CONTAINER SET 3 LOVE HEART ,8.22019867549669,3000.372516556292,1.973579766536965,872.0,122.0,180.0,8846.17
22089,PAPER BUNTING VINTAGE PAISLEY,5.291390728476821,1931.3576158940396,2.928325581395349,574.0,64.0,101.0,8842.150000000001
82001S,VINYL RECORD FRAME SILVER,4.2218543046357615,1540.976821192053,3.6587150837988824,459.0,84.0,114.0,8831.2
21892,TRADITIONAL WOODEN CATCH CUP GAME ,12.041390728476822,4395.10761589404,1.269983922829582,1315.0,123.0,207.0,8814.42
22549,PICTURE DOMINOES,10.301324503311259,3759.9834437086092,1.4769090909090907,1128.0,64.0,136.0,8813.74
20970,PINK FLORAL FELTCRAFT SHOULDER BAG,3.978476821192053,1452.1440397350993,3.7577317554240635,440.0,32.0,60.0,8796.77
22144,CHRISTMAS CRAFT LITTLE FRIENDS,7.1009933774834435,2591.8625827814567,2.135970695970696,779.0,55.0,105.0,8790.7
22741,FUNKY DIVA PEN,17.04801324503311,6222.524834437086,0.8526530612244898,1910.0,175.0,294.0,8672.109999999999
21035,SET/2 RED RETROSPOT TEA TOWELS ,4.968543046357616,1813.51821192053,3.2026779661016946,532.0,124.0,159.0,8670.71
21558,SKULL LUNCH BOX WITH CUTLERY ,6.009933774834437,2193.625827814569,2.530040322580645,658.0,56.0,98.0,8643.6
21781,MA CAMPAGNE CUTLERY BOX,0.9850993377483444,359.5612582781457,14.866981132075471,110.0,11.0,18.0,8609.25
22381,TOY TIDY PINK POLKADOT,7.248344370860927,2645.6456953642382,2.114639175257732,791.0,152.0,203.0,8587.48
84997B,RED 3 PIECE RETROSPOT CUTLERY SET,3.910596026490066,1427.367549668874,3.7646341463414634,435.0,94.0,121.0,8574.54
23582,VINTAGE DOILY JUMBO BAG RED ,7.341059602649007,2679.4867549668875,2.0663713080168775,805.0,431.0,482.0,8508.220000000001
23581,JUMBO BAG PAISLEY PARK,7.21523178807947,2633.5596026490066,2.059223300970874,800.0,100.0,151.0,8498.04
22333,RETROSPOT PARTY BAG + STICKER SET,9.149006622516556,3339.387417218543,1.6343181818181818,1011.0,129.0,193.0,8497.18
20724,RED SPOTTY CHARLOTTE BAG,17.629139072847682,6434.635761589404,0.8389455782312926,1958.0,121.0,244.0,8468.4
22947,WOODEN ADVENT CALENDAR RED,1.2798013245033113,467.1274834437086,12.489877300613497,137.0,24.0,33.0,8459.95
21985,PACK OF 12 HEARTS DESIGN TISSUES ,41.003311258278146,14966.208609271524,0.3116064257028112,4900.0,852.0,1139.0,8441.64
79000,MOROCCAN TEA GLASS,18.723509933774835,6834.0811258278145,0.8265465465465466,2033.0,241.0,372.0,8407.609999999999
22381,TOY TIDY PINK RETROSPOT  ,7.0844370860927155,2585.8195364238413,2.0798305084745765,788.0,84.0,134.0,8393.1
22725,ALARM CLOCK BAKELIKE CHOCOLATE,3.751655629139073,1369.3543046357615,3.786193853427896,425.0,39.0,65.0,8367.84
23318,BOX OF 6 MINI VINTAGE CRACKERS,6.03476821192053,2202.6903973509934,2.456955223880597,670.0,89.0,131.0,8345.43
22121,NOEL WOODEN BLOCK LETTERS ,2.3360927152317883,852.6738410596028,5.965637755102041,267.0,43.0,59.0,8343.19
21385,IVORY HANGING DECORATION  HEART,16.79801324503311,6131.274834437086,0.8522413793103448,1897.0,156.0,274.0,8324.58
79323LP,LIGHT PINK CHERRY LIGHTS,2.3509933774834435,858.1125827814569,6.44748427672956,258.0,52.0,68.0,8311.0
22989,SET 2 PANTRY DESIGN TEA TOWELS,4.458609271523179,1627.3923841059604,3.2294637223974765,502.0,115.0,146.0,8310.17
21539,RED RETROSPOT BUTTER DISH,2.8890728476821192,1054.5115894039736,4.912076749435666,328.0,24.0,44.0,8297.550000000001
51008,AFGHAN SLIPPER SOCK PAIR,4.25,1551.25,3.3944444444444444,478.0,235.0,265.0,8251.15
35961,FOLKART ZINC HEART CHRISTMAS DEC,17.6341059602649,6436.448675496688,0.8445566502463054,1952.0,352.0,475.0,8229.67
84839,SWEETHEART KEY CABINET,2.447019867549669,893.1622516556292,6.602727272727273,260.0,66.0,83.0,8201.7
84030E,ENGLISH ROSE HOT WATER BOTTLE,3.3410596026490067,1219.4867549668875,4.252208737864078,379.0,34.0,57.0,8191.91
23319,BOX OF 6 MINI 50'S CRACKERS,5.827814569536423,2127.1523178807947,2.463619302949062,657.0,78.0,119.0,8169.4800000000005
21135,VICTORIAN  METAL POSTCARD SPRING,9.55794701986755,3488.650662251656,1.6795907928388747,1019.0,158.0,225.0,8155.09
23322,LARGE WHITE HEART OF WICKER,4.788079470198675,1747.6490066225165,2.947562862669246,544.0,42.0,76.0,8137.500000000001
22844,VINTAGE CREAM DOG FOOD CONTAINER,1.6390728476821192,598.2615894039735,8.51905027932961,187.0,20.0,31.0,8122.35
23082,SET 6 PAPER TABLE LANTERN HEARTS ,3.7417218543046356,1365.728476821192,3.722639405204461,428.0,54.0,80.0,8110.68
21787,RAIN PONCHO RETROSPOT,16.980132450331126,6197.748344370862,0.8578991596638655,1901.0,675.0,794.0,8096.48
22895,SET OF 2 TEA TOWELS APPLE AND PEARS,4.556291390728477,1663.046357615894,3.107653631284916,517.0,67.0,99.0,8091.740000000001
23078,ICE CREAM PEN LIP GLOSS ,10.938741721854305,3992.640728476821,1.2450704225352112,1266.0,122.0,199.0,8077.31
22812,PACK 3 BOXES CHRISTMAS PANNETONE,7.096026490066225,2590.0496688741723,1.9967621776504298,805.0,81.0,131.0,8066.599999999999
20974,12 PENCILS SMALL TUBE SKULL,21.024834437086092,7674.064569536424,0.648314606741573,2433.0,174.0,321.0,8049.150000000001
21777,RECIPE BOX WITH METAL HEART,1.75,638.75,7.908466453674121,201.0,30.0,42.0,8046.150000000001
22357,KINGS CHOICE BISCUIT TIN,3.1009933774834435,1131.862582781457,4.216677215189874,366.0,173.0,195.0,8044.09
21933,PINK VINTAGE PAISLEY PICNIC BAG,6.26158940397351,2285.480132450331,2.252731092436975,712.0,80.0,124.0,8034.86
22215,CAKE STAND WHITE TWO TIER LACE,1.7036423841059603,621.8294701986755,8.148275862068965,195.0,15.0,27.0,8007.3
23256,CHILDRENS CUTLERY SPACEBOY ,3.2781456953642385,1196.523178807947,4.1516875,380.0,53.0,76.0,7966.08
22751,FELTCRAFT PRINCESS OLIVIA DOLL,3.634105960264901,1326.4486754966888,3.7751674641148325,419.0,62.0,87.0,7965.29
21769,VINTAGE POST OFFICE CABINET,0.20364238410596028,74.3294701986755,77.62666666666667,22.0,24.0,25.0,7954.87
23080,RED METAL BOX TOP SECRET,1.6523178807947019,603.0960264900662,8.358977777777778,190.0,47.0,59.0,7920.78
22771,CLEAR DRAWER KNOB ACRYLIC EDWARDIAN,10.839403973509933,3956.3824503311257,1.246205128205128,1260.0,97.0,173.0,7917.11
21488,RED WHITE SCARF  HOT WATER BOTTLE,3.5711920529801326,1303.4850993377484,3.897712418300654,409.0,72.0,97.0,7914.150000000001
21935,SUKI  SHOULDER BAG,8.312913907284768,3034.21357615894,1.6318543046357616,964.0,85.0,143.0,7898.07
37370,RETRO COFFEE MUGS ASSORTED,11.503311258278146,4198.7086092715235,1.2206267806267805,1311.0,180.0,261.0,7897.5
84997C,BLUE 3 PIECE POLKADOT CUTLERY SET,3.622516556291391,1322.2185430463576,3.7651724137931035,419.0,130.0,155.0,7889.360000000001
20750,RED/WHITE DOT MINI CASES,1.836092715231788,670.1738410596026,7.74601593625498,208.0,34.0,47.0,7859.75
21381,MINI WOODEN HAPPY BIRTHDAY GARLAND,8.100993377483444,2956.862582781457,1.6850387596899226,937.0,190.0,247.0,7845.81
48188,DOOR MAT WELCOME PUPPIES,2.3410596026490067,854.4867549668875,7.0560262008733625,246.0,104.0,120.0,7835.1
21121,SET/10 RED SPOTTY PARTY CANDLES,10.753311258278146,3924.958609271523,1.2457062146892657,1255.0,183.0,258.0,7826.91
21122,SET/10 PINK POLKADOT PARTY CANDLES,10.701986754966887,3906.225165562914,1.2506788511749347,1250.0,146.0,221.0,7807.610000000001
21716,BOYS VINTAGE TIN SEASIDE BUCKET,5.52317880794702,2015.9602649006624,2.521132686084142,632.0,88.0,127.0,7744.58
22078,RIBBON REEL LACE DESIGN ,6.293046357615894,2296.9619205298013,2.0942602040816327,741.0,98.0,142.0,7739.6
21186,WHITE DOVE HONEYCOMB PAPER GARLAND,8.306291390728477,3031.796357615894,1.622142857142857,967.0,133.0,191.0,7729.05
20718,RED SPOTTY SHOPPER BAG,11.024834437086092,4024.0645695364237,1.2361904761904763,1276.0,144.0,221.0,7711.95
22079,RIBBON REEL HEARTS DESIGN ,7.841059602649007,2861.9867549668875,1.6680291970802918,926.0,62.0,117.0,7670.64
21533,RETROSPOT LARGE MILK JUG,2.640728476821192,963.865894039735,4.887974683544304,314.0,36.0,54.0,7592.85
21658,GLASS  BEURRE DISH,3.3228476821192054,1212.83940397351,3.9128409090909098,394.0,29.0,52.0,7590.450000000001
23439,HAND WARMER RED LOVE HEART,6.160596026490066,2248.6175496688743,2.0941709844559586,733.0,77.0,120.0,7574.1
21715,GIRLS VINTAGE TIN SEASIDE BUCKET,5.346026490066225,1951.299668874172,2.5183177570093456,622.0,88.0,125.0,7566.87
21533,RETRO SPOT LARGE MILK JUG,2.6490066225165565,966.8874172185431,4.8888646288209605,314.0,16.0,35.0,7561.6
21098,CHRISTMAS TOILET ROLL,10.647350993377483,3886.283112582781,1.2651981351981352,1239.0,284.0,359.0,7534.29
21874,GIN AND TONIC MUG,10.135761589403973,3699.55298013245,1.2770549450549449,1204.0,190.0,261.0,7509.76
23328,SET 6 SCHOOL MILK BOTTLES IN CRATE,3.415562913907285,1246.680463576159,3.7212280701754383,409.0,71.0,95.0,7495.29
22796,PHOTO FRAME 3 CLASSIC HANGING,1.2764900662251655,465.9188741721854,9.900847457627119,153.0,10.0,19.0,7484.4
21875,KINGS CHOICE MUG,11.061258278145695,4037.359271523179,1.2792987804878049,1256.0,333.0,410.0,7450.17
22327,ROUND SNACK BOXES SET OF 4 SKULLS,4.3509933774834435,1588.112582781457,2.938284518828452,520.0,48.0,78.0,7440.6
85049E,SCANDINAVIAN REDS RIBBONS,9.822847682119205,3585.33940397351,1.2699570815450645,1188.0,54.0,123.0,7427.48
85067,CREAM SWEETHEART WALL CABINET,0.7814569536423841,285.2317880794702,18.510129032258064,88.0,47.0,52.0,7417.259999999999
21523,DOOR MAT FANCY FONT HOME SWEET HOME,1.849337748344371,675.0082781456954,7.22419689119171,216.0,49.0,62.0,7415.39
22212,FOUR HOOK  WHITE LOVEBIRDS,6.1407284768211925,2241.3658940397354,2.1001777059773827,730.0,52.0,95.0,7412.31
22329,ROUND CONTAINER SET OF 5 RETROSPOT,7.872516556291391,2873.468543046358,1.6357482185273158,937.0,93.0,148.0,7408.75
82551,LAUNDRY 15C METAL SIGN,8.857615894039736,3233.0298013245033,1.378086642599278,1083.0,96.0,158.0,7401.59
22466,FAIRY TALE COTTAGE NIGHTLIGHT,6.966887417218543,2542.9139072847684,1.9271929824561402,812.0,201.0,250.0,7389.599999999999
21155,RED RETROSPOT PEG BAG,5.370860927152318,1960.364238410596,2.4446788990825685,633.0,85.0,123.0,7382.05
72807C,SET/3 VANILLA SCENTED CANDLE IN BOX,3.0380794701986753,1108.8990066225165,4.211659751037344,363.0,79.0,100.0,7364.91
22195,LARGE HEART MEASURING SPOONS,7.481788079470198,2730.8526490066224,1.682851711026616,901.0,55.0,107.0,7357.47
21737,SET 3 WICKER LOG BASKETS,0.6572847682119205,239.908940397351,19.729141104294477,78.0,36.0,41.0,7320.15
22275,WEEKEND BAG VINTAGE ROSE PAISLEY,1.4933774834437086,545.0827814569536,8.365789473684211,180.0,23.0,33.0,7315.950000000001
21932,SCANDINAVIAN PAISLEY PICNIC BAG,5.822847682119205,2125.33940397351,2.2228915662650603,691.0,74.0,115.0,7260.76
21035,SET/2 RED SPOTTY TEA TOWELS ,4.193708609271523,1530.703642384106,2.943939393939394,510.0,85.0,114.0,7225.150000000001
22748,POPPY'S PLAYHOUSE KITCHEN,5.791390728476821,2113.8576158940396,2.1130191693290734,707.0,60.0,101.0,7192.01
21531,RED RETROSPOT SUGAR JAM BOWL,5.009933774834437,1828.6258278145694,2.5169811320754714,603.0,56.0,91.0,7179.0
22665,RECIPE BOX BLUE SKETCHBOOK DESIGN,4.197019867549669,1531.912251655629,2.9550097847358123,509.0,40.0,69.0,7172.81
85049A,TRADITIONAL CHRISTMAS RIBBONS,9.605960264900663,3506.175496688742,1.269391304347826,1175.0,80.0,147.0,7171.83
22689,DOORMAT MERRY CHRISTMAS RED ,1.6622516556291391,606.7218543046358,8.246132075471698,192.0,63.0,75.0,7171.64
22890,NOVELTY BISCUITS CAKE STAND 3 TIER,1.2698675496688743,463.5016556291391,9.904848484848484,153.0,21.0,30.0,7164.469999999999
21527,RETRO SPOT TRADITIONAL TEAPOT ,1.5894039735099337,580.1324503311258,7.8154708520179375,193.0,29.0,40.0,7149.0
21411,GINGHAM HEART  DOORSTOP RED,3.216887417218543,1174.1639072847681,4.09412109375,379.0,30.0,53.0,7146.39
23240,SET OF 4 KNICK KNACK TINS DOILEY ,2.9834437086092715,1088.9569536423842,4.1248571428571426,363.0,107.0,128.0,7132.7
21870,I CAN ONLY PLEASE ONE PERSON MUG,9.809602649006623,3580.504966887417,1.237753222836096,1203.0,69.0,138.0,7124.67
23238,SET OF 4 KNICK KNACK TINS LONDON ,2.9387417218543046,1072.640728476821,4.133122362869199,360.0,57.0,78.0,7116.65
21976,PACK OF 60 MUSHROOM CAKE CASES,23.266556291390728,8492.293046357616,0.5469834710743802,2786.0,157.0,320.0,7073.63
22809,SET OF 6 T-LIGHTS SANTA,4.059602649006623,1481.7549668874171,3.035090909090909,494.0,45.0,73.0,7053.760000000001
22628,PICNIC BOXES SET OF 3 RETROSPOT ,2.5082781456953644,915.521523178808,4.927689243027889,305.0,73.0,91.0,7051.25
21463,MIRRORED DISCO BALL ,2.185430463576159,797.682119205298,5.789642857142858,262.0,31.0,46.0,7051.150000000001
20685,DOORMAT RED SPOT,1.7135761589403973,625.455298013245,7.329893048128342,207.0,39.0,51.0,7050.21
23007, SPACEBOY BABY GIFT SET,0.7433774834437086,271.3327814569536,16.513380281690143,91.0,20.0,25.0,7048.549999999999
72351A,SET/6 TURQUOISE BUTTERFLY T-LIGHTS,6.0364238410596025,2203.2947019867547,2.072865168539326,729.0,88.0,130.0,7035.59
22219,LOVEBIRD HANGING DECORATION WHITE ,13.8658940397351,5061.051324503312,0.8538286479250334,1722.0,82.0,179.0,7009.55
84692,BOX OF 24 COCKTAIL PARASOLS,28.64072847682119,10453.865894039734,0.42360433604336045,3513.0,177.0,377.0,6964.39
22371,AIRLINE BAG VINTAGE TOKYO 78,2.519867549668874,919.751655629139,4.801597633136095,309.0,18.0,36.0,6962.48
21497,FANCY FONTS BIRTHDAY WRAP,28.89072847682119,10545.115894039734,0.4176811594202898,3553.0,308.0,510.0,6957.0
23215,JINGLE BELL HEART ANTIQUE SILVER,5.867549668874172,2141.655629139073,2.14015,707.0,242.0,283.0,6955.8
22784,LANTERN CREAM GAZEBO ,2.4403973509933774,890.7450331125827,4.955810397553517,300.0,22.0,39.0,6932.82
48173C,DOOR MAT BLACK FLOCK ,2.019867549668874,737.251655629139,6.999588235294118,229.0,119.0,133.0,6922.9
21114,LAVENDER SCENTED FABRIC HEART,9.256622516556291,3378.667218543046,1.2674309978768579,1155.0,65.0,130.0,6920.43
23320,GIANT 50'S CHRISTMAS CRACKER,4.3509933774834435,1588.112582781457,2.658634920634921,547.0,39.0,69.0,6907.52
85064,CREAM SWEETHEART LETTER RACK,2.5463576158940397,929.4205298013245,5.396820083682009,293.0,148.0,166.0,6897.62
22489,PACK OF 12 TRADITIONAL CRAYONS,28.294701986754966,10327.566225165563,0.4249434571890145,3486.0,211.0,409.0,6889.77
22283,6 EGG HOUSE PAINTED WOOD,1.5281456953642385,557.773178807947,7.942390572390572,187.0,41.0,52.0,6881.6900000000005
21984,PACK OF 12 PINK PAISLEY TISSUES ,41.63907284768212,15198.261589403975,0.3185434173669468,4884.0,2507.0,2798.0,6880.0
85220,SMALL FAIRY CAKE FRIDGE MAGNETS,20.258278145695364,7394.271523178808,1.3,1686.0,17706.0,17848.0,6875.0
22550,HOLIDAY FUN LUDO,3.1804635761589406,1160.8692052980134,3.7895389048991355,391.0,63.0,85.0,6869.0
21981,PACK OF 12 WOODLAND TISSUES ,42.812913907284766,15626.71357615894,0.3123425692695214,5002.0,2389.0,2689.0,6855.19
22745,POPPY'S PLAYHOUSE BEDROOM ,5.513245033112582,2012.3344370860925,2.106820603907638,691.0,63.0,102.0,6820.150000000001
22991,GIRAFFE WOODEN RULER,6.139072847682119,2240.761589403973,2.0506694560669456,739.0,204.0,247.0,6816.84
22356,CHARLOTTE BAG PINK POLKADOT,13.998344370860927,5109.395695364238,0.8589655172413794,1725.0,103.0,201.0,6812.09
21122,SET/10 PINK SPOTTY PARTY CANDLES,9.331125827814569,3405.860927152318,1.2458695652173915,1169.0,139.0,204.0,6807.88
23321,SMALL WHITE HEART OF WICKER,7.056291390728477,2575.546357615894,1.6436241610738254,885.0,40.0,89.0,6798.1
84997A,GREEN 3 PIECE MINI DOTS CUTLERY SET,3.122516556291391,1139.7185430463576,3.730964912280702,391.0,61.0,83.0,6762.54
22243,5 HOOK HANGER RED MAGIC TOADSTOOL,7.402317880794702,2701.8460264900664,1.6327956989247312,910.0,366.0,418.0,6757.95
22563,HAPPY STENCIL CRAFT,9.697019867549669,3539.412251655629,1.2477235772357724,1191.0,159.0,227.0,6756.4
21115,ROSE CARAVAN DOORSTOP,1.9221854304635762,701.5976821192053,6.418603351955308,234.0,35.0,48.0,6753.91
23493,VINTAGE DOILY TRAVEL SEWING KIT,5.821192052980132,2124.735099337748,1.9483240223463687,738.0,75.0,116.0,6736.2
22813,PACK 3 BOXES BIRD PANNETONE ,5.981788079470198,2183.3526490066224,1.9781138790035588,743.0,93.0,135.0,6735.95
23083,SET 6 PAPER TABLE LANTERN STARS ,3.077814569536424,1123.4023178807947,3.761132075471698,386.0,56.0,78.0,6735.88
85065,CREAM SWEETHEART TRAYS,0.9635761589403974,351.70529801324506,12.508620689655173,119.0,17.0,24.0,6734.5
22055,MINI CAKE STAND  HANGING STRAWBERY,7.435430463576159,2713.932119205298,1.5796192384769536,927.0,62.0,114.0,6731.23
22592,CARDHOLDER HOLLY WREATH METAL,3.0033112582781456,1096.208609271523,3.8062450592885377,379.0,121.0,142.0,6730.6
22938,CUPCAKE LACE PAPER SET 6,6.01158940397351,2194.230132450331,1.9313438735177866,754.0,71.0,113.0,6722.629999999999
82580,BATHROOM METAL SIGN,20.850993377483444,7610.612582781458,0.5543829787234043,2620.0,141.0,287.0,6683.860000000001
23297,SET 40 HEART SHAPE PETIT FOUR CASES,7.052980132450331,2574.337748344371,1.6359154929577464,887.0,286.0,335.0,6677.0
22465,HANGING METAL STAR LANTERN,7.160596026490066,2613.6175496688743,1.5987719298245613,904.0,56.0,106.0,6656.83
22085,PAPER CHAIN KIT SKULLS ,4.1092715231788075,1499.8841059602648,2.923834196891192,506.0,195.0,224.0,6651.900000000001
20718,RED RETROSPOT SHOPPER BAG,9.264900662251655,3381.688741721854,1.2611016949152543,1158.0,98.0,163.0,6647.31
10002,INFLATABLE POLITICAL GLOBE ,14.038079470198676,5123.899006622517,0.8409602649006622,1745.0,272.0,370.0,6638.2699999999995
22626,BLACK KITCHEN SCALES,1.3278145695364238,484.6523178807947,8.484852459016393,169.0,17.0,26.0,6619.43
22779,WOODEN OWLS LIGHT GARLAND ,2.8642384105960264,1045.4470198675497,4.198247422680413,353.0,96.0,116.0,6610.1
22618,COOKING SET RETROSPOT,1.1523178807947019,420.5960264900662,9.865644444444444,146.0,19.0,27.0,6609.839999999999
11001,ASSTD DESIGN RACING CAR PEN,7.074503311258278,2582.193708609271,1.7286338797814207,864.0,199.0,249.0,6608.8099999999995
85014D,PINK/BROWN DOTS RUFFLED UMBRELLA,3.165562913907285,1155.430463576159,5.823837209302326,315.0,427.0,449.0,6607.6
21216,"SET 3 RED SPOT TIN TEA,COFFEE,SUGAR",2.3609271523178808,861.7384105960265,4.891908713692946,297.0,50.0,67.0,6605.1
84997A,CHILDRENS CUTLERY POLKADOT GREEN ,2.794701986754967,1020.066225165563,4.1891566265060245,349.0,90.0,110.0,6599.06
21903,MAN FLU METAL SIGN,5.533112582781457,2019.5860927152319,2.154132947976879,685.0,139.0,178.0,6574.380000000001
22567,20 DOLLY PEGS RETROSPOT,8.915562913907285,3254.180463576159,1.2773563218390804,1129.0,126.0,188.0,6568.75
22839,3 TIER CAKE TIN GREEN AND CREAM,0.7880794701986755,287.6490066225166,14.906864864864865,98.0,21.0,27.0,6558.5599999999995
22588,CARD HOLDER GINGHAM HEART,4.206953642384106,1535.538079470199,2.6802227722772276,535.0,41.0,70.0,6539.27
20685,RED SPOTTY COIR DOORMAT,1.8162251655629138,662.9221854304635,6.542987804878049,225.0,69.0,82.0,6538.75
23008,DOLLY GIRL BABY GIFT SET,0.6937086092715232,253.203642384106,16.416666666666668,88.0,21.0,26.0,6534.049999999999
16156S,WRAP PINK FAIRY CAKES ,27.460264900662253,10022.996688741723,0.41529976019184656,3474.0,276.0,468.0,6527.12
23254,CHILDRENS CUTLERY DOLLY GIRL ,2.683774834437086,979.5778145695365,4.142592592592592,344.0,62.0,81.0,6525.55
22349,DOG BOWL CHASING BALL DESIGN,2.794701986754967,1020.066225165563,3.750049504950495,369.0,232.0,252.0,6515.62
22907,PACK OF 20 NAPKINS PANTRY DESIGN,13.478476821192054,4919.6440397351,0.84810888252149,1703.0,93.0,187.0,6497.87
47599B,BLUE PARTY BAGS ,5.697019867549669,2079.412251655629,2.077698113207547,707.0,126.0,166.0,6476.54
22358,KINGS CHOICE TEA CADDY ,3.7847682119205297,1381.4403973509934,2.940951156812339,485.0,39.0,65.0,6468.580000000001
21033,JUMBO BAG CHARLIE AND LOLA TOYS,5.647350993377484,2061.2831125827815,2.5903412969283277,631.0,149.0,189.0,6463.67
23293,SET OF 12 FAIRY CAKE BAKING CASES,13.62251655629139,4972.218543046358,0.8238758029978587,1737.0,163.0,258.0,6457.0
22029,SPACEBOY BIRTHDAY CARD,26.81788079470199,9788.526490066226,0.4181381011097411,3421.0,129.0,317.0,6440.06
22738,RIBBON REEL SNOWY VILLAGE,6.642384105960265,2424.4701986754967,1.6727762039660057,851.0,82.0,128.0,6431.68
21361,LOVE LARGE WOOD LETTERS ,0.859271523178808,313.6341059602649,12.707142857142857,111.0,12.0,18.0,6422.85
23134,LARGE ZINC HEART WALL ORGANISER,1.7615894039735098,642.9801324503311,7.6710810810810806,205.0,314.0,326.0,6414.48
21563,RED HEART SHAPE LOVE BUCKET ,4.4718543046357615,1632.226821192053,2.8496721311475413,535.0,97.0,128.0,6408.870000000001
48129,DOOR MAT TOPIARY,1.6887417218543046,616.3907284768212,7.069526315789473,209.0,66.0,78.0,6407.06
84568,GIRLS ALPHABET IRON ON PATCHES ,54.99503311258278,20073.187086092716,0.205,6997.0,2059.0,2444.0,6399.57
37450,CERAMIC CAKE BOWL + HANGING CAKES,3.869205298013245,1412.2599337748345,2.87625,495.0,33.0,60.0,6398.55
22493,PAINT YOUR OWN CANVAS SET,6.663907284768212,2432.3261589403974,1.6708045977011492,853.0,134.0,181.0,6382.53
22661,CHARLOTTE BAG DOLLY GIRL DESIGN,13.301324503311259,4854.983443708609,0.8435359116022099,1696.0,115.0,208.0,6365.84
20717,STRAWBERRY SHOPPER BAG,8.832781456953642,3223.965231788079,1.2579487179487179,1132.0,106.0,168.0,6353.53
22221,CAKE STAND LOVEBIRD 2 TIER PINK,1.4635761589403973,534.205298013245,9.549280575539568,167.0,114.0,124.0,6339.0
22528,GARDENERS KNEELING PAD,8.879139072847682,3240.885761589404,1.2369977924944813,1145.0,79.0,141.0,6329.83
37448,CERAMIC CAKE DESIGN SPOTTED MUG,7.274834437086093,2655.3145695364237,1.4787750556792874,948.0,46.0,97.0,6308.0199999999995
47502,POLKADOT CUTLERY 24 PCS IN TRAY,1.021523178807947,372.85596026490066,11.591379310344827,127.0,119.0,126.0,6307.15
22783,SET 3 WICKER OVAL BASKETS W LIDS,0.7963576158940397,290.6705298013245,15.383181818181818,97.0,145.0,151.0,6277.17
48116,DOOR MAT MULTICOLOUR STRIPE,1.716887417218543,626.6639072847682,7.0346875,211.0,60.0,72.0,6270.6900000000005
22669,RED BABY BUNTING ,3.584437086092715,1308.319536423841,2.9428783382789323,471.0,30.0,55.0,6266.75
22332,SKULLS PARTY BAG + STICKER SET,6.7301324503311255,2456.4983443708607,1.641715976331361,865.0,206.0,253.0,6264.049999999999
22141,CHRISTMAS CRAFT TREE TOP ANGEL,5.066225165562914,1849.1721854304635,2.135022522522523,658.0,49.0,84.0,6249.280000000001
22360,GLASS JAR ENGLISH CONFECTIONERY,3.781456953642384,1380.23178807947,2.950657894736842,484.0,67.0,93.0,6248.8
23553,LANDMARK FRAME CAMDEN TOWN ,0.9221854304635762,336.5976821192053,12.375,117.0,177.0,183.0,6244.85
22220,CAKE STAND LOVEBIRD 2 TIER WHITE,1.1771523178807948,429.6605960264901,9.41967213114754,151.0,15.0,23.0,6230.049999999999
22798,ANTIQUE GLASS DRESSING TABLE POT,3.596026490066225,1312.549668874172,2.967519379844961,470.0,48.0,73.0,6228.360000000001
21876,POTTERING MUG,8.77980132450331,3204.627483443708,1.314579207920792,1104.0,182.0,243.0,6222.47
22826,LOVE SEAT ANTIQUE WHITE METAL,0.09602649006622517,35.049668874172184,114.02439024390245,12.0,4.0,5.0,6210.0
23382,BOX OF 6 CHRISTMAS CAKE DECORATIONS,2.834437086092715,1034.569536423841,3.710731707317073,373.0,110.0,130.0,6155.04
23229,VINTAGE DONKEY TAIL GAME ,2.8973509933774833,1057.5331125827813,3.786511627906977,374.0,65.0,85.0,6146.89
22780,LIGHT GARLAND BUTTERFILES PINK,2.6771523178807946,977.16059602649,4.1960335195530725,341.0,103.0,122.0,6142.09
22526,WHEELBARROW FOR CHILDREN ,0.8576158940397351,313.02980132450335,12.628882978723404,111.0,31.0,37.0,6133.62
21124,SET/10 BLUE POLKADOT PARTY CANDLES,8.410596026490067,3069.8675496688743,1.2474324324324324,1109.0,150.0,209.0,6131.12
85175,CACTI T-LIGHT CANDLES,25.334437086092716,9247.069536423842,0.4162530413625304,3333.0,212.0,389.0,6128.12
37500,TEA TIME TEAPOT IN GIFT BOX,1.3625827814569536,497.342715231788,8.516866359447004,171.0,38.0,48.0,6126.7699999999995
22577,WOODEN HEART CHRISTMAS SCANDINAVIAN,21.471854304635762,7837.226821192054,0.5788594164456233,2602.0,98.0,248.0,6124.849999999999
82486,3 DRAWER ANTIQUE WHITE WOOD CABINET,1.1705298013245033,427.24337748344374,8.914064171122995,155.0,18.0,26.0,6124.13
23480,MINI LIGHTS WOODLAND MUSHROOMS,2.8427152317880795,1037.591059602649,3.726477272727273,373.0,83.0,103.0,6118.59
20975,12 PENCILS SMALL TUBE RED RETROSPOT,15.716887417218542,5736.663907284768,0.6493617021276595,2102.0,243.0,353.0,6111.650000000001
22432,WATERING CAN PINK BUNNY,5.529801324503311,2018.3774834437086,1.9404694835680751,721.0,58.0,97.0,6110.9
85068,CREAM SWEETHEART SHELF + HOOKS,1.5264900662251655,557.1688741721854,7.726228571428571,190.0,87.0,98.0,6097.56
23541,WALL ART CLASSIC PUDDINGS ,1.359271523178808,496.1341059602649,8.114915254237287,175.0,86.0,96.0,6093.49
22810,SET OF 6 T-LIGHTS SNOWMEN,3.44205298013245,1256.3493377483444,3.043098591549296,454.0,43.0,67.0,6088.130000000001
23103,JINGLE BELL HEART DECORATION,6.091059602649007,2223.2367549668875,1.6481132075471698,821.0,49.0,92.0,6055.95
85047,WHITE BEADED GARLAND STRING 20LIGHT,1.6456953642384107,600.6788079470199,6.299268292682926,218.0,28.0,40.0,6043.099999999999
47591D,PINK FAIRY CAKE CHILD'S APRON,5.504966887417218,2009.3129139072846,1.924900849858357,722.0,66.0,105.0,6032.3099999999995
22582,PACK OF 6 SWEETIE GIFT BOXES,4.071192052980132,1485.9850993377484,2.5454054054054054,540.0,108.0,136.0,6025.360000000001
22945,CHRISTMAS METAL TAGS ASSORTED ,12.200331125827814,4453.1208609271525,0.8664912280701754,1603.0,161.0,246.0,6025.21
22224,WHITE LOVEBIRD LANTERN,3.4850993377483444,1272.0612582781457,2.9200325732899026,467.0,34.0,58.0,6016.950000000001
22174,PHOTO CUBE,6.503311258278146,2373.708609271523,1.6889354838709676,838.0,151.0,197.0,6011.24
22431,WATERING CAN BLUE ELEPHANT,5.263245033112582,1921.0844370860925,1.9602195608782433,700.0,42.0,79.0,6004.75
21201,TROPICAL  HONEYCOMB PAPER GARLAND ,4.352649006622516,1588.7168874172185,2.488095238095238,565.0,105.0,135.0,5980.35
21586,KINGS CHOICE GIANT TUBE MATCHES,4.25,1551.25,2.514669421487603,555.0,97.0,127.0,5977.950000000001
47559B,TEA TIME OVEN GLOVE,8.228476821192054,3003.3940397350993,1.257043618739903,1093.0,48.0,106.0,5977.87
22504,CABIN BAG VINTAGE RETROSPOT,0.445364238410596,162.55794701986756,25.80263157894737,56.0,22.0,25.0,5976.95
23307,SET OF 60 PANTRY DESIGN CAKE CASES ,19.306291390728475,7046.796357615894,0.5563178294573643,2517.0,211.0,346.0,5974.389999999999
21989,PACK OF 20 SKULL PAPER NAPKINS,13.3658940397351,4878.551324503312,0.8409473684210526,1703.0,242.0,336.0,5973.09
21980,PACK OF 12 RED SPOTTY TISSUES ,37.485099337748345,13682.061258278145,0.28902654867256633,4865.0,3120.0,3382.0,5922.509999999999
21124,SET/10 BLUE SPOTTY PARTY CANDLES,8.084437086092715,2950.819536423841,1.2457643312101911,1088.0,131.0,188.0,5921.35
22430,ENAMEL WATERING CAN CREAM,2.1324503311258276,778.344370860927,4.923453947368421,281.0,52.0,67.0,5916.4400000000005
22827,RUSTIC  SEVENTEEN DRAWER SIDEBOARD,0.06291390728476821,22.9635761589404,158.79310344827587,9.0,2.0,2.0,5910.0
21107,CREAM SLICE FLANNEL PINK SPOT ,3.5711920529801326,1303.4850993377484,2.901304347826087,474.0,91.0,116.0,5873.55
22596,CHRISTMAS STAR WISH LIST CHALKBOARD,10.066225165562914,3674.1721854304637,1.0312713936430318,1335.0,85.0,155.0,5853.92
22900,SET 2 TEA TOWELS I LOVE LONDON ,3.2235099337748343,1176.5811258278145,3.2240331491712704,427.0,105.0,128.0,5839.75
22187,GREEN CHRISTMAS TREE CARD HOLDER,3.281456953642384,1197.73178807947,3.384109589041096,421.0,36.0,59.0,5838.0199999999995
22491,PACK OF 12 COLOURED PENCILS,12.12251655629139,4424.718543046358,0.8496438356164384,1614.0,196.0,281.0,5831.36
20676,RED RETROSPOT BOWL,8.311258278145695,3033.609271523179,1.243501326259947,1104.0,86.0,144.0,5827.1900000000005
21746,SMALL RED RETROSPOT WINDMILL,8.105960264900663,2958.675496688742,1.2506268656716417,1088.0,94.0,151.0,5819.32
84884A,ANT WHITE WIRE HEART SPIRAL,2.73841059602649,999.5198675496688,3.937546468401487,356.0,83.0,102.0,5817.66
22354,RETROSPOT PADDED SEAT CUSHION,2.6705298013245033,974.7433774834437,3.751182795698925,360.0,45.0,64.0,5807.77
23172,REGENCY TEA PLATE PINK,6.105960264900662,2228.6754966887415,1.6405357142857142,824.0,76.0,119.0,5793.28
85062,PEARL CRYSTAL PUMPKIN T-LIGHT HLDR,6.039735099337748,2204.5033112582782,1.6487234042553192,818.0,78.0,120.0,5792.07
22979,PANTRY WASHING UP BRUSH,6.478476821192053,2364.6440397350993,1.4965686274509804,889.0,184.0,229.0,5785.71
22435,SET OF 9 HEART SHAPED BALLOONS,7.80794701986755,2849.900662251656,1.2524008810572689,1067.0,59.0,114.0,5783.04
85178,VICTORIAN SEWING KIT,8.764900662251655,3199.188741721854,1.248576923076923,1132.0,204.0,265.0,5777.54
20973,12 PENCIL SMALL TUBE WOODLAND,15.051324503311259,5493.733443708609,0.6578504672897196,2043.0,226.0,331.0,5776.55
23247,BISCUIT TIN 50'S CHRISTMAS,3.390728476821192,1237.6158940397352,2.9715498154981552,456.0,73.0,97.0,5760.52
20754,RETRO RED SPOTTY WASHING UP GLOVES,4.985099337748345,1819.561258278146,2.077020648967552,662.0,84.0,119.0,5747.46
22142,CHRISTMAS CRAFT WHITE FAIRY ,6.771523178807947,2471.6059602649007,1.4831065759637188,913.0,68.0,115.0,5741.94
84032B,CHARLIE + LOLA RED HOT WATER BOTTLE,4.6158940397351,1684.8013245033114,2.7595343137254904,553.0,74.0,106.0,5741.6
22377,BOTTLE BAG RETROSPOT ,5.317880794701987,1941.026490066225,2.033702422145329,691.0,149.0,186.0,5741.29
72802C,VANILLA SCENT CANDLE JEWELLED BOX,3.543046357615894,1293.2119205298013,4.157457627118644,394.0,145.0,170.0,5725.34
21498,RED RETROSPOT WRAP ,23.21523178807947,8473.559602649008,0.41776255707762555,3185.0,158.0,321.0,5724.24
22185,SLATE TILE NATURAL HANGING,6.188741721854305,2258.890728476821,1.6200263852242744,835.0,47.0,90.0,5723.6
23485,BOTANICAL GARDENS WALL CLOCK ,0.4288079470198676,156.51490066225168,24.16,57.0,58.0,61.0,5719.0
22414,DOORMAT NEIGHBOURHOOD WITCH ,1.7268211920529801,630.2897350993377,7.789291338582677,201.0,167.0,179.0,5709.31
22498,WOODEN REGATTA BUNTING,1.640728476821192,598.865894039735,5.943243243243243,224.0,39.0,50.0,5704.45
22130,PARTY CONE CHRISTMAS DECORATION ,11.417218543046358,4167.284768211921,0.8468032786885246,1569.0,96.0,176.0,5704.04
23113,PANTRY CHOPPING BOARD,1.8841059602649006,687.6986754966887,4.92,264.0,513.0,526.0,5695.860000000001
79323W,WHITE CHERRY LIGHTS,1.5927152317880795,581.341059602649,6.431632653061224,213.0,70.0,81.0,5687.5
23296,SET OF 6 TEA TIME BAKING CASES,8.074503311258278,2947.193708609271,1.2395975232198142,1090.0,149.0,206.0,5684.650000000001
21918,SET 12 KIDS COLOUR  CHALK STICKS,23.387417218543046,8536.407284768211,0.4226351351351351,3178.0,286.0,450.0,5681.2
22849,BREAD BIN DINER STYLE MINT,0.6109271523178808,222.98841059602648,16.28795918367347,83.0,13.0,17.0,5676.3099999999995
20751,FUNKY WASHING UP GLOVES ASSORTED,4.529801324503311,1653.3774834437086,2.096177156177156,628.0,36.0,68.0,5652.120000000001
22781,GUMBALL MAGAZINE RACK,1.271523178807947,464.10596026490066,7.659424778761061,174.0,17.0,26.0,5633.54
23204,CHARLOTTE BAG APPLES DESIGN,11.653973509933774,4253.700331125828,0.8429976580796252,1588.0,130.0,212.0,5632.15
21625,VINTAGE UNION JACK APRON,1.3874172185430464,506.407284768212,6.962874493927126,191.0,39.0,49.0,5630.64
85174,S/4 CACTI CANDLES,2.122516556291391,774.7185430463577,4.920632911392405,281.0,35.0,50.0,5606.82
22045,SPACEBOY GIFT WRAP,22.58609271523179,8243.923841059603,0.4188235294117647,3137.0,150.0,308.0,5603.64
22971,QUEENS GUARD COFFEE MUG,3.915562913907285,1429.180463576159,2.5219574468085106,532.0,81.0,108.0,5603.570000000001
22311,OFFICE MUG WARMER BLACK+SILVER ,3.206953642384106,1170.5380794701987,3.386041666666667,416.0,115.0,137.0,5576.95
23311,VINTAGE CHRISTMAS STOCKING ,3.640728476821192,1328.8658940397352,2.545246478873239,511.0,27.0,52.0,5564.25
22364,GLASS JAR DIGESTIVE BISCUITS,3.134105960264901,1143.9486754966888,2.955044247787611,440.0,205.0,227.0,5556.55
21988,PACK OF 6 SKULL PAPER PLATES,12.663907284768213,4622.326158940397,0.8382681564245809,1660.0,283.0,372.0,5544.05
22855,FINE WICKER HEART ,7.635761589403973,2787.05298013245,1.2380571428571427,1061.0,55.0,108.0,5541.56
22063,CERAMIC BOWL WITH STRAWBERRY DESIGN,3.577814569536424,1305.9023178807947,2.8487265917602995,479.0,74.0,99.0,5532.55
23312,VINTAGE CHRISTMAS GIFT SACK,2.2582781456953644,824.271523178808,4.139847715736041,316.0,55.0,71.0,5523.0
22841,ROUND CAKE TIN VINTAGE GREEN,1.1986754966887416,437.5165562913907,7.9456028368794325,166.0,16.0,24.0,5501.08
22348,TEA BAG PLATE RED SPOTTY ,11.367549668874172,4149.1556291390725,0.8450584795321637,1567.0,201.0,281.0,5496.02
21561,DINOSAUR LUNCH BOX WITH CUTLERY,3.8410596026490067,1401.9867549668875,2.5487826086956518,524.0,53.0,80.0,5493.93
84997A,GREEN 3 PIECE POLKADOT CUTLERY SET,2.5149006622516556,917.9387417218543,3.7723376623376628,349.0,113.0,131.0,5473.05
22331,WOODLAND PARTY BAG + STICKER SET,5.728476821192053,2090.8940397350993,1.6479369627507163,796.0,71.0,111.0,5456.36
22065,CHRISTMAS PUDDING TRINKET POT ,13.670529801324504,4989.7433774834435,1.0287896253602307,1557.0,329.0,425.0,5453.99
20979,36 PENCILS TUBE RED RETROSPOT,7.47682119205298,2729.0397350993376,1.2451898734177216,1047.0,90.0,142.0,5450.4400000000005
16161P,WRAP ENGLISH ROSE ,21.850993377483444,7975.612582781458,0.41895454545454547,3085.0,131.0,284.0,5435.4
22148,EASTER CRAFT 4 CHICKS ,4.956953642384106,1809.288079470199,1.9234939759036145,686.0,91.0,126.0,5430.3
21110,LARGE CAKE TOWEL PINK SPOTS,2.0711920529801326,755.9850993377485,6.289055793991416,245.0,44.0,58.0,5426.45
21703,BAG 125g SWIRLY MARBLES,23.65728476821192,8634.90894039735,0.4216523605150214,3200.0,359.0,525.0,5416.09
23118,PARISIENNE JEWELLERY DRAWER ,1.2665562913907285,462.2930463576159,7.4600888888888885,176.0,31.0,40.0,5399.02
21749,LARGE RED SPOT WINDMILL,4.791390728476821,1748.8576158940396,2.048529411764706,653.0,989.0,1023.0,5390.4
23135,SMALL ZINC HEART WALL ORGANISER,2.5463576158940397,929.4205298013245,5.191190476190476,299.0,390.0,408.0,5378.8
23169,CLASSIC GLASS COOKIE JAR,2.205298013245033,804.933774834437,4.114658634538153,313.0,25.0,40.0,5350.2
22848,BREAD BIN DINER STYLE PINK,0.5794701986754967,211.5066225165563,16.194076923076924,81.0,15.0,19.0,5339.95
21768,WALL MOUNTED VINTAGE ORGANISER,0.7400662251655629,270.12417218543044,14.721129032258064,96.0,79.0,84.0,5339.79
21207,SKULL AND CROSSBONES  GARLAND ,5.76158940397351,2102.980132450331,1.6312206572769952,803.0,208.0,248.0,5337.2
37495,FAIRY CAKE BIRTHDAY CANDLE SET,2.4834437086092715,906.4569536423841,3.722318339100346,349.0,29.0,46.0,5337.0
22578,WOODEN STAR CHRISTMAS SCANDINAVIAN,20.165562913907284,7360.430463576158,0.5445114942528735,2600.0,118.0,259.0,5333.28
22168,ORGANISER WOOD ANTIQUE WHITE ,1.0629139072847682,387.9635761589404,8.479801324503311,151.0,19.0,26.0,5323.8
22575,METAL MERRY CHRISTMAS WREATH,4.647350993377484,1696.2831125827815,1.9442122186495177,660.0,66.0,99.0,5321.849999999999
23531,WALL ART BIG LOVE ,1.5894039735099337,580.1324503311258,6.744897959183674,207.0,115.0,126.0,5319.36
21242,RED RETROSPOT PLATE ,5.529801324503311,2018.3774834437086,1.6768131868131868,776.0,89.0,128.0,5310.5199999999995
21432,SET OF 3 CASES WOODLAND DESIGN,1.5347682119205297,560.1903973509933,5.895414847161572,218.0,27.0,38.0,5298.650000000001
22072,RED RETROSPOT TEA CUP AND SAUCER ,2.584437086092715,943.319536423841,3.6098070739549843,361.0,22.0,40.0,5295.57
22746,POPPY'S PLAYHOUSE LIVINGROOM ,4.2864238410596025,1564.544701986755,2.1136695278969957,608.0,67.0,97.0,5292.02
22964,3 PIECE SPACEBOY COOKIE CUTTER SET,4.362582781456954,1592.3427152317881,2.13141975308642,611.0,91.0,122.0,5288.740000000001
22060,LARGE CAKE STAND HANGING HEARTS,1.1821192052980132,431.47350993377484,8.687260273972603,158.0,46.0,54.0,5285.22
21667,GLASS CAKE COVER AND PLATE,0.5447019867549668,198.81622516556288,16.595390070921983,77.0,9.0,13.0,5272.549999999999
22341,LOVE GARLAND PAINTED ZINC ,5.516556291390729,2013.543046357616,1.689432624113475,772.0,359.0,398.0,5252.599999999999
23583,LUNCH BAG PAISLEY PARK  ,5.4718543046357615,1997.226821192053,1.6447540983606557,779.0,99.0,137.0,5251.25
72756,FAIRY CAKE CANDLES,6.3592715231788075,2321.1341059602646,1.4707999999999999,888.0,428.0,473.0,5230.61
22441,GROW YOUR OWN BASIL IN ENAMEL MUG,4.163907284768212,1519.8261589403974,2.0968274111675127,602.0,32.0,61.0,5215.5
22437,SET OF 9 BLACK SKULL BALLOONS,10.483443708609272,3826.456953642384,0.8482191780821917,1502.0,198.0,271.0,5197.6
23192,BUNDLE OF 3 ALPHABET EXERCISE BOOKS,5.412251655629139,1975.4718543046356,1.6541509433962263,773.0,75.0,113.0,5197.17
22854,CREAM SWEETHEART EGG HOLDER,1.8096026490066226,660.5049668874173,4.917889908256881,259.0,36.0,49.0,5177.95
22282,12 EGG HOUSE PAINTED WOOD,0.7864238410596026,287.04470198675494,12.688881118881119,106.0,58.0,64.0,5176.67
21491,SET OF THREE VINTAGE GIFT WRAPS,4.680463576158941,1708.3692052980134,1.925892857142857,666.0,81.0,114.0,5167.049999999999
22460,EMBOSSED GLASS TEALIGHT HOLDER,7.051324503311259,2573.7334437086092,1.2678275862068966,1007.0,86.0,135.0,5162.34
21934,SKULL SHOULDER BAG,5.394039735099338,1968.8245033112585,1.6303468208092486,777.0,67.0,105.0,5155.7
22899,CHILDREN'S APRON DOLLY GIRL ,4.248344370860927,1550.6456953642385,2.117251461988304,605.0,57.0,87.0,5150.78
20676,RED SPOTTY BOWL,7.256622516556291,2648.667218543046,1.2373699421965318,1035.0,83.0,134.0,5145.87
79067,CORONA MEXICAN TRAY,2.4072847682119205,878.658940397351,3.724007220216606,343.0,36.0,53.0,5143.7
23133,LARGE IVORY HEART WALL ORGANISER,1.2566225165562914,458.6672185430464,7.992164179104478,169.0,70.0,79.0,5142.91
22564,ALPHABET STENCIL CRAFT,7.493377483443709,2735.082781456954,1.251884984025559,1045.0,223.0,275.0,5137.01
22660,DOORMAT I LOVE LONDON,1.3758278145695364,502.17715231788077,7.5822972972972975,182.0,88.0,98.0,5136.67
22670,FRENCH WC SIGN BLUE METAL,7.091059602649007,2588.2367549668875,1.258913043478261,1014.0,240.0,290.0,5136.36
84832,ZINC WILLIE WINKIE  CANDLE STICK,10.208609271523178,3726.14238410596,0.8577483443708609,1474.0,70.0,141.0,5127.219999999999
21587,COSY HOUR GIANT TUBE MATCHES,3.3990066225165565,1240.637417218543,2.5415413533834585,494.0,35.0,59.0,5127.15
22333,RETRO SPORT PARTY BAG + STICKER SET,5.5281456953642385,2017.773178807947,1.639041095890411,785.0,220.0,259.0,5122.15
23158,SET OF 5 LUCKY CAT MAGNETS ,4.198675496688741,1532.5165562913905,2.167593582887701,595.0,94.0,123.0,5117.32
21498,RED SPOTS  WRAP ,20.943708609271525,7644.453642384106,0.41711911357340714,3027.0,189.0,336.0,5105.0
21078,SET/20 STRAWBERRY PAPER NAPKINS ,10.82615894039735,3951.548013245033,0.844029304029304,1530.0,88.0,164.0,5097.7699999999995
84520B,PACK 20 ENGLISH ROSE PAPER NAPKINS,10.92384105960265,3987.201986754967,0.8418029739776951,1539.0,132.0,208.0,5096.74
21900,"KEY FOB , SHED",13.299668874172186,4854.3791390728475,0.6635928143712575,1912.0,151.0,244.0,5094.29
22763,KEY CABINET MA CAMPAGNE,1.0678807947019868,389.77649006622516,9.886806722689075,140.0,163.0,170.0,5089.59
85232B,SET OF 3 BABUSHKA STACKING TINS,1.7384105960264902,634.5198675496689,4.930141843971631,254.0,126.0,138.0,5085.5
21154,RED RETROSPOT OVEN GLOVE ,7.19205298013245,2625.099337748344,1.2824147727272728,1012.0,143.0,193.0,5083.88
21452,TOADSTOOL MONEY BOX,2.9188741721854305,1065.3890728476822,2.9428994082840236,425.0,33.0,53.0,5083.250000000001
22483,RED GINGHAM TEDDY BEAR ,3.0,1095.0,2.9489403973509933,431.0,50.0,71.0,5080.68
79029,GLASS HONEYPOT WASP CATCHER,4.716887417218543,1721.6639072847681,1.9288590604026845,668.0,108.0,141.0,5073.15
84971S,SMALL HEART FLOWERS HOOK ,10.274834437086092,3750.3145695364237,0.8506927710843374,1485.0,126.0,198.0,5053.259999999999
22117,METAL SIGN HER DINNER IS SERVED ,2.8543046357615895,1041.8211920529802,2.881377551020408,425.0,189.0,209.0,5051.6
23157,SET OF 6 NATIVITY MAGNETS ,4.188741721854305,1528.890728476821,2.150794701986755,596.0,151.0,180.0,5031.55
23177,TREASURE ISLAND BOOK BOX,4.0198675496688745,1467.2516556291391,2.241705069124424,572.0,193.0,221.0,5029.8
22165,"DIAMANTE HEART SHAPED WALL MIRROR, ",1.2963576158940397,473.1705298013245,11.117265625,146.0,78.0,87.0,5020.41
21242,RED SPOTTY PLATE ,5.190397350993377,1894.4950331125829,1.67834008097166,751.0,96.0,132.0,5015.91
46000S,POLYESTER FILLER PAD 40x40cm,5.7135761589403975,2085.4552980132453,1.45,848.0,48.0,88.0,5003.95
22595,CHRISTMAS GINGHAM HEART,10.140728476821192,3701.365894039735,0.8458333333333332,1479.0,123.0,194.0,5000.33
20975,12 PENCILS SMALL TUBE RED SPOTTY,13.240066225165563,4832.62417218543,0.6487499999999999,1930.0,272.0,365.0,4998.05
35832,WOOLLY HAT SOCK GLOVE ADVENT STRING,2.793046357615894,1019.4619205298013,3.002439024390244,412.0,39.0,59.0,4995.85
21872,GLAMOROUS  MUG,8.331125827814569,3040.860927152318,1.2818118466898956,1089.0,285.0,343.0,4993.0
23132,SMALL IVORY HEART WALL ORGANISER,1.6688741721854305,609.1390728476822,5.735531914893618,230.0,84.0,96.0,4989.08
22951,60 CAKE CASES DOLLY GIRL DESIGN,16.071192052980134,5865.985099337749,0.5584231536926149,2292.0,176.0,288.0,4983.61
22845,VINTAGE CREAM CAT FOOD CONTAINER,1.3758278145695364,502.17715231788077,6.363875432525951,199.0,23.0,33.0,4976.139999999999
22687,DOORMAT CHRISTMAS VILLAGE,1.3857615894039734,505.8029801324503,8.035929203539823,177.0,184.0,194.0,4966.929999999999
40016,CHINESE DRAGON PAPER LANTERNS,25.332781456953644,9246.46523178808,0.44355329949238576,3228.0,651.0,828.0,4961.12
21730,GLASS STAR FROSTED T-LIGHT HOLDER,1.7334437086092715,632.7069536423841,4.919198473282443,254.0,17.0,29.0,4952.09
22030,SWALLOWS GREETING CARD,20.43046357615894,7457.119205298012,0.4184072249589491,2985.0,215.0,358.0,4948.05
22443,GROW YOUR OWN HERBS SET OF 3,1.0728476821192052,391.5894039735099,7.914058577405858,157.0,18.0,26.0,4945.4400000000005
21749,LARGE RED RETROSPOT WINDMILL,4.23841059602649,1547.019867549669,2.076519337016575,610.0,166.0,196.0,4941.0
35004B,SET OF 3 BLACK FLYING DUCKS,2.033112582781457,742.0860927152318,4.660743801652893,282.0,50.0,64.0,4937.8
21528,DAIRY MAID TRADITIONAL TEAPOT ,1.3758278145695364,502.17715231788077,6.866511627906976,191.0,64.0,74.0,4937.650000000001
85038,6 CHOCOLATE LOVE HEART T-LIGHTS,4.142384105960265,1511.970198675497,2.1045578231292517,599.0,74.0,103.0,4935.76
22898,CHILDRENS APRON APPLES DESIGN,4.347682119205298,1586.9039735099336,1.9465811965811965,638.0,47.0,77.0,4934.6
22737,RIBBON REEL CHRISTMAS PRESENT ,4.9635761589403975,1811.705298013245,1.6909326424870466,732.0,50.0,85.0,4925.54
23154,SET OF 4 JAM JAR MAGNETS,4.041390728476821,1475.1076158940396,2.0809589041095893,595.0,85.0,113.0,4922.01
23556,LANDMARK FRAME COVENT GARDEN ,0.7201986754966887,262.8725165562914,12.38076923076923,103.0,181.0,186.0,4912.05
21069,VINTAGE BILLBOARD TEA MUG,8.114238410596027,2961.69701986755,1.232707182320442,1096.0,454.0,511.0,4909.400000000001
22335,HEART DECORATION PAINTED ZINC ,13.301324503311259,4854.983443708609,0.6508571428571429,1931.0,221.0,314.0,4895.1
23310,BUBBLEGUM RING ASSORTED,19.68708609271523,7185.786423841059,0.4292523364485981,2893.0,278.0,416.0,4894.83
22739,RIBBON REEL CHRISTMAS SOCK BAUBLE,4.874172185430464,1779.0728476821191,1.6994300518134715,723.0,49.0,83.0,4893.84
22632,HAND WARMER RED POLKA DOT,4.291390728476821,1566.3576158940396,1.9858695652173914,628.0,1283.0,1313.0,4876.2
22957,SET 3 PAPER VINTAGE CHICK PAPER EGG,2.890728476821192,1055.1158940397352,2.92979797979798,424.0,85.0,105.0,4872.3
22894,TABLECLOTH RED APPLES DESIGN ,0.8956953642384106,326.92880794701983,9.242285714285714,133.0,23.0,29.0,4861.95
21155,RED SPOTTY PEG BAG,4.240066225165563,1547.6241721854306,2.0435714285714286,615.0,99.0,129.0,4858.62
23543,WALL ART KEEP CALM ,1.586092715231788,578.9238410596026,7.835921052631579,192.0,349.0,360.0,4853.5
22378,WALL TIDY RETROSPOT ,5.043046357615894,1840.711920529801,1.9972664359861594,679.0,100.0,135.0,4850.66
22196,SMALL HEART MEASURING SPOONS,9.55794701986755,3488.650662251656,0.8579863481228669,1426.0,71.0,138.0,4850.5
85132C,CHARLIE AND LOLA FIGURES TINS,3.1771523178807946,1159.66059602649,3.81453125,390.0,50.0,72.0,4843.53
22186,RED STAR CARD HOLDER,3.152317880794702,1150.5960264900664,2.6754736842105262,464.0,37.0,59.0,4840.84
22842,BISCUIT TIN VINTAGE RED,1.259933774834437,459.8758278145695,6.659859154929578,186.0,25.0,34.0,4837.55
22534,MAGIC DRAWING SLATE SPACEBOY ,19.83609271523179,7240.173841059603,0.41773584905660377,2944.0,194.0,333.0,4833.3
21832,CHOCOLATE CALCULATOR,4.958609271523179,1809.8923841059604,1.6823076923076923,733.0,94.0,129.0,4833.23
84937,KASHMIR FOLKART TUMBLERS,4.1158940397351,1502.3013245033114,2.0901204819277113,599.0,330.0,359.0,4827.82
22595,GINGHAM HEART DECORATION,9.852649006622517,3596.216887417219,0.86,1446.0,410.0,479.0,4817.33
22156,HEART DECORATION WITH PEARLS ,9.46523178807947,3454.809602649006,0.8554800936768149,1421.0,72.0,138.0,4816.42
23109,PACK OF SIX LED TEA LIGHTS,2.839403973509934,1036.382450331126,2.913728813559322,422.0,67.0,87.0,4808.55
23126,FELTCRAFT GIRL AMELIE KIT,1.6258278145695364,593.4271523178808,5.022217898832685,243.0,18.0,29.0,4799.38
23263,SET OF 3 WOODEN HEART DECORATIONS,6.153973509933775,2246.2003311258277,1.3180143540669855,923.0,43.0,86.0,4791.58
23162,REGENCY TEA STRAINER,2.2549668874172184,823.0629139072847,3.7471830985915493,331.0,59.0,75.0,4789.24
21700,BIG DOUGHNUT FRIDGE MAGNETS,9.4817880794702,3460.852649006623,0.8460365853658537,1430.0,98.0,164.0,4786.83
22610,PENS ASSORTED FUNNY FACE,20.149006622516556,7354.387417218542,0.3729017857142857,3140.0,397.0,538.0,4764.98
84032A,CHARLIE+LOLA PINK HOT WATER BOTTLE,3.774834437086093,1377.814569536424,2.785457142857143,497.0,67.0,93.0,4745.26
23555,LANDMARK FRAME NOTTING HILL ,0.6937086092715232,253.203642384106,12.405102040816328,101.0,186.0,191.0,4730.65
23554,LANDMARK FRAME OXFORD STREET,0.6937086092715232,253.203642384106,12.385185185185184,101.0,177.0,182.0,4730.65
22433,WATERING CAN GREEN DINOSAUR,4.341059602649007,1584.4867549668875,1.9389714285714286,639.0,60.0,90.0,4728.62
22180,RETRO SPOT LAMP,0.8112582781456954,296.10927152317885,9.876271186440677,122.0,12.0,18.0,4718.9
22243,"HOOK, 5 HANGER ,MAGIC TOADSTOOL RED",5.1009933774834435,1861.862582781457,1.634507042253521,755.0,218.0,254.0,4718.849999999999
22906,12 MESSAGE CARDS WITH ENVELOPES,4.900662251655629,1788.7417218543046,1.642876712328767,738.0,55.0,89.0,4716.0
84508A,CAMOUFLAGE DESIGN TEDDY,3.6771523178807946,1342.16059602649,2.4483870967741934,524.0,305.0,331.0,4714.950000000001
85061W,WHITE JEWELLED HEART DECORATION,9.698675496688741,3540.0165562913908,0.8508720930232557,1442.0,178.0,246.0,4714.5199999999995
21588,RETROSPOT GIANT TUBE MATCHES,3.403973509933775,1242.450331125828,2.523243243243243,496.0,139.0,163.0,4713.6
22956,36 FOIL HEART CAKE CASES,4.0364238410596025,1473.294701986755,2.059442060085837,598.0,102.0,130.0,4699.370000000001
82599,FANNY'S REST STOPMETAL SIGN,3.827814569536424,1397.1523178807947,2.0840111420612817,579.0,34.0,61.0,4695.3
23052,RECYCLED ACAPULCO MAT TURQUOISE,0.945364238410596,345.0579470198675,8.246380090497738,145.0,9.0,16.0,4694.75
21056,DOCTOR'S BAG SOFT TOY,0.8692052980132451,317.25993377483445,9.227988826815642,131.0,26.0,32.0,4681.63
37446,MINI CAKE STAND WITH HANGING CAKES,5.788079470198675,2112.6490066225165,1.4208860759493671,862.0,74.0,115.0,4677.4
22244,3 HOOK HANGER MAGIC GARDEN,4.3427152317880795,1585.091059602649,1.9202127659574468,642.0,168.0,198.0,4672.049999999999
23295,SET OF 12 MINI LOAF BAKING CASES,9.862582781456954,3599.842715231788,0.8245753424657534,1477.0,157.0,226.0,4670.63
20682,RED RETROSPOT CHILDRENS UMBRELLA,2.4205298013245033,883.4933774834437,3.2912734082397,366.0,32.0,49.0,4670.16
22412,METAL SIGN NEIGHBOURHOOD WITCH ,3.7847682119205297,1381.4403973509934,2.0911858974358974,575.0,55.0,81.0,4661.1
22399,MAGNETS PACK OF 4 CHILDHOOD MEMORY,6.6158940397351,2414.801324503311,1.238125,988.0,132.0,178.0,4659.84
20978,36 PENCILS TUBE SKULLS,6.27317880794702,2289.7102649006624,1.2471782178217823,958.0,56.0,100.0,4654.17
22434,BALLOON PUMP WITH 10 BALLOONS,4.173841059602649,1523.451986754967,1.9469402985074626,625.0,88.0,117.0,4654.13
22442,GROW YOUR OWN FLOWERS SET OF 3,1.4205298013245033,518.4933774834437,7.1531515151515155,190.0,107.0,117.0,4653.66
21577,SAVE THE PLANET COTTON TOTE BAG,3.6589403973509933,1335.5132450331125,2.2349397590361444,547.0,66.0,92.0,4648.5
22998,TRAVEL CARD WALLET KEEP CALM,19.27980132450331,7037.127483443708,0.42781818181818176,2868.0,295.0,430.0,4641.32
22509,SEWING BOX RETROSPOT DESIGN ,0.6158940397350994,224.80132450331126,14.400867052023122,88.0,10.0,14.0,4640.4
22115,METAL SIGN EMPIRE TEA,4.485099337748345,1637.061258278146,2.1777903682719546,613.0,85.0,116.0,4639.530000000001
23314,VINTAGE CHRISTMAS TABLECLOTH,0.6473509933774835,236.28311258278146,12.439714285714286,97.0,42.0,47.0,4638.52
22175,PINK OWL SOFT TOY,2.73841059602649,999.5198675496688,2.9367340067340066,413.0,50.0,69.0,4622.68
84270,ASSTD DESIGN BUBBLE GUM RING,37.102649006622514,13542.466887417217,0.20935064935064934,5687.0,476.0,736.0,4622.099999999999
22688,DOORMAT PEACE ON EARTH BLUE,1.4172185430463575,517.2847682119206,7.836705882352941,182.0,283.0,293.0,4621.360000000001
21896,POTTING SHED TWINE,3.802980132450331,1388.0877483443708,2.0918340611353714,576.0,161.0,188.0,4618.08
23165,LARGE CERAMIC TOP STORAGE JAR,4.8841059602649,1782.6986754966886,1.6319819819819819,739.0,84.0,118.0,4617.9
22472,TV DINNER TRAY DOLLY GIRL,1.7268211920529801,630.2897350993377,4.844108910891089,255.0,67.0,79.0,4614.57
21407,BROWN CHECK CAT DOORSTOP ,1.8675496688741722,681.6556291390729,4.216012084592145,284.0,19.0,32.0,4606.25
23558,LANDMARK FRAME LONDON BRIDGE ,0.6788079470198676,247.76490066225168,12.401063829787235,100.0,190.0,195.0,4604.2
22691,DOORMAT WELCOME SUNRISE,1.1887417218543046,433.89072847682115,7.752857142857143,167.0,56.0,64.0,4602.26
22562,MONSTERS STENCIL CRAFT,6.5198675496688745,2379.7516556291393,1.2526575342465753,975.0,157.0,203.0,4600.54
21544,SKULLS  WATER TRANSFER TATTOOS ,9.519867549668874,3474.751655629139,0.8446091644204851,1434.0,160.0,227.0,4599.5
22128,PARTY CONES CANDY ASSORTED,6.402317880794702,2336.8460264900664,1.240904255319149,970.0,149.0,194.0,4588.65
85049G,CHOCOLATE BOX RIBBONS ,6.22682119205298,2272.7897350993376,1.2607822410147993,949.0,66.0,110.0,4570.5
21116,OWL DOORSTOP,1.5794701986754967,576.5066225165563,4.94085020242915,242.0,27.0,38.0,4569.54
23234,BISCUIT TIN VINTAGE CHRISTMAS,2.7019867549668874,986.225165562914,2.926051502145923,411.0,65.0,84.0,4567.38
22073,RED RETROSPOT STORAGE JAR,2.076158940397351,757.7980132450332,3.7211999999999996,319.0,22.0,37.0,4566.42
23159,SET OF 5 PANCAKE DAY MAGNETS,3.7334437086092715,1362.7069536423842,2.0822448979591837,572.0,83.0,109.0,4562.7300000000005
22242,"HOOK, 5 HANGER , MAGIC TOADSTOOL",4.804635761589404,1753.6920529801325,1.635781990521327,732.0,90.0,124.0,4560.3
22305,COFFEE MUG PINK PAISLEY DESIGN,3.69205298013245,1347.5993377483444,2.5366666666666666,515.0,215.0,241.0,4559.8
21955,DOOR MAT UNION JACK GUNS AND ROSES,1.2003311258278146,438.12086092715236,7.285818181818183,173.0,68.0,76.0,4547.29
22350,ILLUSTRATED CAT BOWL ,2.8642384105960264,1045.4470198675497,2.5526923076923076,453.0,310.0,330.0,4540.86
23286,BLUE VINTAGE SPOT BEAKER,8.114238410596027,2961.69701986755,0.8464634146341463,1323.0,683.0,740.0,4528.29
22222,CAKE PLATE LOVEBIRD WHITE,2.0182119205298013,736.6473509933775,4.6180134680134675,282.0,27.0,41.0,4512.45
21363,HOME SMALL WOOD LETTERS,1.5082781456953642,550.5215231788079,4.95,236.0,11.0,22.0,4509.45
23569,TRADTIONAL ALPHABET STAMP SET,1.533112582781457,559.5860927152318,4.9455056179775285,238.0,38.0,49.0,4497.3
22119,PEACE WOODEN BLOCK LETTERS,1.240066225165563,452.6241721854305,6.65744827586207,184.0,13.0,22.0,4492.31
21156,RED SPOTTY CHILDS APRON,4.029801324503311,1470.8774834437086,1.9307692307692308,617.0,65.0,93.0,4482.6
47568,ENGLISH ROSE DESIGN PEG BAG,3.7450331125827816,1366.9370860927154,2.08595015576324,572.0,54.0,80.0,4478.78
21713,CITRONELLA CANDLE FLOWERPOT,4.246688741721854,1550.041390728477,2.050757575757576,615.0,58.0,88.0,4472.25
22772,PINK DRAWER KNOB ACRYLIC EDWARDIAN,6.251655629139073,2281.8543046357618,1.2488317757009346,956.0,128.0,172.0,4466.91
22604,SET OF 4 NAPKIN CHARMS CUTLERY,3.1556291390728477,1151.8046357615895,2.5365315315315318,476.0,99.0,121.0,4466.71
20682,RED SPOTTY CHILDS UMBRELLA,2.3675496688741724,864.155629139073,3.2336448598130842,366.0,43.0,60.0,4464.5
22583,PACK OF 6 HANDBAG GIFT BOXES,2.9205298013245033,1065.9933774834437,2.547466216216216,457.0,45.0,65.0,4455.6
85063,CREAM SWEETHEART MAGAZINE RACK,0.4552980132450331,166.1837748344371,16.723333333333333,70.0,7.0,10.0,4455.25
22304,COFFEE MUG BLUE PAISLEY DESIGN,3.857615894039735,1408.0298013245033,2.507957746478873,530.0,216.0,243.0,4455.110000000001
21614,SET OF 12 ROSE BOTANICAL T-LIGHTS,2.660596026490066,971.1175496688742,2.927900552486188,407.0,94.0,113.0,4452.650000000001
22199,FRYING PAN RED POLKADOT ,1.9089403973509933,696.7632450331125,4.212517482517482,288.0,136.0,149.0,4447.21
85184D,S/4 BLUE ROUND DECOUPAGE BOXES,13.7317880794702,5012.102649006622,2.829615384615385,941.0,3332.0,3428.0,4445.139999999999
23010,CIRCUS PARADE BABY GIFT SET,0.4718543046357616,172.226821192053,16.47808988764045,72.0,22.0,25.0,4444.75
21718,RED METAL BEACH SPADE ,6.110927152317881,2230.488410596027,1.2533118971061092,943.0,119.0,162.0,4412.57
22218,CAKE STAND LACE WHITE,1.8427152317880795,672.591059602649,4.192622950819672,283.0,45.0,58.0,4406.75
22027,TEA PARTY BIRTHDAY CARD,17.894039735099337,6531.324503311258,0.42012558869701727,2788.0,95.0,220.0,4395.65
84467,ENGLISH ROSE DESIGN QUILTED THROW,0.5066225165562914,184.91721854304637,21.212222222222223,66.0,35.0,39.0,4391.1
22203,MILK PAN RED RETROSPOT,2.031456953642384,741.4817880794702,3.677158671586716,318.0,72.0,86.0,4386.64
23285,PINK VINTAGE SPOT BEAKER,7.746688741721854,2827.541390728477,0.8465909090909091,1292.0,792.0,846.0,4384.83
22672,FRENCH BATHROOM SIGN BLUE METAL,4.508278145695364,1645.521523178808,1.6521052631578945,706.0,68.0,100.0,4382.67
15044B,BLUE PAPER PARASOL ,2.6887417218543046,981.3907284768212,2.9202702702702705,410.0,188.0,207.0,4376.400000000001
23176,ABC TREASURE BOOK BOX ,3.456953642384106,1261.7880794701987,2.2636898395721925,528.0,149.0,173.0,4373.26
22276,WASH BAG VINTAGE ROSE PAISLEY,2.947019867549669,1075.6622516556292,2.5174342105263157,462.0,37.0,58.0,4372.5
20977,36 PENCILS TUBE WOODLAND,5.80794701986755,2119.900662251656,1.2489473684210526,921.0,44.0,85.0,4357.64
22241,GARLAND WOODEN HAPPY EASTER,6.130794701986755,2237.7400662251657,1.2466060606060605,947.0,111.0,154.0,4354.31
23198,PANTRY MAGNETIC  SHOPPING LIST,5.071192052980132,1850.9850993377484,1.4806544502617802,791.0,47.0,82.0,4341.19
21313,GLASS HEART T-LIGHT HOLDER ,9.640728476821192,3518.865894039735,0.8301538461538461,1456.0,126.0,193.0,4338.75
82581,TOILET METAL SIGN,13.451986754966887,4909.975165562913,0.551616847826087,2110.0,109.0,203.0,4337.97
22571,ROCKING HORSE RED CHRISTMAS ,8.763245033112582,3198.5844370860927,0.8459897172236504,1375.0,83.0,144.0,4336.8099999999995
21471,STRAWBERRY RAFFIA FOOD COVER,2.0281456953642385,740.273178807947,3.729039301310044,315.0,41.0,55.0,4324.95
21071,VINTAGE BILLBOARD DRINK ME MUG,6.591059602649007,2405.7367549668875,1.215830721003135,995.0,202.0,248.0,4299.7
21042,RED SPOTTY APRON ,1.2649006622516556,461.6887417218543,5.913276836158192,198.0,34.0,43.0,4292.3
21243,PINK  SPOTTY PLATE ,4.475165562913907,1633.435430463576,1.6771219512195121,698.0,104.0,135.0,4291.59
23275,SET OF 3 HANGING OWLS OLLIE BEAK,5.981788079470198,2183.3526490066224,1.2882374100719425,921.0,124.0,166.0,4291.17
22318,FIVE HEART HANGING DECORATION,2.4188741721854305,882.8890728476822,2.94448275862069,387.0,18.0,35.0,4281.150000000001
21578,WOODLAND DESIGN  COTTON TOTE BAG,3.1589403973509933,1153.0132450331125,2.242857142857143,507.0,35.0,57.0,4275.0
22374,AIRLINE BAG VINTAGE JET SET RED,1.4801324503311257,540.2483443708609,4.924752186588921,234.0,11.0,21.0,4273.34
21878,PACK OF 6 SANDCASTLE FLAGS ASSORTED,8.91225165562914,3252.971854304636,0.8482372881355932,1385.0,210.0,272.0,4273.17
23288,GREEN VINTAGE SPOT BEAKER,7.458609271523179,2722.3923841059604,0.8485925925925926,1267.0,783.0,835.0,4261.889999999999
15044D,RED PAPER PARASOL,2.556291390728477,933.0463576158941,2.9333684210526316,399.0,63.0,81.0,4252.84
22908,PACK OF 20 NAPKINS RED APPLES,8.990066225165563,3281.374172185431,0.8457894736842104,1393.0,110.0,173.0,4246.44
21967,PACK OF 12 SKULL TISSUES,25.577814569536425,9335.902317880795,0.30553191489361703,3909.0,1266.0,1445.0,4246.29
22593,CHRISTMAS GINGHAM STAR,8.389072847682119,3062.011589403973,0.875335463258786,1323.0,83.0,142.0,4246.11
23503,PLAYING CARDS KEEP CALM & CARRY ON,5.682119205298013,2073.973509933775,1.24811377245509,912.0,47.0,87.0,4242.96
22361,GLASS JAR DAISY FRESH COTTON WOOL,2.5413907284768213,927.6076158940398,2.9243396226415097,398.0,61.0,79.0,4242.650000000001
21564,PINK  HEART SHAPE LOVE BUCKET ,3.140728476821192,1146.3658940397352,2.8632549019607842,447.0,94.0,116.0,4237.47
22110,BIRD HOUSE HOT WATER BOTTLE,3.089403973509934,1127.632450331126,2.6974850299401196,457.0,57.0,79.0,4233.11
22611,VINTAGE UNION JACK SHOPPING BAG,1.4834437086092715,541.4569536423841,4.908157894736842,235.0,26.0,36.0,4227.6
21249,WOODLAND  HEIGHT CHART STICKERS ,2.5711920529801326,938.4850993377485,2.9090957446808514,402.0,58.0,76.0,4215.35
20747,PICCADILLY TEA SET,0.5115894039735099,186.73013245033113,14.729999999999999,80.0,36.0,40.0,4212.55
21916,SET 12 RETRO WHITE CHALK STICKS,17.246688741721854,6295.0413907284765,0.42477231329690346,2722.0,185.0,306.0,4211.9800000000005
23530,WALL ART ONLY ONE PERSON ,1.7069536423841059,623.0380794701987,4.749178082191781,256.0,120.0,132.0,4211.55
23494,VINTAGE DOILY DELUXE SEWING KIT ,1.195364238410596,436.3079470198675,5.933050847457627,192.0,26.0,34.0,4194.900000000001
21506,"FANCY FONT BIRTHDAY CARD, ",17.2682119205298,6302.897350993378,0.4175824175824176,2747.0,161.0,282.0,4186.92
23167,SMALL CERAMIC TOP STORAGE JAR ,9.380794701986755,3423.9900662251657,0.8270652173913042,1439.0,470.0,536.0,4184.18
22801,ANTIQUE GLASS PEDESTAL BOWL,1.8940397350993377,691.3245033112582,3.760214592274678,303.0,32.0,45.0,4175.85
22367,CHILDS APRON SPACEBOY DESIGN,3.7201986754966887,1357.8725165562914,1.9340206185567008,592.0,43.0,69.0,4174.35
22348,TEA BAG PLATE RED RETROSPOT,8.332781456953642,3041.465231788079,0.8608938547486034,1329.0,132.0,190.0,4171.19
22653,BUTTON BOX ,3.6390728476821192,1328.2615894039736,1.9430769230769231,585.0,87.0,112.0,4158.36
22180,RETROSPOT LAMP,0.7019867549668874,256.2251655629139,9.917955801104972,114.0,9.0,14.0,4149.2
22299,PIG KEYRING WITH LIGHT & SOUND ,6.283112582781457,2293.3360927152316,1.176875,987.0,177.0,221.0,4147.69
20677,PINK POLKADOT BOWL,5.8990066225165565,2153.1374172185433,1.2566548042704626,926.0,85.0,126.0,4147.58
15060B,FAIRY CAKE DESIGN UMBRELLA,1.8824503311258278,687.0943708609271,3.7656204379562044,302.0,24.0,37.0,4138.17
23389,SPACEBOY MINI BACKPACK,1.705298013245033,622.433774834437,4.142118226600985,274.0,54.0,66.0,4134.5
21590,KINGS CHOICE CIGAR BOX MATCHES ,5.69205298013245,2077.599337748344,1.2460553633217994,913.0,109.0,149.0,4128.78
21609,SET 12 LAVENDER  BOTANICAL T-LIGHTS,2.4619205298013247,898.6009933774835,2.925,392.0,67.0,84.0,4127.450000000001
21591,COSY HOUR CIGAR BOX MATCHES ,5.504966887417218,2009.3129139072846,1.248970189701897,897.0,55.0,94.0,4124.33
79341,WILLOW BRANCH LIGHTS.,1.163907284768212,424.82615894039736,6.628125,179.0,163.0,171.0,4121.25
23404,HOME SWEET HOME BLACKBOARD,1.6043046357615893,585.5711920529801,4.863676470588236,245.0,78.0,89.0,4108.58
48189,DOORMAT FRIENDSHIP ,1.3162251655629138,480.4221854304635,7.27448275862069,182.0,239.0,248.0,4099.43
22476,EMPIRE UNION JACK TV DINNER TRAY,2.021523178807947,737.8559602649005,4.943121693121693,273.0,192.0,206.0,4079.47
22070,SMALL RED RETROSPOT MUG IN BOX ,2.3609271523178808,861.7384105960265,3.808693467336683,336.0,83.0,100.0,4078.51
22426,ENAMEL WASH BOWL CREAM,1.9569536423841059,714.2880794701987,3.677007299270073,312.0,22.0,36.0,4073.3
21534,DAIRY MAID LARGE MILK JUG,1.4089403973509933,514.2632450331125,4.914765100671142,229.0,12.0,22.0,4071.75
23397,FOOT STOOL HOME SWEET HOME ,0.7185430463576159,262.2682119205298,9.84772727272727,115.0,16.0,21.0,4069.9
23241,TREASURE TIN GYMKHANA DESIGN,3.3195364238410594,1211.6307947019866,2.0751916376306623,540.0,68.0,91.0,4060.0
21474,SWEETHEART CREAM STEEL FOLDIN BENCH,0.3360927152317881,122.67384105960265,19.95,55.0,6.0,8.0,4049.85
10135,COLOURING PENCILS BROWN TUBE,6.435430463576159,2348.932119205298,1.2218650793650794,980.0,208.0,253.0,4048.14
22760,"TRAY, BREAKFAST IN BED",0.5579470198675497,203.65066225165563,12.522815533980582,90.0,27.0,31.0,4041.1499999999996
22075,6 RIBBONS ELEGANT CHRISTMAS ,4.637417218543046,1692.6572847682119,1.5908429118773946,729.0,93.0,125.0,4031.27
22601,CHRISTMAS RETROSPOT ANGEL WOOD,8.150662251655628,2974.991721854304,0.8705671641791044,1307.0,166.0,223.0,4016.0699999999997
22833,HALL CABINET WITH 3 DRAWERS,0.19536423841059603,71.30794701986756,43.27090909090909,29.0,99.0,100.0,4013.59
22127,PARTY CONES CARNIVAL ASSORTED,5.703642384105961,2081.8294701986756,1.2398666666666667,916.0,250.0,290.0,3998.45
21355,TOAST ITS - I LOVE YOU ,5.5281456953642385,2017.773178807947,1.2429078014184398,901.0,132.0,171.0,3982.15
22574,HEART WOODEN CHRISTMAS DECORATION,7.754966887417218,2830.562913907285,0.8735987261146497,1273.0,95.0,149.0,3980.62
21535,RETRO SPOT SMALL MILK JUG,2.7102649006622515,989.2466887417218,2.5357142857142856,442.0,44.0,63.0,3969.15
22959,WRAP CHRISTMAS VILLAGE,15.998344370860927,5839.395695364238,0.4180782918149466,2643.0,151.0,263.0,3950.46
23163,REGENCY SUGAR TONGS,2.837748344370861,1035.7781456953644,2.4349253731343286,461.0,65.0,85.0,3949.7000000000003
22053,EMPIRE DESIGN ROSETTE,7.4801324503311255,2730.2483443708607,1.2406060606060605,1049.0,2095.0,2147.0,3948.92
22721,SET OF 3 CAKE TINS SKETCHBOOK,1.5033112582781456,548.7086092715232,4.831295546558704,238.0,31.0,42.0,3942.82
23129,HEART SHAPED HOLLY WREATH,1.5596026490066226,569.2549668874173,4.418727272727273,254.0,38.0,49.0,3933.1800000000003
22851,SET 20 NAPKINS FAIRY CAKES DESIGN ,8.264900662251655,3016.688741721854,0.853,1330.0,81.0,139.0,3931.8599999999997
20982,12 PENCILS TALL TUBE SKULLS,7.617549668874172,2780.405629139073,0.8489516129032257,1280.0,47.0,100.0,3899.93
22278,OVERNIGHT BAG VINTAGE ROSE PAISLEY,1.3228476821192052,482.8394039735099,4.9471311475409845,221.0,25.0,34.0,3899.05
22474,SPACEBOY TV DINNER TRAY,1.4701986754966887,536.6225165562914,4.767526315789474,237.0,67.0,77.0,3898.44
85132A,CHARLIE + LOLA BISCUITS TINS,1.9586092715231789,714.8923841059603,5.674013605442177,251.0,51.0,65.0,3896.65
22612,TEA COSY VINTAGE UNION JACK,1.6357615894039734,597.0529801324503,3.746938775510204,282.0,189.0,200.0,3885.93
72807B,SET/3 OCEAN SCENT CANDLE JEWEL BOX,1.5811258278145695,577.1109271523178,4.218192771084338,262.0,48.0,59.0,3884.51
22790,"MIRROR, ARCHED GEORGIAN",0.33112582781456956,120.86092715231788,19.42,56.0,0.0,2.0,3884.000000000001
20677,PINK SPOTTY BOWL,5.504966887417218,2009.3129139072846,1.238037037037037,901.0,91.0,130.0,3882.65
20979,36 PENCILS TUBE RED SPOTTY,5.339403973509934,1948.882450331126,1.2434803921568627,885.0,96.0,133.0,3882.29
23144,ZINC T-LIGHT HOLDER STARS SMALL,8.102649006622517,2957.466887417219,0.8369747899159663,1329.0,133.0,190.0,3879.98
23340,VINTAGE CHRISTMAS CAKE FRILL,4.061258278145695,1482.359271523179,1.645121951219512,671.0,229.0,257.0,3879.4500000000003
23486,ANTIQUE HEART SHELF UNIT,0.4420529801324503,161.34933774834437,16.44705882352941,70.0,79.0,82.0,3879.15
21844,RETRO SPOT MUG,2.3112582781456954,843.6092715231788,2.902,381.0,53.0,69.0,3878.2000000000003
37447,CERAMIC CAKE DESIGN SPOTTED PLATE,4.458609271523179,1627.3923841059604,1.477781954887218,742.0,40.0,71.0,3876.97
22548,HEADS AND TAILS SPORTING FUN,5.48841059602649,2003.269867549669,1.2533419689119172,894.0,76.0,114.0,3873.1
23557,LANDMARK FRAME BAKER STREET ,0.5745033112582781,209.6937086092715,12.39310344827586,92.0,242.0,246.0,3867.85
72802B,OCEAN SCENT CANDLE IN JEWELLED BOX,2.447019867549669,893.1622516556292,4.1466315789473684,328.0,110.0,127.0,3862.88
23255,CHILDRENS CUTLERY CIRCUS PARADE,1.5927152317880795,581.341059602649,4.164965034965035,264.0,60.0,71.0,3852.44
46000M,POLYESTER FILLER PAD 45x45cm,4.114238410596027,1501.6970198675497,1.55,696.0,31.0,60.0,3851.75
20961,STRAWBERRY BATH SPONGE ,5.195364238410596,1896.3079470198675,1.274245283018868,863.0,88.0,124.0,3850.66
21987,PACK OF 6 SKULL PAPER CUPS,10.463576158940397,3819.205298013245,0.6476338028169014,1717.0,224.0,297.0,3848.8
84509A,SET OF 4 ENGLISH ROSE PLACEMATS,1.7748344370860927,647.8145695364238,3.7693061224489797,293.0,26.0,38.0,3842.84
21901,"KEY FOB , BACK DOOR ",9.956953642384105,3634.2880794701987,0.6605387205387205,1659.0,121.0,191.0,3833.42
21153,RED SPOTTY TABLECLOTH ,0.6125827814569537,223.59271523178808,10.632439024390244,103.0,21.0,25.0,3832.5
21523,FANCY FONT HOME SWEET HOME DOORMAT,1.0298013245033113,375.8774834437086,6.4125,171.0,23.0,30.0,3822.5
21143,ANTIQUE GLASS HEART DECORATION ,3.316225165562914,1210.4221854304635,1.944267515923567,558.0,64.0,87.0,3819.45
21068,VINTAGE BILLBOARD LOVE/HATE MUG,6.458609271523179,2357.3923841059604,1.1899615384615385,995.0,252.0,297.0,3817.23
22896,PEG BAG APPLES DESIGN,2.6258278145695364,958.4271523178808,2.5858867924528304,430.0,42.0,60.0,3813.67
21244,BLUE POLKADOT PLATE ,3.9652317880794703,1447.3096026490066,1.6758064516129032,657.0,92.0,120.0,3805.6299999999997
21539,RETRO SPOTS BUTTER DISH,1.3741721854304636,501.57284768211923,4.88,227.0,72.0,82.0,3793.5
22600,CHRISTMAS RETROSPOT STAR WOOD,7.605960264900662,2776.1754966887415,0.8652285714285713,1267.0,86.0,139.0,3793.3599999999997
71038,WHITE HANGING BEADS CANDLE HOLDER,1.1870860927152318,433.2864238410596,5.411379310344827,200.0,21.0,29.0,3789.25
22747,POPPY'S PLAYHOUSE BATHROOM,3.096026490066225,1130.049668874172,2.0954682779456193,519.0,77.0,99.0,3789.0
51014A,"FEATHER PEN,HOT PINK",10.013245033112582,3654.8344370860927,0.6347368421052632,1697.0,160.0,230.0,3787.7599999999998
21524,SPOTTY  HOME SWEET HOME DOORMAT,1.076158940397351,392.79801324503313,6.6,173.0,80.0,88.0,3785.5
23205,CHARLOTTE BAG VINTAGE ALPHABET ,7.864238410596027,2870.44701986755,0.8527999999999999,1297.0,120.0,175.0,3784.52
22530,MAGIC DRAWING SLATE DOLLY GIRL ,15.625827814569536,5703.42715231788,0.416498673740053,2617.0,197.0,306.0,3781.8
22639,SET OF 4 NAPKIN CHARMS HEARTS,2.6456953642384105,965.6788079470198,2.5017716535433068,439.0,32.0,51.0,3776.2200000000003
20967,GREY FLORAL FELTCRAFT SHOULDER BAG,1.6937086092715232,618.2036423841059,3.7434420289855073,287.0,20.0,32.0,3771.09
23283,DOORMAT VINTAGE LEAF,0.8956953642384106,326.92880794701983,8.092231404958678,142.0,42.0,48.0,3766.57
23012,GLASS APOTHECARY BOTTLE PERFUME,1.6788079470198676,612.7649006622516,3.8817000000000004,281.0,21.0,33.0,3763.6400000000003
23050,RECYCLED ACAPULCO MAT GREEN,0.7599337748344371,277.37582781456956,8.240909090909092,130.0,10.0,15.0,3763.55
23306,SET OF 36 DOILIES PANTRY DESIGN,4.392384105960265,1603.220198675497,1.454438775510204,742.0,98.0,129.0,3761.9199999999996
22892,SET OF SALT AND PEPPER TOADSTOOLS,5.105960264900662,1863.6754966887415,1.2446370967741935,865.0,52.0,88.0,3759.2400000000002
21679,SKULLS  STICKERS,7.766556291390729,2834.793046357616,0.8471003717472119,1294.0,238.0,292.0,3756.47
22926,IVORY GIANT GARDEN THERMOMETER,1.0745033112582782,392.19370860927154,5.935148514851486,182.0,19.0,27.0,3753.55
23193,BUFFALO BILL TREASURE BOOK BOX,3.05794701986755,1116.1506622516556,2.265912408759124,496.0,215.0,236.0,3750.57
23184,BULL DOG BOTTLE OPENER,1.2880794701986755,470.1490066225166,5.097939698492462,215.0,24.0,33.0,3749.5
23534,WALL ART STOP FOR TEA ,1.1390728476821192,415.7615894039735,5.909285714285714,188.0,48.0,56.0,3748.1800000000003
22573,STAR WOODEN CHRISTMAS DECORATION,7.453642384105961,2720.5794701986756,0.8800680272108844,1243.0,169.0,221.0,3739.3399999999997
21955,UNION JACK GUNS & ROSES  DOORMAT,1.2367549668874172,451.41556291390725,6.29655172413793,189.0,116.0,125.0,3737.4500000000003
22736,RIBBON REEL MAKING SNOWMEN ,3.7649006622516556,1374.1887417218543,1.6875593220338982,638.0,48.0,74.0,3735.2599999999998
72349B,SET/6 PURPLE BUTTERFLY T-LIGHTS,3.1688741721854305,1156.6390728476822,2.076182572614108,528.0,64.0,86.0,3734.0400000000004
20963,APPLE BATH SPONGE,5.029801324503311,1835.8774834437086,1.2799328859060404,847.0,86.0,121.0,3729.29
22782,SET 3 WICKER STORAGE BASKETS ,0.4205298013245033,153.4933774834437,19.985714285714284,62.0,18.0,21.0,3712.2999999999997
22797,CHEST OF DRAWERS GINGHAM HEART ,0.3675496688741722,134.15562913907286,16.984719999999996,63.0,12.0,15.0,3711.24
22800,ANTIQUE TALL SWIRLGLASS TRINKET POT,1.6605960264900663,606.1175496688742,3.7835449735449735,283.0,43.0,55.0,3709.63
21714,CITRONELLA CANDLE GARDEN POT,5.55794701986755,2028.6506622516556,1.2383024691358024,905.0,112.0,151.0,3707.37
85040B,SET/4 BLUE FLOWER CANDLES IN BOWL,3.998344370860927,1459.3956953642385,1.6381856540084387,667.0,117.0,145.0,3703.95
21810,CHRISTMAS HANGING STAR WITH BELL,10.399006622516556,3795.637417218543,0.7628015564202334,1577.0,149.0,222.0,3698.65
23309,SET OF 60 I LOVE LONDON CAKE CASES ,12.698675496688741,4635.016556291391,0.5688925081433225,2018.0,268.0,357.0,3697.7
21495,SKULLS AND CROSSBONES WRAP,15.008278145695364,5478.021523178808,0.41797752808988764,2560.0,148.0,253.0,3695.3
23351,ROLL WRAP 50'S CHRISTMAS,5.056291390728477,1845.546357615894,1.2438909090909092,861.0,55.0,90.0,3694.02
20981,12 PENCILS TALL TUBE WOODLAND,7.336092715231788,2677.6738410596026,0.8490909090909091,1256.0,75.0,126.0,3691.47
21034,REX CASH+CARRY JUMBO SHOPPER,6.430463576158941,2347.119205298013,0.95,1111.0,9.0,54.0,3689.7999999999997
72802A,ROSE SCENT CANDLE IN JEWELLED BOX,1.490066225165563,543.8741721854304,4.2798823529411765,252.0,30.0,40.0,3689.2799999999997
21470,FLOWER VINE RAFFIA FOOD COVER,1.673841059602649,610.9519867549668,3.782453531598513,284.0,23.0,35.0,3687.1800000000003
22723,SET OF 6 HERB TINS SKETCHBOOK,1.7450331125827814,636.9370860927152,3.7472268907563024,292.0,34.0,46.0,3686.1400000000003
22272,FELTCRAFT DOLL MARIA,2.2235099337748343,811.5811258278145,2.932,372.0,40.0,56.0,3684.9100000000003
84950,ASSORTED COLOUR T-LIGHT HOLDER,9.288079470198676,3390.149006622517,0.7336486486486486,1520.0,535.0,600.0,3677.1400000000003
85184C,S/4 VALENTINE DECOUPAGE HEART BOX,3.2235099337748343,1176.5811258278145,2.657511737089202,470.0,77.0,100.0,3675.55
23110,PARISIENNE KEY CABINET ,1.096026490066225,400.04966887417214,5.713636363636364,187.0,15.0,23.0,3673.7
21472,LADYBIRD + BEE RAFFIA FOOD COVER,1.653973509933775,603.7003311258278,3.743248945147679,284.0,23.0,35.0,3669.45
85053,FRENCH ENAMEL CANDLEHOLDER,3.0546357615894038,1114.9420529801323,2.12565371024735,512.0,43.0,64.0,3667.29
22284,HEN HOUSE DECORATION,3.8758278145695364,1414.6771523178809,1.6464285714285714,655.0,89.0,116.0,3665.25
22594,CHRISTMAS GINGHAM TREE,7.208609271523179,2631.1423841059604,0.8803780068728523,1222.0,78.0,128.0,3661.12
22980,PANTRY SCRUBBING BRUSH,3.7847682119205297,1381.4403973509934,1.674590163934426,642.0,58.0,84.0,3656.94
21494,ROTATING LEAVES T-LIGHT HOLDER,4.6572847682119205,1699.908940397351,1.4743724696356275,759.0,84.0,117.0,3655.28
22823,CHEST NATURAL WOOD 20 DRAWERS,0.052980132450331126,19.337748344370862,117.5,9.0,4.0,4.0,3655.0
47580,TEA TIME DES TEA COSY,2.5380794701986753,926.3990066225165,2.542142857142857,427.0,57.0,75.0,3651.91
20675,BLUE POLKADOT BOWL,5.158940397350993,1883.0132450331125,1.2427338129496404,870.0,79.0,115.0,3649.9700000000003
21238,RED SPOTTY CUP,7.405629139072848,2703.0546357615895,0.8453698630136987,1264.0,76.0,128.0,3649.17
21592,RETRO SPOT  CIGAR BOX MATCHES ,5.1341059602649,1873.9486754966886,1.2429629629629628,868.0,203.0,239.0,3648.25
21795,SET OF 3 BLUE STRIPE BASKET,0.7218543046357616,263.47682119205297,12.6725,102.0,163.0,168.0,3632.9700000000003
22359,GLASS JAR KINGS CHOICE,1.9619205298013245,716.1009933774834,2.96265306122449,348.0,253.0,267.0,3631.87
85049C,ROMANTIC PINKS RIBBONS ,4.846026490066225,1768.799668874172,1.2517735042735043,841.0,38.0,72.0,3630.32
22830,UTILTY CABINET WITH HOOKS,0.2947019867549669,107.56622516556291,24.37625,47.0,109.0,111.0,3623.2
21064,BOOM BOX SPEAKER BOYS,1.1937086092715232,435.703642384106,5.382075471698113,201.0,170.0,178.0,3620.65
23064,CINDERELLA CHANDELIER ,0.36423841059602646,132.94701986754967,43.01136363636363,39.0,101.0,104.0,3617.6000000000004
21243,PINK  POLKADOT PLATE ,3.7781456953642385,1379.023178807947,1.6747398843930636,642.0,95.0,121.0,3614.66
22544,MINI JIGSAW SPACEBOY,15.246688741721854,5565.0413907284765,0.4150381679389313,2589.0,239.0,346.0,3613.4
22788,BROCANTE COAT RACK,0.7599337748344371,277.37582781456956,9.792794117647059,119.0,113.0,118.0,3609.95
21911,GARDEN METAL SIGN ,3.9304635761589406,1434.6192052980134,1.6453307392996108,660.0,113.0,141.0,3609.9
21244,BLUE  SPOTTY PLATE ,3.76158940397351,1372.9801324503312,1.6780662983425416,640.0,103.0,129.0,3609.2799999999997
21899,"KEY FOB , GARAGE DESIGN",9.577814569536423,3495.9023178807947,0.6482692307692308,1642.0,188.0,255.0,3601.73
22458,CAST IRON HOOK GARDEN FORK,2.4619205298013247,898.6009933774835,2.5394039735099336,421.0,145.0,162.0,3599.6099999999997
22843,BISCUIT TIN VINTAGE GREEN,0.9486754966887417,346.2665562913907,6.695889570552148,161.0,26.0,33.0,3591.73
22775,PURPLE DRAWERKNOB ACRYLIC EDWARDIAN,4.882450331125828,1782.094370860927,1.2572340425531916,842.0,108.0,142.0,3590.06
21913,VINTAGE SEASIDE JIGSAW PUZZLES,1.6357615894039734,597.0529801324503,3.7739024390243903,281.0,61.0,72.0,3590.02
20754,RETROSPOT RED WASHING UP GLOVES,2.986754966887417,1090.1655629139073,2.0916811594202898,510.0,45.0,66.0,3581.76
22398,MAGNETS PACK OF 4 SWALLOWS,6.930463576158941,2529.619205298013,0.8960598503740648,1188.0,47.0,96.0,3573.95
23049,RECYCLED ACAPULCO MAT RED,0.7201986754966887,262.8725165562914,8.24526627218935,126.0,9.0,14.0,3572.75
23092,LARGE ANTIQUE WHITE PHOTO FRAME,0.8394039735099338,306.3824503311258,7.80144,140.0,52.0,58.0,3568.26
22245,"HOOK, 1 HANGER ,MAGIC GARDEN",7.236754966887418,2641.4155629139073,0.8435611510791367,1251.0,115.0,166.0,3563.5499999999997
21042,RED RETROSPOT APRON ,1.054635761589404,384.9420529801325,5.934049079754601,180.0,45.0,52.0,3556.15
35924,HANGING FAIRY CAKE DECORATION,3.316225165562914,1210.4221854304635,2.0211538461538465,547.0,141.0,164.0,3554.4
22704,WRAP RED APPLES ,14.321192052980132,5227.235099337749,0.41890784982935153,2498.0,125.0,225.0,3553.0
23299,FOOD COVER WITH BEADS SET 2 ,1.6175496688741722,590.4056291390729,3.7934710743801654,279.0,56.0,67.0,3545.17
84598,BOYS ALPHABET IRON ON PATCHES,30.200331125827816,11023.120860927153,0.20609756097560974,5171.0,2207.0,2418.0,3542.61
22244,"HOOK, 3 HANGER ,MAGIC GARDEN",3.1771523178807946,1159.66059602649,1.9308510638297873,548.0,86.0,108.0,3533.2499999999995
20750, RED/WHITE DOT MINI CASES,0.7913907284768212,288.8576158940397,7.811,136.0,18.0,24.0,3528.18
21181,PLEASE ONE PERSON  METAL SIGN,2.9586092715231787,1079.8923841059602,2.0768211920529804,510.0,113.0,134.0,3524.7000000000003
22125,UNION JACK HOT WATER BOTTLE ,1.0066225165562914,367.4172185430464,5.925460122699387,176.0,20.0,27.0,3514.6000000000004
22497,SET OF 2 TINS VINTAGE BATHROOM ,1.3874172185430464,506.407284768212,4.245145631067961,244.0,34.0,44.0,3511.5
22080,RIBBON REEL SPOTS DESIGN ,3.5711920529801326,1303.4850993377484,1.647560975609756,629.0,52.0,77.0,3509.05
23236,STORAGE TIN VINTAGE DOILY ,2.044701986754967,746.316225165563,2.9887500000000005,353.0,71.0,85.0,3502.15
22353,LUNCH BOX WITH CUTLERY FAIRY CAKES ,2.365894039735099,863.5513245033112,2.537671232876712,412.0,43.0,60.0,3498.15
70006,LOVE HEART POCKET WARMER,6.927152317880795,2528.41059602649,1.4014772727272726,950.0,335.0,383.0,3495.5
23089,GLASS BON BON JAR,3.5347682119205297,1290.1903973509934,1.7758394160583941,603.0,151.0,176.0,3495.27
21499,BLUE POLKADOT WRAP,14.362582781456954,5242.342715231788,0.4162595419847328,2509.0,142.0,243.0,3493.5
22744,MAKE YOUR OWN MONSOON CARD KIT,2.302980132450331,840.5877483443708,2.7963320463320462,388.0,47.0,63.0,3489.4900000000002
22057,CERAMIC PLATE STRAWBERRY DESIGN,4.806291390728477,1754.296357615894,1.3855491329479768,796.0,163.0,197.0,3484.35
71477,COLOURED GLASS STAR T-LIGHT HOLDER,1.6490066225165563,601.8874172185431,3.98139534883721,275.0,188.0,200.0,3474.88
23081,GREEN METAL BOX ARMY SUPPLIES,0.7235099337748344,264.08112582781456,8.34018018018018,126.0,31.0,36.0,3474.39
22591,CARDHOLDER GINGHAM CHRISTMAS TREE,2.1258278145695364,775.9271523178808,2.960285714285714,362.0,58.0,73.0,3474.14
22118,JOY WOODEN BLOCK LETTERS,1.2665562913907285,462.2930463576159,4.730564516129032,221.0,51.0,60.0,3466.03
23111,PARISIENNE SEWING BOX,0.4900662251655629,178.87417218543047,12.281600000000001,85.0,11.0,14.0,3464.8
22334,DINOSAUR PARTY BAG + STICKER SET,3.6357615894039736,1327.0529801324503,1.64856,634.0,103.0,128.0,3460.24
23349,ROLL WRAP VINTAGE CHRISTMAS,4.7135761589403975,1720.455298013245,1.245,831.0,63.0,96.0,3450.39
84558A,3D DOG PICTURE PLAYING CARDS,1.9983443708609272,729.3956953642385,2.947701149425287,352.0,100.0,114.0,3445.4500000000003
23085,ANTIQUE SILVER BAUBLE LAMP  ,0.6109271523178808,222.98841059602648,10.069230769230769,105.0,28.0,32.0,3437.7000000000003
23112,PARISIENNE CURIO CABINET,0.7798013245033113,284.6274834437086,7.453551912568306,138.0,10.0,15.0,3437.3
85206A,CREAM FELT EASTER EGG BASKET,3.556291390728477,1298.046357615894,1.642334494773519,629.0,53.0,78.0,3436.2
21992,VINTAGE PAISLEY STATIONERY SET,3.4172185430463577,1247.2847682119207,1.9305414012738855,568.0,47.0,71.0,3436.04
23130,MISTLETOE HEART WREATH GREEN,1.3874172185430464,506.407284768212,4.239876543209877,244.0,31.0,41.0,3435.62
20692,FLORAL ELEPHANT SOFT TOY,1.455298013245033,531.183774834437,4.177966101694915,252.0,78.0,88.0,3434.25
21743,STAR PORTABLE TABLE LIGHT ,2.0347682119205297,742.6903973509933,2.924647887323944,356.0,58.0,72.0,3433.55
23497,CLASSIC CHROME BICYCLE BELL ,4.05794701986755,1481.1506622516556,1.4393142857142858,717.0,206.0,234.0,3431.35
84968B,S/16 VINTAGE IVORY CUTLERY,0.45695364238410596,166.78807947019868,12.702631578947368,81.0,21.0,24.0,3420.0
23194,GYMKHANA TREASURE BOOK BOX,2.698675496688742,985.0165562913908,2.2552201257861633,467.0,155.0,174.0,3417.83
23535,WALL ART BICYCLE SAFETY,1.0662251655629138,389.1721854304635,5.89611570247934,182.0,55.0,62.0,3412.52
21041,RED SPOTTY OVEN GLOVE DOUBLE,2.0397350993377485,744.5033112582782,2.9349624060150377,356.0,92.0,106.0,3408.4
21509,COWBOYS AND INDIANS BIRTHDAY CARD ,13.998344370860927,5109.395695364238,0.4177955911823647,2473.0,67.0,165.0,3396.07
23191,BUNDLE OF 3 RETRO NOTE BOOKS,3.475165562913907,1268.435430463576,1.6760162601626014,615.0,44.0,68.0,3393.35
22320,BIRDS MOBILE VINTAGE DESIGN,0.956953642384106,349.2880794701987,6.0083431952662725,170.0,24.0,31.0,3390.46
22602,CHRISTMAS RETROSPOT HEART WOOD,6.981788079470198,2548.3526490066224,0.8442570281124498,1229.0,122.0,171.0,3384.77
20748,KENSINGTON COFFEE SET,0.5943708609271523,216.94536423841058,12.162280701754385,94.0,21.0,25.0,3371.25
22764,"RUSTIC WOODEN CABINET, GLASS DOORS",0.2996688741721854,109.37913907284768,23.5275,48.0,91.0,93.0,3362.5699999999997
22356,"CHARLOTTE BAG , PINK/WHITE SPOTS",6.9801324503311255,2547.7483443708607,0.8425572519083969,1230.0,141.0,190.0,3360.0
84508A,CAMOFLAGE DESIGN TEDDY,2.622516556291391,957.2185430463577,2.4244186046511627,444.0,462.0,480.0,3358.8
21717,EASTER TIN BUCKET,2.326158940397351,849.0480132450332,2.5059440559440556,412.0,54.0,70.0,3355.95
21238,RED RETROSPOT CUP,6.912251655629139,2522.9718543046356,0.8473546511627907,1220.0,81.0,129.0,3355.05
22425,ENAMEL COLANDER CREAM,1.1456953642384107,418.1788079470199,4.953360995850622,205.0,14.0,22.0,3352.01
23032,DRAWER KNOB CRACKLE GLAZE IVORY,3.437086092715232,1254.5364238410596,1.6455801104972374,617.0,64.0,88.0,3348.6
22047,EMPIRE GIFT WRAP,13.617549668874172,4970.4056291390725,0.4179230769230769,2439.0,160.0,255.0,3340.5
48197,DOOR MAT BIRD ON THE WIRE,0.9304635761589404,339.61920529801324,7.0340495867768595,155.0,60.0,67.0,3337.8
23294,SET OF 6 SNACK LOAF BAKING CASES,7.059602649006623,2576.754966887417,0.8247796610169491,1250.0,149.0,198.0,3336.94
22478,BIRDHOUSE GARDEN MARKER ,4.200331125827814,1533.120860927152,1.2521296296296296,782.0,150.0,179.0,3336.85
23552,BICYCLE PUNCTURE REPAIR KIT ,2.8642384105960264,1045.4470198675497,2.062181818181818,503.0,263.0,283.0,3336.7200000000003
22743,MAKE YOUR OWN FLOWERPOWER CARD KIT,2.1672185430463577,791.0347682119206,2.8716296296296298,371.0,43.0,58.0,3334.51
47505,MINATURE COLOURED GARDENING SET,1.185430463576159,432.682119205298,4.848456790123457,211.0,25.0,33.0,3331.7000000000003
22777,GLASS CLOCHE LARGE,0.695364238410596,253.80794701986756,8.386666666666667,123.0,66.0,71.0,3324.3500000000004
72807A,SET/3 ROSE CANDLE IN JEWELLED BOX,1.349337748344371,492.5082781456954,4.215179856115108,242.0,40.0,49.0,3320.31
23189,SET OF 12 FORK CANDLES,2.01158940397351,734.2301324503312,2.858421052631579,358.0,64.0,78.0,3319.35
22314,OFFICE MUG WARMER CHOC+BLUE,1.6887417218543046,616.3907284768212,3.553567567567568,294.0,30.0,42.0,3315.5400000000004
23210,WHITE ROCKING HORSE HAND PAINTED,4.552980132450331,1661.837748344371,1.2435975609756096,817.0,101.0,133.0,3311.5
22445,PENCIL CASE LIFE IS BEAUTIFUL,1.8841059602649006,687.6986754966887,2.9947706422018348,339.0,27.0,40.0,3311.3
84596B,SMALL DOLLY MIX DESIGN ORANGE BOWL,9.079470198675496,3314.006622516556,0.701937984496124,1536.0,72.0,136.0,3304.59
21067,VINTAGE RED TEATIME MUG,7.478476821192053,2729.6440397350993,1.093756906077348,1117.0,332.0,384.0,3302.7200000000003
23571,TRADITIONAL NAUGHTS & CROSSES,3.3410596026490067,1219.4867549668875,1.6490950226244343,608.0,48.0,71.0,3300.9
21500,PINK POLKADOT WRAP ,13.451986754966887,4909.975165562913,0.4165384615384615,2428.0,116.0,210.0,3298.5
23156,SET OF 5 MINI GROCERY MAGNETS,2.7003311258278146,985.6208609271523,2.0946236559139786,485.0,69.0,88.0,3297.2200000000003
18097C,WHITE TALL PORCELAIN T-LIGHT HOLDER,2.5397350993377485,927.0033112582782,2.5075,430.0,122.0,140.0,3293.7
22962,JAM JAR WITH PINK LID,6.855960264900662,2502.4254966887415,0.8439534883720929,1218.0,133.0,181.0,3293.65
21787,RAIN PONCHO WITH RED SPOTS,7.387417218543046,2696.407284768212,0.8281512605042016,1276.0,299.0,351.0,3288.7
21556,CERAMIC STRAWBERRY MONEY BOX,2.2682119205298013,827.8973509933775,2.5381355932203387,404.0,145.0,161.0,3281.1
23091,ZINC HERB GARDEN CONTAINER,0.8857615894039735,323.30298013245033,6.293191489361702,160.0,14.0,20.0,3279.82
22536,MAGIC DRAWING SLATE PURDEY,13.870860927152318,5062.864238410596,0.41618012422360245,2466.0,270.0,367.0,3265.56
23009,I LOVE LONDON BABY GIFT SET,0.34602649006622516,126.29966887417218,16.425409836065572,62.0,19.0,21.0,3262.5499999999997
22807,SET OF 6 T-LIGHTS TOADSTOOLS,1.9735099337748345,720.3311258278146,2.850744680851064,355.0,39.0,53.0,3257.0400000000004
23332,IVORY WICKER HEART LARGE,3.2764900662251657,1195.9188741721855,1.6485507246376812,602.0,32.0,55.0,3255.75
22778,GLASS CLOCHE SMALL,1.4735099337748345,537.8311258278146,3.8861073825503354,263.0,37.0,47.0,3255.66
21902,"KEY FOB , FRONT  DOOR ",8.650662251655628,3157.491721854304,0.6598584905660378,1547.0,184.0,245.0,3244.59
22603,CHRISTMAS RETROSPOT TREE WOOD,6.538079470198675,2386.3990066225165,0.8647249190938511,1175.0,103.0,149.0,3239.65
21559,STRAWBERRY LUNCHBOX WITH CUTLERY,2.3211920529801326,847.2350993377485,2.521153846153846,410.0,110.0,126.0,3236.7
22355,"CHARLOTTE BAG , SUKI DESIGN",6.741721854304636,2460.728476821192,0.8366666666666667,1213.0,101.0,148.0,3233.7
84352,SILVER CHRISTMAS TREE BAUBLE STAND ,0.32781456953642385,119.65231788079471,16.72966101694915,60.0,6.0,8.0,3232.1
20983,12 PENCILS TALL TUBE RED RETROSPOT,6.302980132450331,2300.587748344371,0.8496275071633237,1164.0,62.0,106.0,3229.71
84580,MOUSE TOY WITH PINK T-SHIRT,1.423841059602649,519.7019867549668,3.755956112852665,263.0,8.0,18.0,3228.8
21794,CLASSIC FRENCH STYLE BASKET NATURAL,1.1208609271523178,409.114238410596,5.299144736842106,196.0,24.0,32.0,3226.87
21917,SET 12 KIDS  WHITE CHALK STICKS,13.066225165562914,4769.172185430463,0.42301298701298695,2374.0,175.0,266.0,3226.38
22967,SET 3 SONG BIRD PAPER EGGS ASSORTED,1.9188741721854305,700.3890728476822,2.9286259541984734,346.0,98.0,111.0,3224.65
22440,BALLOON WATER BOMB PACK OF 35,13.735099337748345,5013.311258278146,0.41796992481203005,2449.0,559.0,655.0,3224.52
22353,LUNCHBOX WITH CUTLERY FAIRY CAKES ,2.269867549668874,828.501655629139,2.526923076923077,405.0,85.0,101.0,3215.25
22352,LUNCHBOX WITH CUTLERY RETROSPOT ,2.25,821.25,2.468814432989691,408.0,49.0,65.0,3214.35
22461,SAVOY ART DECO CLOCK,0.652317880794702,238.09602649006624,10.863846153846154,105.0,16.0,21.0,3214.2999999999997
23013,GLASS APOTHECARY BOTTLE TONIC,1.4321192052980132,522.7235099337748,3.885580110497238,259.0,19.0,29.0,3211.09
22765,NEWSPAPER STAND,0.4966887417218543,181.2913907284768,14.471666666666666,79.0,97.0,100.0,3210.2999999999997
21732,RED HANGING METAL STAR TLIGHT HLDR,1.5281456953642385,557.773178807947,3.681724137931034,275.0,241.0,252.0,3199.17
22769,CHALKBOARD KITCHEN ORGANISER,0.271523178807947,99.10596026490066,24.290285714285712,45.0,73.0,75.0,3198.8
22589,CARDHOLDER GINGHAM STAR,2.0281456953642385,740.273178807947,2.724321608040201,369.0,36.0,50.0,3197.39
20675,BLUE SPOTTY BOWL,4.470198675496689,1631.6225165562914,1.2411969111969112,811.0,72.0,103.0,3197.16
23230,WRAP ALPHABET DESIGN,13.120860927152318,4789.114238410596,0.41732758620689653,2395.0,156.0,248.0,3196.5
21349,IVY HEART WREATH,0.8145695364238411,297.317880794702,6.7,149.0,22.0,28.0,3193.0
21211,SET OF 72 SKULL PAPER  DOILIES,3.8427152317880795,1402.591059602649,1.4456756756756757,696.0,202.0,229.0,3192.6499999999996
21112,"SWISS ROLL TOWEL, PINK  SPOTS",2.3360927152317883,852.6738410596028,2.7137254901960786,396.0,124.0,140.0,3190.4500000000003
22312,OFFICE MUG WARMER POLKADOT,1.6473509933774835,601.2831125827814,3.4635449735449737,295.0,31.0,43.0,3186.7900000000004
23426,METAL SIGN DROP YOUR PANTS,2.0364238410596025,743.294701986755,2.854450867052023,361.0,60.0,74.0,3186.7799999999997
20966,SANDWICH BATH SPONGE,4.264900662251655,1556.688741721854,1.2491949152542372,789.0,88.0,118.0,3182.0
20702,PINK PADDED MOBILE,1.2549668874172186,458.0629139072848,4.235416666666667,233.0,16.0,25.0,3178.0
21584,RETRO SPOT SMALL TUBE MATCHES,3.312913907284768,1209.2135761589404,1.6469696969696968,606.0,190.0,213.0,3176.85
21845,DAIRY MAID STRIPE MUG,4.004966887417218,1461.8129139072846,1.8861111111111113,623.0,75.0,103.0,3176.05
21993,FLORAL FOLK STATIONERY SET,3.3956953642384105,1239.4288079470198,1.8304210526315787,582.0,50.0,74.0,3171.4
23127,FELTCRAFT GIRL NICOLE KIT,1.0678807947019868,389.77649006622516,4.97,198.0,18.0,25.0,3169.79
22822,CREAM WALL PLANTER HEART SHAPED,0.9304635761589404,339.61920529801324,5.93526627218935,169.0,29.0,36.0,3169.41
22459,CAST IRON HOOK GARDEN TROWEL,2.2119205298013247,807.3509933774835,2.5354,399.0,120.0,135.0,3164.96
20886,BOX OF 9 PEBBLE CANDLES,2.7913907284768213,1018.8576158940398,1.9379518072289157,513.0,49.0,69.0,3161.4
22579,WOODEN TREE CHRISTMAS SCANDINAVIAN,10.870860927152318,3967.864238410596,0.5830543933054393,1845.0,54.0,130.0,3161.14
84356,POMPOM CURTAIN,1.0927152317880795,398.841059602649,6.056382978723405,181.0,55.0,63.0,3155.0
23350,ROLL WRAP VINTAGE SPOT ,4.2781456953642385,1561.523178807947,1.2466666666666668,791.0,56.0,86.0,3154.4
22356,CHARLOTTE BAG PINK WITH WHITE SPOTS,6.543046357615894,2388.2119205298013,0.8410162601626016,1192.0,142.0,188.0,3151.2
21469,POLKA DOT RAFFIA FOOD COVER,1.8062913907284768,659.2963576158941,3.681306818181818,299.0,59.0,72.0,3148.16
23239,SET OF 4 KNICK KNACK TINS POPPIES,1.3443708609271523,490.6953642384106,3.9050632911392404,251.0,38.0,47.0,3142.4
21648,ASSORTED TUTTI FRUTTI SMALL PURSE,4.324503311258278,1578.4437086092714,1.2390983606557375,798.0,102.0,132.0,3141.88
23388,WOODLAND MINI BACKPACK,1.2980132450331126,473.7748344370861,4.1379699248120305,239.0,58.0,67.0,3133.6000000000004
85040A,S/4 PINK FLOWER CANDLES IN BOWL,3.153973509933775,1151.200331125828,1.6724924012158056,587.0,30.0,52.0,3131.09
22059,CERAMIC STRWBERRY DESIGN MUG,3.756622516556291,1371.1672185430464,1.4749142857142858,682.0,167.0,193.0,3130.25
22700,BLACK AND WHITE DOG BOWL,2.2798013245033113,832.1274834437086,2.640217391304348,397.0,258.0,274.0,3114.27
21054,NURSE'S BAG SOFT TOY,0.5794701986754967,211.5066225165563,8.94390243902439,109.0,11.0,15.0,3112.5
21500,PINK SPOTS  WRAP ,12.789735099337749,4668.253311258279,0.41615720524017463,2368.0,157.0,247.0,3102.5
79323GR,GREEN CHERRY LIGHTS,0.8675496688741722,316.65562913907286,6.493421052631579,156.0,45.0,51.0,3100.2000000000003
22494,EMERGENCY FIRST AID TIN ,4.142384105960265,1511.970198675497,1.2888215488215486,766.0,73.0,102.0,3099.4
22702,BLACK AND WHITE CAT BOWL,2.6043046357615895,950.5711920529802,1.9385542168674699,495.0,426.0,444.0,3097.7999999999997
21154,RED SPOTTY OVEN GLOVE ,4.231788079470198,1544.6026490066224,1.2470196078431373,787.0,88.0,118.0,3095.44
23308,SET OF 60 VINTAGE LEAF CAKE CASES ,9.859271523178808,3598.634105960265,0.5637820512820513,1786.0,181.0,250.0,3091.61
22902,TOTE BAG I LOVE LONDON,2.665562913907285,972.930463576159,2.059577464788733,486.0,68.0,87.0,3091.54
20992,JAZZ HEARTS PURSE NOTEBOOK,9.983443708609272,3643.956953642384,0.5896455696202532,1758.0,128.0,198.0,3069.62
23353,6 GIFT TAGS VINTAGE CHRISTMAS ,6.16887417218543,2251.639072847682,0.8295719844357976,1165.0,85.0,128.0,3068.82
22059,CERAMIC STRAWBERRY DESIGN MUG,4.195364238410596,1531.3079470198675,1.3533492822966509,752.0,89.0,118.0,3064.3799999999997
21830,ASSORTED CREEPY CRAWLIES,12.230132450331126,4463.998344370862,0.42616740088105726,2289.0,174.0,260.0,3059.95
21986,PACK OF 12 PINK SPOT TISSUES ,13.495033112582782,4925.687086092716,0.29229299363057326,2903.0,950.0,1044.0,3058.93
21466,RED FLOWER CROCHET FOOD COVER,1.3625827814569536,497.342715231788,3.798298755186722,256.0,16.0,26.0,3057.89
22531,MAGIC DRAWING SLATE CIRCUS PARADE  ,12.42384105960265,4534.701986754967,0.41964391691394654,2324.0,292.0,379.0,3053.76
22475,SKULL DESIGN TV DINNER TRAY,1.1423841059602649,416.97019867549665,4.7642364532019705,209.0,39.0,47.0,3052.9
22122,SET OF 2 FANCY FONT TEA TOWELS,1.7433774834437086,636.3327814569536,2.9475155279503107,329.0,63.0,75.0,3042.3500000000004
84975,HEART SHAPED MIRROR,3.183774834437086,1162.0778145695365,1.6757988165680473,589.0,97.0,119.0,3041.07
21179,NO JUNK MAIL METAL SIGN,6.687086092715232,2440.78642384106,0.9829076086956521,1114.0,112.0,159.0,3040.07
23168,CLASSIC CAFE SUGAR DISPENSER,4.3592715231788075,1591.1341059602648,1.2297619047619048,804.0,71.0,102.0,3037.1
21588,RETRO SPOT GIANT  TUBE MATCHES,2.1440397350993377,782.5745033112582,2.5240384615384617,394.0,115.0,130.0,3034.9500000000003
23342,MINT DINER WALL CLOCK,0.6009933774834437,219.36258278145695,8.483441558441559,114.0,14.0,18.0,3034.5
21364,PEACE SMALL WOOD LETTERS,0.7268211920529801,265.28973509933775,6.752638888888889,140.0,65.0,70.0,3031.65
22076,6 RIBBONS EMPIRE  ,3.4768211920529803,1269.0397350993378,1.5456378600823044,641.0,50.0,74.0,3030.42
37410,BLACK AND WHITE PAISLEY FLOWER MUG,42.52483443708609,15521.564569536424,1.045,2725.0,20266.0,20564.0,3019.57
21351,CINAMMON & ORANGE WREATH,1.6324503311258278,595.8443708609271,5.231751824817518,239.0,34.0,45.0,3018.7
23253,16 PIECE CUTLERY SET PANTRY DESIGN,0.347682119205298,126.90397350993378,15.65,64.0,29.0,31.0,3018.2999999999997
21707,"FOLDING UMBRELLA , BLACK/BLUE  SPOT",1.271523178807947,464.10596026490066,4.648387096774194,223.0,169.0,178.0,3015.6
37501,TEA TIME TEA SET IN GIFT BOX,0.7218543046357616,263.47682119205297,6.943150684931507,138.0,13.0,18.0,3006.2000000000003
22863,SOAP DISH BROCANTE,1.771523178807947,646.6059602649007,2.928523489932886,332.0,45.0,57.0,3002.9
85232D,SET/3 DECOUPAGE STACKING TINS,1.0480132450331126,382.5248344370861,4.926,197.0,29.0,36.0,2998.95
22732,3D VINTAGE CHRISTMAS STICKERS ,3.9850993377483444,1454.5612582781457,1.3051674641148323,746.0,63.0,91.0,2995.59
22862,LOVE HEART NAPKIN BOX ,1.1721854304635762,427.8476821192053,4.247326203208556,224.0,15.0,23.0,2993.0
20681,PINK SPOTTY CHILDS UMBRELLA,1.5711920529801324,573.4850993377484,3.2386363636363638,298.0,34.0,45.0,2991.25
22136,LOVE HEART SOCK HANGER,3.115894039735099,1137.3013245033112,1.643877551020408,588.0,73.0,95.0,2990.1
22366,DOOR MAT AIRMAIL ,0.706953642384106,258.0380794701987,7.3270175438596485,133.0,20.0,25.0,2988.53
23065,LARGE DECO JEWELLERY STAND,0.40728476821192056,148.658940397351,12.469318181818181,77.0,24.0,27.0,2977.8
21936,RED/WHITE SPOT PICNIC BAG,1.8062913907284768,659.2963576158941,2.911904761904762,336.0,155.0,168.0,2974.45
21473,SWEETHEART CREAM STEEL TABLE RECT,0.24668874172185432,90.04139072847683,19.95,48.0,5.0,7.0,2972.5499999999997
23237,SET OF 4 KNICK KNACK TINS LEAF,1.2235099337748345,446.5811258278146,4.136206896551725,232.0,50.0,59.0,2970.85
23346,SPACEBOY BEAKER,4.25,1551.25,1.2439285714285715,790.0,242.0,272.0,2970.75
22176,BLUE OWL SOFT TOY,1.7003311258278146,620.6208609271523,2.9426605504587156,325.0,27.0,39.0,2968.05
22477,WATERING CAN GARDEN MARKER,3.7135761589403975,1355.455298013245,1.2514754098360656,736.0,164.0,190.0,2967.45
22402,MAGNETS PACK OF 4 VINTAGE COLLAGE,5.625827814569536,2053.427152317881,0.8713991769547325,1085.0,119.0,158.0,2962.81
21477,STRING OF 20 ROSE LIGHTS,0.4337748344370861,158.32781456953643,12.458108108108108,80.0,107.0,110.0,2962.5
22107,PIZZA PLATE IN BOX,1.3923841059602649,508.22019867549665,3.6592063492063494,264.0,24.0,34.0,2957.3
23323,WHITE WICKER STAR ,2.3543046357615895,859.3211920529802,2.096402877697842,453.0,24.0,40.0,2954.7000000000003
23014,GLASS APOTHECARY BOTTLE ELIXIR,1.3211920529801324,482.23509933774835,3.9079012345679014,248.0,21.0,30.0,2951.78
21864,UNION JACK FLAG PASSPORT COVER ,2.455298013245033,896.183774834437,2.084528301886792,464.0,48.0,65.0,2947.02
22965,3 TRADITIONAl BISCUIT CUTTERS  SET,2.3559602649006623,859.9254966887418,2.124383561643836,450.0,49.0,65.0,2946.92
21333,CLASSIC WHITE FRAME,1.6672185430463575,608.5347682119206,2.9439086294416246,321.0,19.0,31.0,2946.65
22406,MONEY BOX KINGS CHOICE DESIGN,3.9403973509933774,1438.2450331125829,1.2328323699421966,764.0,278.0,306.0,2942.78
21829,DINOSAUR KEYRINGS ASSORTED,23.496688741721854,8576.291390728476,0.2105960264900662,4512.0,176.0,340.0,2940.0299999999997
23236,DOILEY STORAGE TIN,1.7913907284768211,653.8576158940397,2.8652212389380534,338.0,79.0,92.0,2934.98
48189,DOOR MAT FRIENDSHIP ,0.7135761589403974,260.45529801324506,7.14248322147651,135.0,13.0,18.0,2934.31
84849B,FAIRY SOAP SOAP HOLDER,3.01158940397351,1099.2301324503312,1.6825991189427312,572.0,67.0,88.0,2932.99
22774,RED DRAWER KNOB ACRYLIC EDWARDIAN,4.110927152317881,1500.4884105960266,1.2436029411764706,777.0,136.0,165.0,2918.71
22194,BLACK DINER WALL CLOCK,0.5844370860927153,213.31953642384107,8.458098591549296,112.0,15.0,19.0,2918.05
84837,WHITE SWEETHEARTS CABINET 4 DRAWERS,0.3956953642384106,144.42880794701986,12.615671641791044,76.0,9.0,12.0,2915.25
21812,GARLAND WITH HEARTS AND BELLS,0.9884105960264901,360.76986754966885,4.9332,191.0,20.0,27.0,2913.15
22428,ENAMEL FIRE BUCKET CREAM,0.6970198675496688,254.41225165562912,6.980062893081761,135.0,11.0,16.0,2910.9300000000003
23461,SWEETHEART BIRD HOUSE,1.3725165562913908,500.96854304635764,4.1359550561797755,246.0,286.0,296.0,2908.55
21467,CHERRY CROCHET FOOD COVER,1.5745033112582782,574.6937086092715,3.7342056074766354,277.0,45.0,56.0,2905.27
23188,VINTAGE  2 METER FOLDING RULER,2.9387417218543046,1072.640728476821,1.6787898089171973,565.0,58.0,79.0,2902.4700000000003
22313,OFFICE MUG WARMER PINK,1.576158940397351,575.2980132450332,3.3494444444444444,293.0,111.0,122.0,2899.54
21240,BLUE POLKADOT CUP,6.051324503311259,2208.7334437086092,0.8423529411764706,1145.0,123.0,165.0,2898.75
22733,3D TRADITIONAL CHRISTMAS STICKERS,3.801324503311258,1387.4834437086092,1.3036486486486487,729.0,47.0,74.0,2893.04
22347,PIZZA SLICE DISH,4.312913907284768,1574.2135761589404,1.2294594594594594,800.0,408.0,438.0,2891.4500000000003
21041,RED RETROSPOT OVEN GLOVE DOUBLE,1.6490066225165563,601.8874172185431,2.948019801980198,320.0,41.0,53.0,2890.2000000000003
21055,TOOL BOX SOFT TOY ,0.5231788079470199,190.96026490066225,9.210338983050846,102.0,6.0,10.0,2889.64
23242,TREASURE TIN BUFFALO BILL ,2.3675496688741724,864.155629139073,2.0739473684210528,456.0,75.0,92.0,2886.0800000000004
21592,RETROSPOT CIGAR BOX MATCHES ,4.569536423841059,1667.8807947019866,1.1584375,848.0,103.0,135.0,2885.46
21705,BAG 500g SWIRLY MARBLES,3.975165562913907,1450.935430463576,1.5597849462365592,682.0,86.0,114.0,2883.21
21447,12 IVORY ROSE PEG PLACE SETTINGS,3.935430463576159,1436.432119205298,1.2467381974248928,759.0,127.0,155.0,2882.33
21584,RETROSPOT SMALL TUBE MATCHES,2.915562913907285,1064.180463576159,1.6482758620689655,568.0,51.0,71.0,2881.65
82578,KITCHEN METAL SIGN,8.925496688741722,3257.806291390729,0.553768115942029,1715.0,103.0,165.0,2879.3500000000004
21519,GIN & TONIC DIET GREETING CARD ,11.617549668874172,4240.4056291390725,0.4139588100686499,2263.0,50.0,131.0,2868.66
21100,CHARLIE AND LOLA CHARLOTTE BAG,3.6771523178807946,1342.16059602649,1.5760625,653.0,127.0,153.0,2864.05
23035,DRAWER KNOB CERAMIC IVORY,3.369205298013245,1229.7599337748345,1.453855421686747,650.0,71.0,95.0,2863.39
21537,RED RETROSPOT PUDDING BOWL,1.1357615894039734,414.5529801324503,4.2379518072289155,221.0,24.0,32.0,2862.5
23393,HOME SWEET HOME CUSHION COVER ,1.2632450331125828,461.08443708609275,3.75,248.0,13.0,22.0,2861.25
22794,SWEETHEART WIRE MAGAZINE RACK,0.5993377483443708,218.75827814569536,7.93688524590164,117.0,6.0,10.0,2851.5
22309,TEA COSY RED  STRIPE,2.0,730.0,2.5713529411764706,377.0,63.0,77.0,2850.93
15039,SANDALWOOD FAN,6.864238410596027,2505.44701986755,0.8306593406593407,1228.0,222.0,270.0,2848.9
21192,WHITE BELL HONEYCOMB PAPER ,3.0546357615894038,1114.9420529801323,1.6298319327731092,585.0,139.0,160.0,2842.25
22172,METAL SHELF WITH RAIL ,0.5612582781456954,204.85927152317882,8.472929936305732,110.0,9.0,13.0,2839.0
23390,DOLLY GIRL MINI BACKPACK,1.1804635761589404,430.86920529801324,4.139115646258504,228.0,55.0,63.0,2838.9500000000003
84968D,S/16 VINTAGE RED CUTLERY,0.41887417218543044,152.88907284768212,12.43235294117647,78.0,125.0,128.0,2836.95
23283,DOORMAT VINTAGE LEAVES DESIGN ,0.7052980132450332,257.4337748344371,7.66625,130.0,47.0,52.0,2833.7000000000003
18098C,PORCELAIN BUTTERFLY OIL BURNER,1.859271523178808,678.634105960265,2.891304347826087,343.0,45.0,58.0,2832.8500000000004
85049D,BRIGHT BLUES RIBBONS ,3.7798013245033113,1379.6274834437086,1.2494986807387862,743.0,39.0,65.0,2826.39
22071,SMALL WHITE RETROSPOT MUG IN BOX ,1.8625827814569536,679.842715231788,3.689565217391304,304.0,94.0,107.0,2825.37
84279B,CHERRY BLOSSOM DECORATIVE FLASK,1.2864238410596027,469.544701986755,3.7289361702127657,251.0,46.0,55.0,2820.15
21206,STRAWBERRY HONEYCOMB  GARLAND ,3.4072847682119205,1243.658940397351,1.6083333333333334,622.0,79.0,103.0,2819.7
21990,MODERN FLORAL STATIONERY SET,2.956953642384106,1079.2880794701987,1.805169491525424,547.0,61.0,82.0,2818.3
22154,ANGEL DECORATION 3 BUTTONS ,11.271523178807946,4114.1059602649,0.41949790794979075,2214.0,178.0,257.0,2816.16
22944,CHRISTMAS METAL POSTCARD WITH BELLS,6.928807947019868,2529.014900662252,0.8347663551401869,1231.0,234.0,283.0,2813.03
23182,TOILET SIGN OCCUPIED OR VACANT,5.5927152317880795,2041.341059602649,0.8792635658914728,1077.0,62.0,101.0,2807.69
22037,ROBOT BIRTHDAY CARD,11.177152317880795,4079.66059602649,0.4201052631578947,2204.0,43.0,121.0,2806.0
22972,CHILDREN'S SPACEBOY MUG,2.8509933774834435,1040.612582781457,1.653422459893048,561.0,36.0,56.0,2802.26
21706,"FOLDING UMBRELLA , RED/WHITE SPOT",1.490066225165563,543.8741721854304,4.516666666666667,245.0,91.0,101.0,2799.0
21354,TOAST ITS - BEST MUM,3.975165562913907,1450.935430463576,1.2229411764705882,770.0,138.0,166.0,2797.25
23329,DECORATIVE WICKER HEART LARGE,2.816225165562914,1027.9221854304635,1.6482758620689655,558.0,34.0,54.0,2794.65
22710,WRAP I LOVE LONDON ,11.76158940397351,4292.980132450331,0.41583333333333333,2272.0,294.0,376.0,2787.68
84909A,PINK PAISLEY QUILT ,0.3443708609271523,125.69536423841059,17.329310344827586,60.0,53.0,55.0,2784.8
21507,"ELEPHANT, BIRTHDAY CARD, ",11.407284768211921,4163.658940397351,0.41609022556390973,2237.0,73.0,153.0,2782.92
22712,CARD DOLLY GIRL ,11.60430463576159,4235.57119205298,0.42771014492753623,2225.0,147.0,228.0,2777.73
23056,FLOWERS CHANDELIER T-LIGHT HOLDER,1.4288079470198676,521.5149006622516,6.1529729729729725,206.0,255.0,265.0,2770.91
47504K,ENGLISH ROSE GARDEN SECATEURS,4.271523178807947,1559.1059602649007,1.3644776119402986,756.0,71.0,101.0,2769.64
21796,SET OF 3 RED STRIPE BASKETS,0.5347682119205298,195.19039735099338,12.660757575757575,88.0,122.0,126.0,2769.44
84279P,CHERRY BLOSSOM  DECORATIVE FLASK,1.240066225165563,452.6241721854305,3.7316666666666665,246.0,11.0,20.0,2762.67
21626,VINTAGE UNION JACK PENNANT,2.3427152317880795,855.091059602649,1.95,468.0,29.0,45.0,2759.25
23290,SPACEBOY CHILDRENS BOWL,3.9188741721854305,1430.3890728476822,1.2419540229885058,759.0,121.0,148.0,2757.15
21239,PINK  SPOTTY CUP,5.612582781456954,2048.592715231788,0.8456521739130435,1101.0,74.0,113.0,2756.7
85114B,IVORY ENCHANTED FOREST PLACEMAT,2.902317880794702,1059.3460264900664,1.6424050632911393,568.0,113.0,133.0,2756.45
23345, DOLLY GIRL BEAKER,3.9635761589403975,1446.705298013245,1.2437037037037038,763.0,242.0,270.0,2754.5
23354,6 GIFT TAGS 50'S CHRISTMAS ,5.53476821192053,2020.1903973509934,0.8295910780669145,1103.0,67.0,106.0,2750.9300000000003
22925,BLUE GIANT GARDEN THERMOMETER,0.7698675496688742,281.00165562913907,5.982034883720931,153.0,15.0,20.0,2743.77
22674,FRENCH TOILET SIGN BLUE METAL,3.7533112582781456,1369.958609271523,1.2510569105691056,740.0,71.0,97.0,2741.48
23051,RECYCLED ACAPULCO MAT BLUE,0.554635761589404,202.44205298013244,8.237969924812031,111.0,9.0,13.0,2741.35
22095,LADS ONLY TISSUE BOX,4.66887417218543,1704.139072847682,0.8948979591836735,976.0,158.0,191.0,2741.16
22955,36 FOIL STAR CAKE CASES ,2.3245033112582782,848.4437086092715,2.0379754601226994,456.0,67.0,83.0,2740.04
22963,JAM JAR WITH GREEN LID,5.711920529801325,2084.8509933774835,0.8435294117647059,1112.0,108.0,148.0,2733.6
22480,RED TEA TOWEL CLASSIC DESIGN,3.76158940397351,1372.9801324503312,1.245421686746988,742.0,66.0,92.0,2730.56
21820,GLITTER HEART GARLAND WITH BELLS ,1.2251655629139073,447.18543046357615,3.763840579710145,244.0,32.0,41.0,2724.71
84813,SET OF 4 DIAMOND NAPKIN RINGS,0.6274834437086093,229.0314569536424,10.521159420289855,104.0,37.0,41.0,2722.47
16161U,WRAP SUKI AND FRIENDS,11.052980132450331,4034.337748344371,0.4185576923076923,2195.0,184.0,261.0,2721.92
22285,"DECORATION HEN ON NEST, HANGING",3.0413907284768213,1110.1076158940398,1.6403846153846153,582.0,189.0,210.0,2718.4500000000003
22067,CHOC TRUFFLE GOLD TRINKET POT ,2.922185430463576,1066.5976821192053,1.5999999999999999,577.0,79.0,99.0,2717.13
22242,5 HOOK HANGER MAGIC TOADSTOOL,2.9089403973509933,1061.7632450331125,1.6355670103092783,570.0,171.0,191.0,2707.05
22757,LARGE RED BABUSHKA NOTEBOOK ,4.19205298013245,1530.0993377483444,1.1777433628318585,806.0,122.0,151.0,2703.73
21272,SALLE DE BAIN HOOK,3.607615894039735,1316.7798013245033,1.2497021276595746,726.0,72.0,97.0,2703.11
21328,BALLOONS  WRITING SET ,2.7019867549668874,986.225165562914,1.6662105263157894,544.0,19.0,38.0,2691.4
23190,BUNDLE OF 3 SCHOOL EXERCISE BOOKS  ,2.7781456953642385,1014.023178807947,1.6513333333333333,554.0,58.0,77.0,2691.14
21949,SET OF 6 STRAWBERRY CHOPSTICKS,3.879139072847682,1415.885761589404,1.2670370370370372,747.0,365.0,392.0,2682.79
22949,36 DOILIES DOLLY GIRL,3.193708609271523,1165.703642384106,1.446946564885496,635.0,186.0,208.0,2681.85
22667,RECIPE BOX RETRO SPOT DESIGN,1.576158940397351,575.2980132450332,2.938636363636364,313.0,80.0,91.0,2674.0000000000005
22162,HEART GARLAND RUSTIC PADDED,1.531456953642384,558.9817880794702,2.9471014492753627,308.0,57.0,68.0,2671.15
21728,METAL MEDINA LANTERN ,0.4867549668874172,177.66556291390728,12.386111111111111,85.0,147.0,150.0,2670.6
22990,COTTON APRON PANTRY DESIGN,0.9966887417218543,363.7913907284768,4.760140845070423,195.0,44.0,51.0,2670.54
84510A,SET OF 4 ENGLISH ROSE COASTERS,3.5860927152317883,1308.9238410596026,1.2598709677419355,721.0,38.0,63.0,2670.54
23147,SINGLE ANTIQUE ROSE HOOK IVORY,3.051324503311258,1113.7334437086092,1.4492125984251967,620.0,22.0,43.0,2669.95
21682,LARGE MEDINA STAMPED METAL BOWL ,0.9072847682119205,331.158940397351,4.980567375886524,182.0,27.0,33.0,2667.21
90057,DIAMANTE RING ASSORTED IN BOX.,2.980132450331126,1087.7483443708609,1.6276470588235294,578.0,306.0,327.0,2660.88
22066,LOVE HEART TRINKET POT,5.639072847682119,2058.261589403973,1.014846153846154,1007.0,88.0,127.0,2654.64
84968A,SET OF 16 VINTAGE ROSE CUTLERY,0.3609271523178808,131.73841059602648,12.671739130434784,72.0,21.0,24.0,2649.8999999999996
22436,12 COLOURED PARTY BALLOONS,6.882450331125828,2512.094370860927,0.6538461538461539,1386.0,83.0,131.0,2637.85
21329,DINOSAURS  WRITING SET ,2.673841059602649,975.9519867549668,1.6639733333333333,542.0,22.0,41.0,2635.99
23427,STOOL HOME SWEET HOME ,0.3758278145695364,137.1771523178808,12.30373831775701,75.0,25.0,28.0,2635.9
22754,SMALL RED BABUSHKA NOTEBOOK ,6.077814569536423,2218.4023178807947,0.806151832460733,1173.0,81.0,124.0,2635.81
22277,COSMETIC BAG VINTAGE ROSE PAISLEY,2.1572847682119205,787.408940397351,2.134842105263158,429.0,63.0,78.0,2633.42
23211,RED ROCKING HORSE HAND PAINTED,3.652317880794702,1333.0960264900664,1.2411016949152542,733.0,117.0,143.0,2631.5
21360,JOY LARGE WOOD LETTERS,0.7168874172185431,261.66390728476824,9.241847826086955,119.0,83.0,88.0,2631.35
22482,BLUE TEA TOWEL CLASSIC DESIGN,3.697019867549669,1349.4122516556292,1.2416585365853658,737.0,84.0,110.0,2627.09
22755,SMALL PURPLE BABUSHKA NOTEBOOK ,5.8658940397351,2141.051324503311,0.8190322580645161,1143.0,63.0,104.0,2624.6
84596F,SMALL MARSHMALLOWS PINK BOWL,6.910596026490066,2522.3675496688743,0.7151551312649164,1328.0,59.0,107.0,2623.46
21765,HANGING METAL BIRD BATH,0.5596026490066225,204.2549668874172,7.900413223140497,114.0,18.0,22.0,2613.9
21508,VINTAGE KID DOLLY CARD ,10.71523178807947,3911.059602649006,0.4152078239608802,2170.0,55.0,130.0,2611.57
21683,MEDIUM MEDINA STAMPED METAL BOWL ,1.5066225165562914,549.9172185430464,2.9439849624060153,306.0,52.0,63.0,2607.7000000000003
22046,TEA PARTY  WRAPPING PAPER ,10.513245033112582,3837.3344370860927,0.4184541062801932,2141.0,110.0,184.0,2603.0
22675,FRENCH KITCHEN SIGN BLUE METAL,3.552980132450331,1296.8377483443708,1.2775545851528385,712.0,73.0,98.0,2599.91
22671,FRENCH LAUNDRY SIGN BLUE METAL,2.6788079470198674,977.7649006622515,1.681204188481675,539.0,74.0,93.0,2599.46
22167,"WALL MIRROR , DIAMANTE OVAL SHAPE",0.640728476821192,233.8658940397351,9.321,112.0,43.0,47.0,2591.85
23053,RECYCLED ACAPULCO MAT PINK,0.5264900662251656,192.16887417218544,8.231395348837209,108.0,11.0,15.0,2589.9
21897,POTTING SHED CANDLE CITRONELLA,1.4188741721854305,517.8890728476822,2.9407843137254908,297.0,149.0,159.0,2588.27
85049B,LUSH GREENS RIBBONS,3.4635761589403975,1264.205298013245,1.2488087774294672,711.0,43.0,67.0,2585.36
85183B,CHARLIE & LOLA WASTEPAPER BIN FLORA,2.80794701986755,1024.9006622516556,2.0251612903225804,503.0,112.0,132.0,2583.5
22473,TV DINNER TRAY VINTAGE PAISLEY,1.2119205298013245,442.3509933774834,4.595722891566265,219.0,41.0,49.0,2580.44
22177,5 HOOK BLACKBOARD ORGANISER ,0.4966887417218543,181.2913907284768,9.875294117647059,96.0,47.0,50.0,2579.64
23164,REGENCY CAKE SLICE,0.9337748344370861,340.82781456953643,4.922625,186.0,46.0,53.0,2579.21
21214,SET OF 72 IVORY PAPER DOILIES,3.119205298013245,1138.5099337748345,1.4421259842519685,628.0,162.0,184.0,2578.2
22696,WICKER WREATH LARGE,2.251655629139073,821.8543046357615,1.9676190476190476,457.0,34.0,50.0,2577.2599999999998
21439,BASKET OF TOADSTOOLS,3.5149006622516556,1282.9387417218543,1.2488484848484849,717.0,151.0,176.0,2576.23
79164,BLACK WINE GLASS,6.0,2190.0,1.2999999999999998,918.0,666.0,708.0,2573.76
85132B,CHARLIE AND LOLA TABLE TINS,1.478476821192053,539.6440397350993,4.39,248.0,64.0,74.0,2573.35
21589,SWALLOW GIANT TUBE MATCHES,1.846026490066225,673.7996688741722,2.503448275862069,367.0,105.0,118.0,2573.25
23534,STOP FOR TEA WALL ART,0.8576158940397351,313.02980132450335,5.775853658536586,165.0,144.0,150.0,2572.7
21096,SET/6 FRUIT SALAD  PAPER PLATES,26.119205298013245,9533.509933774834,0.5442574257425743,2959.0,4276.0,4459.0,2572.34
22080,RIBBON REEL POLKADOTS ,2.629139072847682,959.635761589404,1.6479695431472081,540.0,60.0,78.0,2572.2
22145,CHRISTMAS CRAFT HEART STOCKING ,2.0860927152317883,761.4238410596028,2.091329479768786,427.0,45.0,60.0,2566.0
85049F,BABY BOOM RIBBONS ,3.433774834437086,1253.3278145695365,1.2493666666666667,708.0,45.0,69.0,2565.14
22828,REGENCY MIRROR WITH SHUTTERS,0.028145695364238412,10.273178807947021,154.0909090909091,6.0,2.0,2.0,2565.0
23212,HEART WREATH DECORATION WITH BELL,3.5811258278145695,1307.1109271523178,1.238724832214765,726.0,104.0,129.0,2562.63
23100,SILVER BELLS TABLE DECORATION,3.4602649006622515,1262.9966887417218,1.246164383561644,712.0,45.0,69.0,2562.1
22773,GREEN DRAWER KNOB ACRYLIC EDWARDIAN,3.486754966887417,1272.6655629139073,1.2504597701149427,713.0,68.0,92.0,2561.46
22572,ROCKING HORSE GREEN CHRISTMAS ,5.1572847682119205,1882.408940397351,0.846690909090909,1054.0,68.0,104.0,2560.39
21788,KIDS RAIN MAC BLUE,5.319536423841059,1941.6307947019866,0.8476795580110498,1070.0,116.0,153.0,2559.0299999999997
23395,BELLE JARDINIERE CUSHION COVER,1.130794701986755,412.7400662251656,3.7473863636363633,235.0,20.0,28.0,2555.73
21499,BLUE SPOTS  WRAP,10.513245033112582,3837.3344370860927,0.41673469387755097,2146.0,137.0,211.0,2555.0
22519,CHILDS GARDEN BRUSH PINK,2.185430463576159,797.682119205298,2.0779024390243905,438.0,58.0,73.0,2554.98
22372,AIRLINE BAG VINTAGE WORLD CHAMPION ,0.8708609271523179,317.86423841059604,4.944649122807017,179.0,11.0,17.0,2554.08
21742,LARGE ROUND WICKER PLATTER ,0.7102649006622517,259.24668874172187,5.95,148.0,8.0,13.0,2552.55
21240,BLUE  SPOTTY CUP,5.170529801324503,1887.2433774834435,0.846086956521739,1056.0,71.0,107.0,2542.23
22905,CALENDAR IN SEASON DESIGN,1.5480132450331126,565.024834437086,2.852013888888889,315.0,49.0,60.0,2541.6400000000003
37340,MULTICOLOUR SPRING FLOWER MUG,21.660596026490065,7906.117549668874,0.5329166666666666,2724.0,3122.0,3274.0,2539.31
20956,PORCELAIN T-LIGHT HOLDERS ASSORTED,3.5099337748344372,1281.1258278145697,1.2639310344827588,712.0,109.0,134.0,2538.43
22349,"DOG BOWL , CHASING BALL DESIGN",1.150662251655629,419.9917218543046,3.722542372881356,238.0,27.0,35.0,2537.13
21980,PACK OF 12 RED RETROSPOT TISSUES ,13.948675496688741,5091.266556291391,0.3173121387283237,2832.0,205.0,303.0,2533.77
22762,CUPBOARD 3 DRAWER MA CAMPAGNE,0.29304635761589404,106.96192052980132,14.785514018691588,60.0,7.0,9.0,2531.75
20985,HEART CALCULATOR,3.5281456953642385,1287.773178807947,1.2602678571428572,715.0,91.0,116.0,2531.53
23266,SET OF 3 WOODEN STOCKING DECORATION,3.251655629139073,1186.8543046357615,1.3111301369863015,673.0,28.0,51.0,2529.64
23146,TRIPLE HOOK ANTIQUE IVORY ROSE,1.2880794701986755,470.1490066225166,3.2825233644859817,268.0,15.0,24.0,2526.02
22208,WOOD STAMP SET THANK YOU,3.447019867549669,1258.1622516556292,1.2248902821316614,717.0,34.0,58.0,2525.87
82600,N0 SINGING METAL SIGN,1.9817880794701987,723.3526490066225,2.091142857142857,416.0,260.0,274.0,2523.78
22132,RED LOVE HEART SHAPE CUP,5.039735099337748,1839.503311258278,0.85,1040.0,81.0,116.0,2521.88
22415,WHITE TISSUE REAM,0.5248344370860927,191.56456953642382,7.95,110.0,7.0,11.0,2520.15
84012,MAGIC SHEEP WOOL GROWING FROM PAPER,2.948675496688742,1076.2665562913908,1.6448717948717946,572.0,78.0,99.0,2516.75
22518,CHILDS GARDEN BRUSH BLUE,2.1589403973509933,788.0132450331125,2.0763366336633666,436.0,59.0,74.0,2515.38
22930,BAKING MOULD HEART MILK CHOCOLATE,1.7218543046357615,628.476821192053,2.5655479452054792,350.0,59.0,71.0,2513.12
22179,SET 10 NIGHT OWL LIGHTS,0.6423841059602649,234.47019867549668,6.759126213592234,132.0,22.0,26.0,2510.34
21688,SILVER PLATE CANDLE BOWL SMALL,1.4072847682119205,513.658940397351,2.95,295.0,33.0,43.0,2507.5000000000005
22974,CHILDRENS DOLLY GIRL MUG,2.566225165562914,936.6721854304635,1.6851219512195124,527.0,70.0,88.0,2502.54
23333,IVORY WICKER HEART MEDIUM,3.326158940397351,1214.0480132450332,1.2481415929203539,697.0,37.0,60.0,2498.65
84944,SET OF 6 KASHMIR FOLKART BAUBLES,1.5082781456953642,550.5215231788079,3.2513245033112583,291.0,38.0,49.0,2493.75
21111,"SWISS ROLL TOWEL, CHOCOLATE  SPOTS",2.0,730.0,2.621538461538462,373.0,54.0,68.0,2493.3
22152,PLACE SETTING WHITE STAR,10.147350993377483,3703.783112582781,0.424273127753304,2089.0,233.0,304.0,2493.11
21327,SKULLS WRITING SET ,2.5033112582781456,913.7086092715232,1.649406528189911,526.0,22.0,40.0,2492.4
84519A,TOMATO CHARLIE+LOLA COASTER SET,1.8857615894039734,688.3029801324503,2.340759493670886,383.0,53.0,66.0,2488.8900000000003
84849D,HOT BATHS SOAP HOLDER,2.513245033112583,917.3344370860927,1.6868421052631577,521.0,64.0,82.0,2484.78
21923,RED/CREAM STRIPE FRINGE HAMMOCK,0.5380794701986755,196.39900662251657,7.875925925925926,112.0,15.0,19.0,2483.75
22200,FRYING PAN PINK POLKADOT ,0.9933774834437086,362.5827814569536,4.229166666666667,207.0,39.0,46.0,2483.0
84968C,S/16 VINTAGE PISTACHIO CUTLERY,0.35596026490066224,129.9254966887417,12.629999999999999,72.0,82.0,84.0,2482.0499999999997
22365,DOOR MAT RESPECTABLE HOUSE,0.5927152317880795,216.341059602649,7.296538461538462,122.0,16.0,20.0,2479.86
21239,PINK  POLKADOT CUP,5.1158940397351,1867.3013245033114,0.8464591439688716,1050.0,84.0,120.0,2477.52
22927,GREEN GIANT GARDEN THERMOMETER,0.7086092715231788,258.6423841059603,5.935714285714286,148.0,19.0,24.0,2474.6
22664,TOY TIDY DOLLY GIRL DESIGN,2.1589403973509933,788.0132450331125,2.1019662921348314,433.0,51.0,66.0,2474.38
22028,PENNY FARTHING BIRTHDAY CARD,10.071192052980132,3675.985099337748,0.42311475409836063,2084.0,65.0,135.0,2474.29
85035C,ROSE 3 WICK MORRIS BOX CANDLE,2.1556291390728477,786.8046357615895,2.9387356321839078,366.0,100.0,115.0,2470.82
21486,PINK HEART DOTS HOT WATER BOTTLE,1.3923841059602649,508.22019867549665,3.628235294117647,265.0,46.0,56.0,2466.87
21188,3D HEARTS  HONEYCOMB PAPER GARLAND,1.4172185430463575,517.2847682119206,2.9295918367346943,297.0,38.0,48.0,2463.6000000000004
21171,BATHROOM METAL SIGN ,2.9966887417218544,1093.791390728477,1.4244493392070483,620.0,79.0,100.0,2461.2999999999997
22576,SWALLOW WOODEN CHRISTMAS DECORATION,4.809602649006623,1755.5049668874171,0.87,1004.0,70.0,104.0,2456.77
21465,PINK FLOWER CROCHET FOOD COVER,1.150662251655629,419.9917218543046,3.7685350318471333,236.0,67.0,75.0,2456.36
22479,DAISY GARDEN MARKER,3.033112582781457,1107.0860927152319,1.251741935483871,665.0,176.0,197.0,2453.7
21422,PORCELAIN ROSE SMALL,5.059602649006623,1846.7549668874171,0.8716666666666667,1029.0,246.0,281.0,2448.36
47480,HANGING PHOTO CLIP ROPE LADDER,2.576158940397351,940.2980132450332,1.7518181818181815,518.0,126.0,144.0,2441.68
22073,RETRO SPOT STORAGE JAR,1.1175496688741722,407.90562913907286,3.7148780487804878,234.0,28.0,36.0,2439.09
22816,CARD MOTORBIKE SANTA,9.847682119205299,3594.403973509934,0.41760797342192685,2075.0,73.0,142.0,2438.4
21224,SET/4 SKULL BADGES,3.23841059602649,1182.0198675496688,1.2472985781990522,688.0,32.0,55.0,2437.4
22449,SILK PURSE BABUSHKA PINK,1.2069536423841059,440.5380794701986,3.336289308176101,257.0,16.0,24.0,2437.08
23681,LUNCH BAG RED VINTAGE DOILY,2.5612582781456954,934.8592715231788,1.6415966386554621,534.0,109.0,127.0,2432.55
22439,6 ROCKET BALLOONS ,6.124172185430464,2235.322847682119,0.6707006369426751,1291.0,53.0,96.0,2431.95
22914,BLUE COAT RACK PARIS FASHION,0.8758278145695364,319.67715231788077,4.925466666666667,180.0,33.0,39.0,2429.19
15044C,PURPLE PAPER PARASOL,1.4271523178807948,520.9105960264901,2.932608695652174,298.0,38.0,48.0,2428.5
23407,SET OF 2 TRAYS HOME SWEET HOME,0.4105960264900662,149.86754966887418,9.925254237288135,87.0,8.0,11.0,2426.72
22792,FLUTED ANTIQUE CANDLE HOLDER,4.885761589403973,1783.3029801324503,0.8606432748538011,1018.0,85.0,119.0,2421.25
22291,"SPRING DEC , HANGING CHICK CREAM",3.0993377483443707,1131.2582781456954,1.405371900826446,634.0,124.0,146.0,2419.2
22503,CABIN BAG VINTAGE PAISLEY,0.173841059602649,63.45198675496689,26.92142857142857,34.0,15.0,16.0,2417.15
79320,FLAMINGO LIGHTS,0.8725165562913907,318.4685430463576,4.8578947368421055,181.0,41.0,47.0,2416.85
22081,RIBBON REEL FLORA + FAUNA ,2.4089403973509933,879.2632450331125,1.6873831775700934,510.0,21.0,38.0,2411.87
21324,HANGING MEDINA LANTERN SMALL,1.5529801324503312,566.8377483443709,2.9269531250000003,311.0,122.0,133.0,2410.7000000000003
21821,GLITTER STAR GARLAND WITH BELLS ,1.0778145695364238,393.4023178807947,3.740091743119266,229.0,31.0,39.0,2408.85
23542,WALL ART 70'S ALPHABET ,0.5529801324503312,201.83774834437088,8.062000000000001,112.0,80.0,84.0,2399.58
85041,SET/4 PINK ORCHID CANDLES IN BOWL,3.0099337748344372,1098.6258278145697,1.6186585365853656,583.0,401.0,422.0,2397.7799999999997
21653,GLASS ETCHED T-LIGHT HOLDER LARGE,1.9917218543046358,726.9784768211921,2.080769230769231,418.0,95.0,109.0,2397.3
23264,SET OF 3 WOODEN SLEIGH DECORATIONS,3.0496688741721854,1113.1291390728477,1.3229924242424242,649.0,28.0,49.0,2396.7
21693,SMALL HAMMERED SILVER CANDLEPOT ,1.3410596026490067,489.4867549668874,2.945959595959596,288.0,27.0,36.0,2387.1000000000004
22202,MILK PAN PINK RETROSPOT,1.0927152317880795,398.841059602649,3.7284615384615387,231.0,43.0,51.0,2385.7200000000003
22500,SET OF 2 TINS JARDIN DE PROVENCE,0.9155629139072847,334.1804635761589,4.551123595505618,192.0,13.0,19.0,2383.85
23535,BICYCLE SAFTEY WALL ART,0.7582781456953642,276.77152317880797,5.782307692307692,155.0,132.0,137.0,2371.94
21792,CLASSIC FRENCH STYLE BASKET GREEN ,0.7913907284768212,288.8576158940397,5.598484848484849,161.0,17.0,23.0,2368.1
22891,TEA FOR ONE POLKADOT,0.9089403973509934,331.7632450331126,4.497741935483871,192.0,18.0,24.0,2362.0099999999998
22937,BAKING MOULD CHOCOLATE CUPCAKES,1.5149006622516556,552.9387417218543,2.6142647058823525,325.0,29.0,40.0,2358.89
22651,GENTLEMAN SHIRT REPAIR KIT ,4.839403973509934,1766.382450331126,0.8756578947368421,1004.0,167.0,201.0,2356.63
22419,LIPSTICK PEN RED,9.339403973509933,3408.8824503311257,0.432406779661017,1985.0,140.0,205.0,2350.86
21898,POTTING SHED ROSE CANDLE,1.2582781456953642,459.27152317880797,2.950652173913044,279.0,173.0,182.0,2349.88
21813,GARLAND WITH STARS AND BELLS,0.8013245033112583,292.4834437086093,4.926404494382022,172.0,25.0,31.0,2345.4
22197,"POPCORN HOLDER , SMALL ",5.082781456953643,1855.2152317880796,0.8373170731707317,1053.0,365.0,401.0,2344.2999999999997
23292,SPACEBOY CHILDRENS CUP,3.230132450331126,1178.9983443708609,1.2651875000000001,683.0,96.0,119.0,2343.07
22146,EASTER CRAFT IVY WREATH WITH CHICK,2.2235099337748343,811.5811258278145,1.9113861386138613,461.0,113.0,129.0,2342.85
22231,JIGSAW TREE WITH BIRDHOUSE,3.225165562913907,1177.185430463576,1.1977678571428572,701.0,51.0,74.0,2340.58
84754,S/15 SILVER GLASS BAUBLES IN BAG,3.2417218543046356,1183.228476821192,1.2431736526946109,690.0,84.0,107.0,2338.06
21204,DAISIES  HONEYCOMB GARLAND ,2.447019867549669,893.1622516556292,1.6404109589041096,522.0,108.0,125.0,2337.9
22540,MINI JIGSAW CIRCUS PARADE ,10.038079470198676,3663.899006622517,0.4154304635761589,2100.0,440.0,510.0,2337.06
22217,T-LIGHT HOLDER HANGING LACE,3.6026490066225167,1314.9668874172187,1.150632183908046,756.0,74.0,99.0,2336.02
82597,BOMBS AWAY METAL SIGN,1.9089403973509933,696.7632450331125,2.082606060606061,409.0,36.0,49.0,2332.7400000000002
23131,MISTLETOE HEART WREATH CREAM,0.9519867549668874,347.4751655629139,4.2142307692307694,203.0,37.0,44.0,2332.13
22939,APRON APPLE DELIGHT,0.8145695364238411,297.317880794702,4.93125,174.0,35.0,41.0,2330.4
22315,200 RED + WHITE BENDY STRAWS,3.1953642384105962,1166.3079470198677,1.2461744966442954,684.0,61.0,83.0,2325.86
21191,LARGE WHITE HONEYCOMB PAPER BELL  ,2.0033112582781456,731.2086092715232,2.068189655172414,420.0,70.0,84.0,2323.7000000000003
22495,SET OF 2 ROUND TINS CAMEMBERT ,1.455298013245033,531.183774834437,2.8193193717277487,307.0,39.0,49.0,2322.3300000000004
51014C,"FEATHER PEN,COAL BLACK",6.362582781456954,2322.342715231788,0.6531250000000001,1333.0,138.0,183.0,2321.47
22818,CARD CHRISTMAS VILLAGE,9.228476821192054,3368.3940397350993,0.4189583333333333,2005.0,56.0,121.0,2319.48
23341,PINK DINER WALL CLOCK,0.4652317880794702,169.80960264900662,8.456632653061224,100.0,18.0,21.0,2317.1
22270,HAPPY EASTER HANGING DECORATION,1.044701986754967,381.3162251655629,3.741940298507463,226.0,33.0,40.0,2314.41
22811,SET OF 6 T-LIGHTS CACTI ,1.4751655629139073,538.4354304635762,2.9921428571428574,300.0,110.0,120.0,2310.9300000000003
21924,BLUE/CREAM STRIPE FRINGE HAMMOCK,0.5033112582781457,183.7086092715232,7.870353982300885,108.0,13.0,17.0,2307.8
22155,STAR DECORATION RUSTIC,9.084437086092715,3315.819536423841,0.42,1987.0,125.0,189.0,2304.54
85206B,PINK FELT EASTER EGG BASKET,2.4403973509933774,890.7450331125827,1.6377300613496932,521.0,94.0,111.0,2303.3
22613,PACK OF 20 SPACEBOY NAPKINS,4.903973509933775,1789.950331125828,0.8442241379310345,1030.0,104.0,138.0,2302.48
37502,TEA TIME MUG IN GIFT BOX,1.3344370860927153,487.0695364238411,2.942,288.0,42.0,51.0,2300.9
22758,LARGE PURPLE BABUSHKA NOTEBOOK  ,3.794701986754967,1385.0662251655629,1.168125,770.0,111.0,138.0,2299.64
21948,SET OF 6 CAKE CHOPSTICKS,3.294701986754967,1202.5662251655629,1.318695652173913,675.0,392.0,415.0,2298.31
84509F,SET OF 4 NEW ENGLAND PLACEMATS,4.543046357615894,1658.211920529801,3.659090909090909,476.0,2023.0,2055.0,2298.0
21686,MEDINA STAMPED METAL STOOL,0.10099337748344371,36.86258278145696,39.087931034482764,22.0,9.0,10.0,2296.9500000000003
23570,TRADITIONAL PICK UP STICKS GAME ,3.0397350993377485,1109.5033112582782,1.25,666.0,28.0,49.0,2295.0
85036A,GARDENIA 1 WICK MORRIS BOXED CANDLE,1.0016556291390728,365.6043046357616,3.970993788819876,215.0,24.0,31.0,2293.17
22911,PAPER CHAIN KIT LONDON,1.3526490066225165,493.7168874172185,2.955874125874126,289.0,50.0,59.0,2292.9900000000002
22789,T-LIGHT HOLDER SWEETHEART HANGING,1.9884105960264902,725.7698675496689,1.9741304347826087,429.0,25.0,39.0,2292.09
20668,DISCO BALL CHRISTMAS DECORATION,34.02317880794702,12418.460264900663,0.1186624203821656,7234.0,500.0,738.0,2292.04
84912A,PINK ROSE WASHBAG,1.4751655629139073,538.4354304635762,3.732142857142857,269.0,263.0,273.0,2291.25
21747,SMALL SKULL WINDMILL,3.283112582781457,1198.3360927152319,1.2396124031007751,695.0,172.0,195.0,2289.03
22581,WOOD STOCKING CHRISTMAS SCANDISPOT,4.9635761589403975,1811.705298013245,0.8076470588235294,1059.0,78.0,113.0,2282.2799999999997
21431,GREEN GINGHAM FLOWER JEWELLERY BOX,2.337748344370861,853.2781456953643,1.6482300884955752,509.0,58.0,74.0,2281.7999999999997
84968E,S/16 VINTAGE BLACK CUTLERY,0.3294701986754967,120.25662251655629,12.55,69.0,71.0,73.0,2278.0499999999997
21784,SHOE SHINE BOX ,0.3824503311258278,139.59437086092714,9.93925925925926,84.0,6.0,9.0,2275.25
23437, 50'S CHRISTMAS GIFT BAG LARGE,3.120860927152318,1139.114238410596,1.2480733944954128,676.0,165.0,187.0,2272.25
22933,BAKING MOULD EASTER EGG MILK CHOC,1.4503311258278146,529.3708609271523,2.922826086956522,301.0,106.0,116.0,2272.2000000000003
21642,ASSORTED TUTTI FRUTTI PEN,6.981788079470198,2548.3526490066224,0.6241752577319587,1429.0,129.0,178.0,2270.85
23412,HEART MIRROR ANTIQUE WHITE,0.5811258278145696,212.11092715231788,7.394583333333333,120.0,58.0,62.0,2269.14
22805,BLUE DRAWER KNOB ACRYLIC EDWARDIAN,3.0596026490066226,1116.7549668874171,1.2461486486486486,669.0,72.0,93.0,2266.68
21464,DISCO BALL ROTATOR BATTERY OPERATED,0.8841059602649006,322.69867549668874,4.2453271028037385,195.0,10.0,16.0,2265.5
23526,WALL ART DOG LICENCE ,0.7847682119205298,286.4403973509934,5.846507936507936,157.0,96.0,101.0,2265.18
21973,SET OF 36 MUSHROOM PAPER DOILIES,2.672185430463576,975.3476821192053,1.4413043478260867,582.0,78.0,97.0,2253.9
84795C,OCEAN STRIPE HAMMOCK ,0.4867549668874172,177.66556291390728,7.893396226415095,106.0,14.0,17.0,2253.3
85015,SET OF 12  VINTAGE POSTCARD SET,4.485099337748345,1637.061258278146,1.3216666666666665,787.0,135.0,166.0,2250.87
23048,SET OF 10 LANTERNS FAIRY LIGHT STAR,0.9271523178807947,338.41059602649005,4.192500000000001,201.0,93.0,99.0,2248.14
23400,SHELF WITH 4 HOOKS HOME SWEET HOME,0.7417218543046358,270.72847682119203,6.153333333333333,148.0,70.0,75.0,2247.36
23489,VINTAGE BELLS GARLAND,1.2980132450331126,473.7748344370861,2.886992481203008,286.0,24.0,33.0,2246.56
21789,KIDS RAIN MAC PINK,4.559602649006623,1664.2549668874171,0.8487777777777777,990.0,91.0,123.0,2245.68
22537,MAGIC DRAWING SLATE DINOSAUR,9.210264900662251,3361.7466887417218,0.41876288659793814,2003.0,174.0,238.0,2244.3
22153,ANGEL DECORATION STARS ON DRESS,8.922185430463577,3256.5976821192053,0.41940298507462687,1970.0,137.0,199.0,2243.2200000000003
72799E,IVORY PILLAR CANDLE SILVER FLOCK,1.8741721854304636,684.0728476821192,2.698571428571429,356.0,105.0,118.0,2242.84
23196,VINTAGE LEAF MAGNETIC NOTEPAD,2.6374172185430464,962.657284768212,1.4434883720930232,577.0,42.0,60.0,2242.65
85035B,CHOCOLATE 3 WICK MORRIS BOX CANDLE,1.5165562913907285,553.5430463576159,3.492857142857143,281.0,138.0,149.0,2242.12
21616,4 PEAR BOTANICAL DINNER CANDLES,1.7897350993377483,653.2533112582781,2.346875,373.0,39.0,52.0,2241.25
21203,BUTTERFLIES  HONEYCOMB GARLAND,2.392384105960265,873.2201986754967,1.6334862385321098,517.0,132.0,149.0,2240.25
85034B,3 WHITE CHOC MORRIS BOXED CANDLES,1.8294701986754967,667.7566225165563,2.4595575221238937,368.0,44.0,57.0,2232.73
21352,EUCALYPTUS & PINECONE  WREATH,1.228476821192053,448.39403973509934,4.174096385542168,232.0,36.0,45.0,2232.7000000000003
22642,SET OF 4 NAPKIN CHARMS STARS   ,1.5877483443708609,579.5281456953642,2.4238518518518517,346.0,36.0,47.0,2230.7000000000003
21462,"NURSERY A,B,C PAINTED LETTERS",0.6572847682119205,239.908940397351,6.3780254777070065,137.0,12.0,17.0,2230.15
22742,MAKE YOUR OWN PLAYTIME CARD KIT,1.5894039735099337,580.1324503311258,2.775276073619632,323.0,52.0,63.0,2227.4400000000005
21823,PAINTED METAL HEART WITH HOLLY BELL,3.7549668874172184,1370.5629139072846,1.1527932960893854,771.0,62.0,88.0,2224.24
85034C,3 ROSE MORRIS BOXED CANDLES,2.0480132450331126,747.524834437086,2.183818181818182,414.0,38.0,52.0,2223.73
84031A,CHARLIE+LOLA RED HOT WATER BOTTLE ,1.185430463576159,432.682119205298,4.19162962962963,227.0,39.0,47.0,2223.32
85199S,SMALL HANGING IVORY/RED WOOD BIRD,8.834437086092715,3224.569536423841,0.4319801980198019,1932.0,137.0,199.0,2222.99
21437,24 HANGING EASTER EGGS FLORAL TUB,1.0827814569536425,395.2152317880795,3.7344660194174755,230.0,97.0,105.0,2222.1
22609,PENS ASSORTED SPACEBALL,11.188741721854305,4083.890728476821,0.4026797385620915,2252.0,147.0,225.0,2221.1
22072,TEA CUP AND SAUCER RETRO SPOT,1.0165562913907285,371.0430463576159,3.7397142857142858,223.0,81.0,88.0,2218.98
22897,OVEN MITT APPLES DESIGN,2.564569536423841,936.067880794702,1.528538812785388,553.0,39.0,57.0,2214.61
22713,CARD I LOVE LONDON ,9.312913907284768,3399.21357615894,0.4191701244813278,2014.0,210.0,275.0,2214.2799999999997
84912B,GREEN ROSE WASHBAG,1.4403973509933774,525.7450331125827,3.729651162790698,265.0,281.0,291.0,2212.5
23316,RED REFECTORY CLOCK ,0.3890728476821192,142.01158940397352,9.817368421052631,85.0,11.0,14.0,2212.25
21809,CHRISTMAS HANGING TREE WITH BELL,4.748344370860927,1733.1456953642385,0.9520915032679738,954.0,123.0,156.0,2202.69
21323,HANGING MEDINA LANTERN LARGE,1.1655629139072847,425.4304635761589,4.1685185185185185,226.0,222.0,230.0,2201.25
72800E,4 IVORY DINNER CANDLES SILVER FLOCK,2.0993377483443707,766.2582781456953,2.2464529914529914,413.0,33.0,48.0,2200.2
23498,CLASSIC BICYCLE CLIPS ,2.627483443708609,959.0314569536423,1.4402247191011237,577.0,289.0,307.0,2200.15
23188,VINTAGE  2 METRE FOLDING RULER,2.187086092715232,798.2864238410596,1.7389922480620155,479.0,60.0,75.0,2197.69
85183A,CHARLIE & LOLA WASTEPAPER BIN BLUE,2.478476821192053,904.6440397350995,2.109328358208955,463.0,129.0,146.0,2194.75
84840,SWEETHEART CARRY-ALL BASKET,0.43543046357615894,158.93211920529802,8.45952380952381,97.0,6.0,9.0,2194.7
22451,SILK PURSE BABUSHKA RED,1.1059602649006623,403.67549668874176,3.3433333333333333,246.0,33.0,41.0,2194.6000000000004
22731,3D CHRISTMAS STAMPS STICKERS ,2.9072847682119205,1061.158940397351,1.3111046511627906,636.0,61.0,81.0,2192.68
22281,EASTER TREE YELLOW BIRDS,0.7003311258278145,255.6208609271523,5.915816326530612,147.0,70.0,75.0,2192.25
21873,IF YOU CAN'T STAND THE HEAT MUG,3.216887417218543,1174.1639072847681,1.2633999999999999,682.0,229.0,252.0,2191.75
23054,RECYCLED ACAPULCO MAT LAVENDER,0.44039735099337746,160.74503311258277,8.242660550458716,99.0,7.0,10.0,2189.7
23330,DECORATIVE WICKER HEART MEDIUM,2.8990066225165565,1058.137417218543,1.2489603960396038,651.0,44.0,64.0,2181.19
23079,TOADSTOOL BEDSIDE LIGHT ,0.40728476821192056,148.658940397351,8.936538461538461,91.0,11.0,14.0,2180.7
21680,WOODLAND  STICKERS,4.3907284768211925,1602.6158940397352,0.8482666666666666,972.0,153.0,184.0,2179.3199999999997
22711,WRAP CIRCUS PARADE,8.778145695364238,3204.023178807947,0.4191011235955056,1955.0,140.0,201.0,2178.84
22776,SWEETHEART 3 TIER CAKE STAND ,0.3675496688741722,134.15562913907286,9.92642276422764,82.0,7.0,10.0,2174.1
21819,GLITTER CHRISTMAS STAR ,6.258278145695364,2284.271523178808,0.6609999999999999,1314.0,87.0,131.0,2173.7599999999998
85227,SET OF 6 3D KIT CARDS FOR KIDS,4.263245033112582,1556.0844370860925,0.8636666666666667,949.0,63.0,93.0,2172.1299999999997
22375,AIRLINE BAG VINTAGE JET SET BROWN,0.7798013245033113,284.6274834437086,4.702307692307692,174.0,12.0,17.0,2171.25
22566,FELTCRAFT HAIRBAND PINK AND PURPLE,4.394039735099338,1603.8245033112585,0.871578947368421,959.0,211.0,242.0,2170.1
20960,WATERMELON BATH SPONGE,2.879139072847682,1050.885761589404,1.2486805555555556,649.0,70.0,90.0,2169.95
79072,TEATIME CAKE TIN WITH HANDLE,0.38079470198675497,138.99006622516558,9.71190476190476,85.0,12.0,15.0,2168.5
85014C,BLUE/BROWN DOTS RUFFLED UMBRELLA,0.8923841059602649,325.72019867549665,5.843846153846155,167.0,129.0,135.0,2167.85
21696,SMALL SILVER TRELLIS CANDLEPOT,1.2152317880794703,443.55960264900665,2.95,274.0,20.0,29.0,2165.3
21681,GIANT MEDINA STAMPED METAL BOWL ,0.37748344370860926,137.7814569536424,9.892,83.0,21.0,24.0,2164.2
22831,WHITE BROCANTE SOAP DISH,1.2433774834437086,453.8327814569536,2.9466666666666668,278.0,56.0,65.0,2157.8500000000004
22306,SILVER MUG BONE CHINA TREE OF LIFE,2.6125827814569536,953.592715231788,1.4821333333333333,567.0,45.0,63.0,2157.17
23401,RUSTIC MIRROR WITH LACE HEART,0.7334437086092715,267.7069536423841,6.0931428571428565,148.0,87.0,92.0,2155.51
21615,4 LAVENDER BOTANICAL DINNER CANDLES,1.8476821192052981,674.4039735099338,2.1806569343065694,393.0,58.0,71.0,2154.5
35001W,HAND OPEN SHAPE DECO.WHITE,1.2417218543046358,453.22847682119203,3.3954545454545455,258.0,74.0,83.0,2154.2400000000002
22824,3 TIER SWEETHEART GARDEN SHELF,0.10099337748344371,36.86258278145696,35.7,23.0,3.0,4.0,2153.9500000000003
23265,SET OF 3 WOODEN TREE DECORATIONS,2.756622516556291,1006.1672185430463,1.31984496124031,617.0,26.0,45.0,2153.71
22091,EMPIRE TISSUE BOX,5.031456953642384,1836.48178807947,0.8621074380165289,1032.0,122.0,157.0,2152.81
22539,MINI JIGSAW DOLLY GIRL,9.125827814569536,3330.927152317881,0.41087719298245606,2013.0,229.0,293.0,2150.5699999999997
22952,72 CAKE CASES VINTAGE CHRISTMAS,7.107615894039735,2594.2798013245033,0.5394949494949496,1551.0,312.0,362.0,2148.99
23406,HOME SWEET HOME KEY HOLDER,0.7185430463576159,262.2682119205298,6.1423404255319145,146.0,75.0,80.0,2148.54
22376,AIRLINE BAG VINTAGE JET SET WHITE,0.7433774834437086,271.3327814569536,4.868247422680412,167.0,9.0,14.0,2148.09
21126,SET OF 6 GIRLS CELEBRATION CANDLES,3.6374172185430464,1327.6572847682119,1.2210328638497652,737.0,132.0,157.0,2147.93
22735,RIBBON REEL SOCKS AND MITTENS,2.1821192052980134,796.4735099337748,1.698447204968944,484.0,58.0,73.0,2146.38
22829,SWEETHEART WIRE WALL TIDY,0.36920529801324503,134.75993377483442,9.865533980582525,83.0,8.0,11.0,2146.35
22525,CHILDRENS GARDEN GLOVES PINK,2.8824503311258276,1052.094370860927,1.2468464730290456,650.0,35.0,55.0,2145.85
85034A,3 GARDENIA MORRIS BOXED CANDLES,1.3559602649006623,494.92549668874176,2.994273504273504,287.0,41.0,50.0,2145.11
21012,ANTIQUE ALL GLASS CANDLESTICK,2.433774834437086,888.3278145695365,2.027692307692308,468.0,130.0,147.0,2143.08
22524,CHILDRENS GARDEN GLOVES BLUE,2.872516556291391,1048.4685430463576,1.2467521367521368,648.0,34.0,54.0,2142.91
22325,MOBILE VINTAGE HEARTS ,0.7268211920529801,265.28973509933775,4.941025641025641,164.0,17.0,22.0,2137.35
21468,BUTTERFLY CROCHET FOOD COVER,1.0248344370860927,374.06456953642385,3.798099173553719,222.0,78.0,85.0,2136.67
84795B,SUNSET CHECK HAMMOCK,0.4685430463576159,171.0182119205298,7.841566265060242,104.0,16.0,19.0,2135.85
21744,SNOWFLAKE PORTABLE TABLE LIGHT ,1.1721854304635762,427.8476821192053,3.0758227848101267,264.0,16.0,24.0,2134.0400000000004
21330,WOODLAND ANIMAL  WRITING SET ,2.2466887417218544,820.0413907284768,1.6453488372093024,499.0,162.0,178.0,2133.0499999999997
23445,ICE CREAM BUBBLES,4.382450331125828,1599.594370860927,0.8265263157894737,984.0,142.0,173.0,2131.0099999999998
22708,WRAP DOLLY GIRL,8.774834437086092,3202.8145695364237,0.4184810126582279,1956.0,282.0,343.0,2130.0
23252,VINTAGE RED ENAMEL TRIM JUG ,0.956953642384106,349.2880794701987,3.7425203252032517,216.0,28.0,35.0,2123.34
23093,SMALL PARISIENNE HEART PHOTO FRAME ,1.5149006622516556,552.9387417218543,2.472845528455285,334.0,59.0,70.0,2122.67
84818,DANISH ROSE PHOTO FRAME,2.7996688741721854,1021.8791390728477,1.7669934640522873,538.0,59.0,79.0,2122.61
17091J,VANILLA INCENSE IN TIN,6.508278145695364,2375.521523178808,0.731987951807229,1274.0,164.0,210.0,2122.19
85107,CUT GLASS T-LIGHT HOLDER OCTAGON,1.935430463576159,706.432119205298,2.265151515151515,395.0,167.0,181.0,2118.21
22409,MONEY BOX BISCUITS DESIGN,2.6324503311258276,960.844370860927,1.2483333333333335,620.0,302.0,320.0,2112.8999999999996
85035A,GARDENIA 3 WICK MORRIS BOXED CANDLE,1.0149006622516556,370.4387417218543,3.800379746835443,221.0,26.0,33.0,2112.17
22452,MEASURING TAPE BABUSHKA PINK,1.240066225165563,452.6241721854305,2.91,279.0,42.0,51.0,2111.3500000000004
21611,SET OF 12 LILY BOTANICAL T-LIGHTS,1.216887417218543,444.16390728476824,2.941240875912409,275.0,34.0,43.0,2110.65
23232,WRAP VINTAGE LEAF DESIGN,8.693708609271523,3173.203642384106,0.4173333333333333,1950.0,258.0,319.0,2109.42
ADJUST,Adjustment by john on 26/01/2010 16,0.029801324503311258,10.87748344370861,117.07833333333332,7.0,0.0,0.0,2107.41
22021,BLUE FELT EASTER EGG BASKET,2.160596026490066,788.6175496688742,1.6434272300469481,490.0,35.0,50.0,2106.45
23233,WRAP POPPIES  DESIGN,8.567880794701987,3127.276490066225,0.41861635220125787,1933.0,218.0,278.0,2105.5
22983,CARD BILLBOARD FONT,8.480132450331126,3095.248344370861,0.42713432835820897,1903.0,83.0,142.0,2103.75
23501,KEY RING BASEBALL BOOT UNION JACK,2.9304635761589406,1069.6192052980134,1.2379310344827588,657.0,129.0,150.0,2103.3
85045,GREEN CHRISTMAS TREE STRING 20LIGHT,0.7566225165562914,276.1672185430464,4.891666666666667,168.0,64.0,69.0,2102.55
47570,ENGLISH ROSE TABLE CLOTH,0.34271523178807944,125.091059602649,10.61776119402985,77.0,27.0,29.0,2096.55
22200,FRYING PAN PINK POLKADOT,0.9089403973509934,331.7632450331126,3.979724770642202,204.0,40.0,46.0,2094.29
85199L,LARGE HANGING IVORY & RED WOOD BIRD,5.468543046357616,1996.01821192053,0.6474869109947644,1242.0,98.0,136.0,2092.23
23046,PAPER LANTERN 9 POINT DELUXE STAR,0.5745033112582781,209.6937086092715,6.623529411764706,126.0,178.0,182.0,2091.55
84469,ROSE DES PADDED FLOOR CUSHION,1.0811258278145695,394.61092715231786,4.370769230769231,212.0,97.0,105.0,2090.68
21125,SET 6 FOOTBALL CELEBRATION CANDLES,3.3857615894039736,1235.8029801324503,1.2209708737864078,711.0,96.0,120.0,2087.77
85054,FRENCH ENAMEL POT W LID,1.3956953642384107,509.4288079470199,2.8583435582822085,299.0,23.0,33.0,2083.9100000000003
21109,LARGE CAKE TOWEL CHOCOLATE SPOTS,1.3725165562913908,500.96854304635764,4.020588235294118,250.0,81.0,91.0,2082.15
23526,DOG LICENCE WALL ART,0.6754966887417219,246.5562913907285,5.745172413793104,146.0,152.0,157.0,2081.64
21245,GREEN  SPOTTY PLATE ,2.1258278145695364,775.9271523178808,1.682781954887218,480.0,71.0,86.0,2077.7999999999997
23504,PLAYING CARDS JUBILEE UNION JACK,2.75,1003.75,1.2489447236180904,634.0,37.0,56.0,2073.73
21826,EIGHT PIECE DINOSAUR SET,2.7996688741721854,1021.8791390728477,1.2471065989847716,640.0,69.0,89.0,2072.71
23536,VILLAGE SHOW WALL ART,0.6390728476821192,233.26158940397352,5.735555555555556,143.0,210.0,214.0,2072.42
22024,RAINY LADIES BIRTHDAY CARD,8.53476821192053,3115.190397350994,0.42068493150684927,1924.0,77.0,137.0,2069.53
21866,UNION JACK FLAG LUGGAGE TAG,2.7466887417218544,1002.5413907284768,1.2676333333333334,629.0,34.0,53.0,2068.4
23436,VINTAGE CHRISTMAS GIFT BAG LARGE ,2.948675496688742,1076.2665562913908,1.239879518072289,659.0,205.0,226.0,2066.65
22716,CARD CIRCUS PARADE,8.311258278145695,3033.609271523179,0.42202346041055716,1896.0,53.0,111.0,2066.43
21638,ASSORTED TUTTI FRUTTI NOTEBOOK,1.6258278145695364,593.4271523178808,2.1,376.0,34.0,45.0,2062.2000000000003
21421,PORCELAIN ROSE LARGE ,2.9254966887417218,1067.8062913907283,1.2353846153846153,657.0,146.0,166.0,2060.55
23029,DRAWER KNOB CRACKLE GLAZE GREEN,2.1059602649006623,768.6754966887418,1.6470588235294117,483.0,51.0,66.0,2060.4
22223,CAKE PLATE LOVEBIRD PINK,0.9254966887417219,337.80629139072846,4.627952755905512,191.0,24.0,30.0,2060.25
21651,HANGING GLASS ETCHED TEALIGHT,2.153973509933775,786.2003311258278,1.6370370370370368,490.0,93.0,108.0,2060.25
22350,CAT BOWL ,1.4271523178807948,520.9105960264901,2.5270408163265303,321.0,100.0,110.0,2057.7
20665,RED SPOTTY PURSE ,1.1556291390728477,421.8046357615894,2.9434959349593495,268.0,18.0,26.0,2051.9
84670,JAPANESE CROCHETED ANIMAL,8.43046357615894,3077.119205298013,0.4158857142857143,1923.0,195.0,254.0,2045.04
21288,STRIPEY CHOCOLATE NESTING BOXES,1.4089403973509933,514.2632450331125,2.7946153846153847,303.0,32.0,42.0,2036.8500000000001
84691,PACK 20 DOLLY PEGS,4.33112582781457,1580.860927152318,0.8406111111111111,970.0,138.0,168.0,2036.3999999999999
21531,RETRO SPOT SUGAR JAM BOWL,1.4122516556291391,515.4718543046358,2.5183098591549293,320.0,37.0,47.0,2034.75
22363,GLASS JAR MARMALADE ,1.216887417218543,444.16390728476824,2.9503053435114506,274.0,65.0,74.0,2034.2900000000002
22191,EAU DE NIL DINER WALL CLOCK,0.40397350993377484,147.45033112582783,8.470689655172414,93.0,9.0,12.0,2033.2
21811,CHRISTMAS HANGING HEART WITH BELL,2.7268211920529803,995.2897350993378,1.2486428571428572,631.0,74.0,93.0,2031.3899999999999
22342,HOME GARLAND PAINTED ZINC ,2.662251655629139,971.7218543046357,1.3465217391304347,601.0,50.0,69.0,2029.2
22920,HERB MARKER BASIL,5.579470198675497,2036.5066225165565,0.6489847715736041,1253.0,474.0,513.0,2027.0000000000002
22973,CHILDREN'S CIRCUS PARADE MUG,2.076158940397351,757.7980132450332,1.6710169491525422,476.0,48.0,63.0,2026.78
21804,WHITE CHRISTMAS GARLAND STARS TREES,0.8990066225165563,328.137417218543,3.7402702702702704,209.0,21.0,27.0,2025.45
22400,MAGNETS PACK OF 4 HOME SWEET HOME,4.039735099337748,1474.503311258278,0.8241409691629956,946.0,105.0,133.0,2024.81
21655,HANGING RIDGE GLASS T-LIGHT HOLDER,2.1556291390728477,786.8046357615895,1.6454285714285712,489.0,93.0,108.0,2024.7
21709,FOLDING UMBRELLA  CHOC/WHITE  SPOT,0.8675496688741722,316.65562913907286,4.6325,185.0,207.0,213.0,2023.8
23438, RED SPOT GIFT BAG LARGE,2.7913907284768213,1018.8576158940398,1.247717391304348,639.0,179.0,199.0,2023.5
21408,SPOTTY PINK DUCK DOORSTOP,0.9602649006622517,350.49668874172187,4.1441726618705035,206.0,45.0,52.0,2017.34
22471,TV DINNER TRAY AIR HOSTESS ,0.9155629139072847,334.1804635761589,4.61344262295082,190.0,31.0,37.0,2017.33
22714,CARD BIRTHDAY COWBOY,8.438741721854305,3080.140728476821,0.418498023715415,1918.0,159.0,218.0,2016.93
84676,BATH DUCK WATERING CAN,1.3774834437086092,502.78145695364236,2.8837755102040816,295.0,81.0,91.0,2016.5200000000002
23543,KEEP CALM WALL ART ,0.445364238410596,162.55794701986756,7.9465,101.0,173.0,176.0,2015.97
22336,DOVE DECORATION PAINTED ZINC ,7.354304635761589,2684.32119205298,0.5811392405063291,1520.0,206.0,257.0,2014.76
51014L,"FEATHER PEN,LIGHT PINK",5.360927152317881,1956.7384105960266,0.6444242424242425,1232.0,115.0,153.0,2014.56
21274,EMBOSSED HEART 3 DRAWER SHELF,0.2632450331125828,96.08443708609272,12.73,61.0,6.0,8.0,2012.85
22292,"SPRING DEC , HANGING CHICK  YELLOW",2.566225165562914,936.6721854304635,1.4413978494623654,570.0,186.0,204.0,2009.8999999999999
21808,"CHRISTMAS GARLAND STARS,TREES",1.326158940397351,484.04801324503313,3.3796296296296298,268.0,50.0,59.0,2008.75
84990,60 GOLD AND SILVER FAIRY CAKE CASES,6.9552980132450335,2538.6837748344374,0.5397604790419162,1534.0,257.0,306.0,2006.23
21246,RED SPOTTY BIG BOWL,0.6754966887417219,246.5562913907285,4.941954022988505,158.0,15.0,20.0,2002.8000000000002
40018F,CHERRY DESIGN PAPERLANTERNS,1.7615894039735098,642.9801324503311,1.9393877551020409,407.0,151.0,163.0,2000.4399999999998
23326,HANGING MINI COLOURED BOTTLES,5.577814569536423,2035.9023178807945,0.6192727272727273,1282.0,289.0,328.0,1999.59
22129,PARTY CONES CANDY TREE DECORATION,4.155629139072848,1516.8046357615895,0.8394949494949495,950.0,166.0,195.0,1998.56
23152,IVORY SWEETHEART WIRE LETTER RACK ,0.8956953642384106,326.92880794701983,3.7428,209.0,20.0,26.0,1998.51
47503J,SET/3 FLORAL GARDEN TOOLS IN BAG,0.46357615894039733,169.20529801324503,7.7023809523809526,105.0,29.0,32.0,1994.0
21077,SET/20 WOODLAND PAPER NAPKINS ,4.5447019867549665,1658.8162251655629,0.830235294117647,1000.0,166.0,198.0,1990.53
22454,MEASURING TAPE BABUSHKA RED,1.1705298013245033,427.24337748344374,2.924074074074074,270.0,46.0,54.0,1989.65
21106,CREAM SLICE FLANNEL CHOCOLATE SPOT ,1.1556291390728477,421.8046357615894,2.9136363636363636,269.0,24.0,32.0,1982.3000000000002
23302,KNEELING MAT HOUSEWORK  DESIGN,2.4387417218543046,890.1407284768212,1.5788947368421054,531.0,102.0,119.0,1980.71
23403,LETTER HOLDER HOME SWEET HOME,0.9850993377483444,359.5612582781457,3.7067567567567568,220.0,69.0,76.0,1980.31
23268,SET OF 2 CERAMIC CHRISTMAS REINDEER,2.3741721854304636,866.5728476821192,1.5176923076923077,534.0,210.0,227.0,1980.1799999999998
22514,CHILDS GARDEN SPADE BLUE,1.6920529801324504,617.5993377483444,2.0843005181347154,385.0,56.0,68.0,1978.68
21905,MORE BUTTER METAL SIGN ,2.5165562913907285,918.5430463576159,1.6186153846153846,533.0,110.0,128.0,1977.8500000000001
21617,4 LILY  BOTANICAL DINNER CANDLES,1.2880794701986755,470.1490066225166,2.95,282.0,28.0,37.0,1970.0
17084R,ASSORTED INCENSE PACK,17.591059602649008,6420.736754966888,0.20318181818181819,3975.0,1246.0,1369.0,1968.45
23031,DRAWER KNOB CRACKLE GLAZE PINK,2.013245033112583,734.8344370860927,1.6470588235294117,472.0,52.0,66.0,1968.0
23424,GINGHAM RECIPE BOOK BOX,0.6771523178807947,247.16059602649005,4.926699029126214,158.0,17.0,22.0,1966.95
23490,T-LIGHT HOLDER HANGING LOVE BIRD,0.8824503311258278,322.09437086092714,3.740315789473684,208.0,24.0,30.0,1965.63
23020,GLASS  SONGBIRD STORAGE JAR,0.2731788079470199,99.71026490066225,12.343478260869565,64.0,12.0,14.0,1965.3
22935,BAKING MOULD ROSE MILK CHOCOLATE,1.1142384105960266,406.6970198675497,3.1634615384615383,254.0,96.0,104.0,1964.25
15058C,ICE CREAM DESIGN GARDEN PARASOL,0.6837748344370861,249.57781456953643,6.597887323943662,138.0,30.0,35.0,1963.35
23352,ROLL WRAP 50'S RED CHRISTMAS ,2.6374172185430464,962.657284768212,1.2474233128834356,621.0,41.0,59.0,1961.01
16237,SLEEPING CAT ERASERS,16.10927152317881,5879.8841059602655,0.20797101449275363,3760.0,143.0,256.0,1959.3
23396,LE JARDIN BOTANIQUE CUSHION COVER,0.8625827814569537,314.8427152317881,3.7468055555555555,205.0,20.0,26.0,1948.23
23227,FILIGREE HEART BUTTERFLY WHITE ,2.6357615894039736,962.0529801324503,1.26816091954023,616.0,83.0,101.0,1947.06
21187,WHITE BELL HONEYCOMB PAPER GARLAND ,2.0711920529801326,755.9850993377485,1.6357142857142857,481.0,124.0,138.0,1946.55
23374,RED SPOT PAPER GIFT BAG,4.046357615894039,1476.9205298013244,0.8175409836065574,950.0,149.0,177.0,1944.08
21504,SKULLS GREETING CARD,8.009933774834437,2923.625827814569,0.4090526315789474,1890.0,74.0,130.0,1942.68
23251,VINTAGE RED ENAMEL TRIM MUG ,2.7036423841059603,986.8294701986755,1.2396039603960396,631.0,91.0,110.0,1940.45
22023,EMPIRE BIRTHDAY CARD,7.966887417218543,2907.9139072847684,0.4116666666666667,1879.0,50.0,106.0,1939.47
20703,BLUE PADDED SOFT MOBILE,0.7599337748344371,277.37582781456956,4.234848484848484,181.0,9.0,14.0,1938.25
22190,LOCAL CAFE MUG,1.9271523178807948,703.4105960264901,1.95896,424.0,68.0,81.0,1935.93
22932,BAKING MOULD TOFFEE CUP CHOCOLATE,1.4337748344370862,523.3278145695365,2.5,324.0,130.0,140.0,1935.6000000000001
23360,SET 8 CANDLES VINTAGE DOILY,1.695364238410596,618.8079470198676,1.9441176470588233,399.0,69.0,81.0,1932.0
20674,GREEN POLKADOT BOWL,2.6473509933774833,966.2831125827814,1.2513903743315506,621.0,52.0,71.0,1931.56
23500,KEY RING BASEBALL BOOT ASSORTED ,2.615894039735099,954.8013245033112,1.2428409090909092,620.0,74.0,92.0,1928.8
23213,STAR WREATH DECORATION WITH BELL,2.6390728476821192,963.2615894039735,1.2432258064516128,622.0,84.0,102.0,1921.94
21824,PAINTED METAL STAR WITH HOLLY BELLS,3.814569536423841,1392.317880794702,1.0639285714285716,809.0,58.0,85.0,1918.1599999999999
22803,IVORY EMBROIDERED QUILT ,0.08443708609271523,30.81953642384106,38.41,20.0,5.0,6.0,1915.65
23231,WRAP DOILEY DESIGN,7.740066225165563,2825.124172185431,0.4185185185185185,1837.0,104.0,158.0,1915.5
22913,RED COAT RACK PARIS FASHION,0.7036423841059603,256.8294701986755,4.914952380952381,162.0,39.0,44.0,1914.39
21359,RELAX LARGE WOOD LETTERS,0.3344370860927152,122.06953642384106,12.906521739130435,69.0,18.0,20.0,1913.9
21612,SET 12 WILDFLOWER BOTANICAL T-LIGHT,1.119205298013245,408.5099337748344,2.9255102040816325,264.0,44.0,52.0,1912.6000000000001
10133,COLOURING PENCILS BROWN TUBE,5.475165562913907,1998.435430463576,0.655320197044335,1235.0,87.0,125.0,1910.79
22515,CHILDS GARDEN SPADE PINK,1.6390728476821192,598.2615894039735,2.081964285714286,379.0,60.0,71.0,1908.48
22251,BIRDHOUSE DECORATION MAGIC GARDEN,2.6572847682119205,969.908940397351,1.2276470588235293,629.0,59.0,78.0,1906.69
21811,HANGING HEART WITH BELL,6.80794701986755,2484.900662251656,0.5571232876712329,1493.0,120.0,168.0,1906.58
85162B,BLACK RETRODISC LAMPSHADE,1.6175496688741722,590.4056291390729,1.9499999999999997,389.0,360.0,371.0,1905.15
84459B,YELLOW METAL CHICKEN HEART ,2.2201986754966887,810.3725165562914,1.4831914893617022,523.0,85.0,101.0,1903.05
23197,SKETCHBOOK MAGNETIC SHOPPING LIST,2.1821192052980134,796.4735099337748,1.5450276243093921,508.0,50.0,65.0,1900.9399999999998
23161,REGENCY CAKE FORK,2.662251655629139,971.7218543046357,1.2283823529411766,629.0,118.0,137.0,1896.6
23145,ZINC T-LIGHT HOLDER STAR LARGE,3.3609271523178808,1226.7384105960264,0.9608724832214764,799.0,54.0,78.0,1896.54
22859,EASTER TIN BUNNY BOUQUET,1.966887417218543,717.9139072847682,1.6455223880597014,467.0,72.0,86.0,1895.4
23315,IVORY REFECTORY CLOCK,0.3344370860927152,122.06953642384106,9.83157894736842,79.0,15.0,17.0,1894.6999999999998
22362,GLASS JAR PEACOCK BATH SALTS,1.0894039735099337,397.63245033112577,2.9753107344632768,258.0,40.0,48.0,1893.9800000000002
16169E,WRAP 50'S  CHRISTMAS,7.554635761589404,2757.4420529801328,0.41919999999999996,1814.0,104.0,157.0,1892.46
21348,PINK SPOTS CHOCOLATE NESTING BOXES ,1.3509933774834437,493.112582781457,2.7655172413793103,299.0,54.0,63.0,1891.2000000000003
21482,MUSHROOM BLUE HOT WATER BOTTLE,1.1009933774834437,401.862582781457,2.938321167883212,262.0,36.0,44.0,1889.7500000000002
20984,12 PENCILS TALL TUBE POSY,9.637417218543046,3517.657284768212,0.44865800865800864,1980.0,228.0,295.0,1887.29
84797A,PINK HAWAIIAN PICNIC HAMPER FOR 4,0.5778145695364238,210.9023178807947,10.23,102.0,82.0,86.0,1883.55
84536A,ENGLISH ROSE NOTEBOOK A7 SIZE,7.413907284768212,2706.0761589403974,0.4219294117647059,1791.0,53.0,105.0,1881.58
23291,DOLLY GIRL CHILDRENS CUP,2.562913907284768,935.4635761589404,1.2695172413793103,607.0,90.0,108.0,1880.1399999999999
22852,DOG BOWL VINTAGE CREAM,0.7350993377483444,268.3112582781457,4.245401459854015,178.0,12.0,17.0,1878.42
20983,12 PENCILS TALL TUBE RED SPOTTY,3.706953642384106,1353.0380794701987,0.8493809523809523,892.0,70.0,96.0,1878.1899999999998
85176,SEWING SUSAN 21 NEEDLE SET,3.986754966887417,1455.1655629139073,0.8789655172413793,910.0,212.0,240.0,1875.4999999999998
22996,TRAVEL CARD WALLET VINTAGE TICKET,7.516556291390729,2743.543046357616,0.4193959731543624,1809.0,144.0,197.0,1875.12
22931,BAKING MOULD HEART WHITE CHOCOLATE,1.3112582781456954,478.60927152317885,2.5514414414414412,306.0,77.0,86.0,1873.51
21846,PINK DIAMANTE PEN IN GIFT BOX,1.5629139072847682,570.4635761589404,4.232954545454546,260.0,96.0,107.0,1873.42
23274,STAR T-LIGHT HOLDER WILLIE WINKIE,1.8857615894039734,688.3029801324503,1.7453535353535352,444.0,55.0,68.0,1870.11
71459,HANGING JAM JAR T-LIGHT HOLDERS,3.9950331125827816,1458.1870860927154,0.8508695652173913,926.0,218.0,246.0,1867.33
22903,CALENDAR FAMILY FAVOURITES,1.1324503311258278,413.34437086092714,2.8118,271.0,165.0,173.0,1865.88
16016,LARGE CHINESE STYLE SCISSOR,3.8195364238410594,1394.1307947019866,0.840095238095238,911.0,159.0,186.0,1864.75
23491,VINTAGE JINGLE BELLS HEART,0.3741721854304636,136.5728476821192,8.25,91.0,11.0,14.0,1864.5
21476,STEEL SWEETHEART ROUND TABLE CREAM,0.21026490066225165,76.74668874172185,14.883108108108107,51.0,5.0,6.0,1864.0
21538,DAIRY MAID  PUDDING BOWL,2.1456953642384105,783.1788079470198,3.6931818181818183,326.0,788.0,803.0,1860.0
23289,DOLLY GIRL CHILDRENS BOWL,2.5711920529801326,938.4850993377485,1.245774647887324,614.0,90.0,108.0,1854.8500000000001
22451,SILK PURSE RUSSIAN DOLL RED,0.9519867549668874,347.4751655629139,3.3403614457831323,228.0,64.0,71.0,1854.25
22405,MONEY BOX POCKET MONEY DESIGN,2.6043046357615895,950.5711920529802,1.210618556701031,627.0,33.0,51.0,1854.05
22799,SWEETHEART WIRE FRUIT BOWL,0.3990066225165563,145.63741721854305,8.184375000000001,94.0,11.0,14.0,1853.1
21245,GREEN POLKADOT PLATE ,1.903973509933775,694.9503311258278,1.69512,453.0,73.0,86.0,1852.9399999999998
23068,ALUMINIUM STAMPED HEART,1.2764900662251655,465.9188741721854,2.476984126984127,307.0,35.0,44.0,1852.5500000000002
85106,CUT GLASS HEXAGON T-LIGHT HOLDER,1.6920529801324504,617.5993377483444,2.3779999999999997,360.0,339.0,351.0,1849.0
72799F,IVORY PILLAR CANDLE GOLD FLOCK,1.7632450331125828,643.5844370860927,2.698684210526316,345.0,242.0,254.0,1846.95
22521,CHILDS GARDEN TROWEL PINK,3.6357615894039736,1327.0529801324503,0.8484242424242425,884.0,32.0,57.0,1846.32
21085,SET/6 WOODLAND PAPER CUPS,22.70198675496689,8286.225165562915,0.6363793103448276,2552.0,7298.0,7457.0,1843.1200000000001
82567,"AIRLINE LOUNGE,METAL SIGN",1.4768211920529801,539.0397350993377,2.077724137931035,360.0,13.0,23.0,1840.91
22520,CHILDS GARDEN TROWEL BLUE ,3.6175496688741724,1320.405629139073,0.8484431137724551,882.0,32.0,57.0,1840.09
21627,ELEPHANT CARNIVAL POUFFE,0.2152317880794702,78.55960264900662,14.827777777777776,51.0,16.0,18.0,1837.8999999999999
23094,LE GRAND TRAY CHIC SET,0.2433774834437086,88.83278145695364,12.5,60.0,8.0,10.0,1837.5
21070,VINTAGE BILLBOARD MUG ,3.1589403973509933,1153.0132450331125,1.252710843373494,678.0,160.0,182.0,1836.16
22199,FRYING PAN RED RETROSPOT,0.8410596026490066,306.9867549668874,3.9064885496183206,198.0,22.0,28.0,1834.5
21619,4 VANILLA BOTANICAL CANDLES,1.7417218543046358,635.7284768211921,2.2115384615384617,379.0,48.0,60.0,1832.5
23357,HOT WATER BOTTLE SEX BOMB,0.7152317880794702,261.0596026490066,4.479213483146068,171.0,26.0,31.0,1832.0
23066,SMALL DECO JEWELLERY STAND,0.3791390728476821,138.38576158940398,8.227142857142857,92.0,27.0,30.0,1831.65
20770,ABSTRACT CIRCLE JOURNAL ,1.4933774834437086,545.0827814569536,2.4328947368421048,335.0,68.0,78.0,1831.2
23235,STORAGE TIN VINTAGE LEAF,1.1622516556291391,424.22185430463577,2.7493548387096776,278.0,54.0,62.0,1831.1
21692,SILVER LATTICE VANILLA CANDLE POT,0.8162251655629139,297.92218543046357,3.7436283185840704,199.0,26.0,32.0,1830.03
21389,IVORY HANGING DECORATION  BIRD,3.564569536423841,1301.067880794702,0.8493532338308457,875.0,36.0,61.0,1826.9299999999998
21058,PARTY INVITES WOODLAND,3.6688741721854305,1339.1390728476822,0.853696682464455,886.0,79.0,105.0,1824.32
22695,WICKER WREATH SMALL,2.281456953642384,832.7317880794702,1.3874603174603175,548.0,37.0,53.0,1822.02
22133,PINK LOVE HEART SHAPE CUP,3.6390728476821192,1328.2615894039736,0.8568023255813954,880.0,84.0,109.0,1819.9399999999998
23075,PARLOUR CERAMIC WALL HOOK,0.7334437086092715,267.7069536423841,4.144444444444445,180.0,32.0,37.0,1819.25
20686,DOLLY MIXTURE CHILDREN'S UMBRELLA,0.9288079470198676,339.01490066225165,3.264875,228.0,15.0,22.0,1817.63
21091,SET/6 WOODLAND PAPER PLATES,22.629139072847682,8259.635761589403,0.8165714285714285,2249.0,9550.0,9708.0,1817.16
79323G,GOLD  CHERRY LIGHTS,0.4966887417218543,181.2913907284768,6.54607843137255,118.0,32.0,35.0,1817.0
20674,GREEN SPOTTY BOWL,2.478476821192053,904.6440397350995,1.2456818181818183,603.0,48.0,65.0,1816.53
22522,CHILDS GARDEN FORK BLUE ,3.6175496688741724,1320.405629139073,0.8479166666666667,882.0,56.0,81.0,1815.1299999999999
21761,WOOD AND GLASS MEDICINE CABINET,0.1076158940397351,39.27980132450331,29.575,26.0,20.0,21.0,1814.75
85114A,BLACK ENCHANTED FOREST PLACEMAT,1.9519867549668874,712.475165562914,1.630722891566265,467.0,108.0,122.0,1813.35
21741,COSY SLIPPER SHOES LARGE GREEN,1.0231788079470199,373.46026490066225,2.9440298507462686,252.0,23.0,30.0,1803.9000000000003
23367,SET 12 COLOUR PENCILS SPACEBOY ,4.599337748344371,1678.7582781456954,0.6495726495726496,1137.0,113.0,145.0,1803.3
21613,S/12 VANILLA  BOTANICAL T-LIGHTS,1.0264900662251655,374.6688741721854,2.9384057971014492,252.0,23.0,30.0,1802.6000000000001
84856S,SMALL TAHITI BEACH BAG,0.7566225165562914,276.1672185430464,4.534137931034483,175.0,173.0,178.0,1802.49
21287,SCENTED VELVET LOUNGE CANDLE ,6.75,2463.75,0.6630120481927712,1363.0,435.0,482.0,1799.82
47591C,BLUE FAIRY CAKE CHILD'S APRON,1.640728476821192,598.865894039735,1.9288732394366195,394.0,51.0,62.0,1792.6499999999999
84969,BOX OF 6 ASSORTED COLOUR TEASPOONS,0.6920529801324503,252.59933774834437,4.356285714285714,170.0,16.0,21.0,1790.74
22496,SET OF 2 ROUND TINS DUTCH CHEESE,1.1556291390728477,421.8046357615894,2.8343428571428575,273.0,21.0,29.0,1790.5400000000002
84327A,PINK JUMPER LARRY THE LAMB,1.5711920529801324,573.4850993377484,2.0614529914529913,373.0,74.0,85.0,1788.72
84828,JUNGLE POPSICLES ICE LOLLY HOLDERS,2.4288079470198674,886.5149006622515,1.243065693430657,597.0,42.0,59.0,1788.15
21841,BABY MOUSE RED GINGHAM DRESS,0.706953642384106,258.0380794701987,4.23,175.0,19.0,24.0,1785.25
22523,CHILDS GARDEN FORK PINK,3.513245033112583,1282.3344370860927,0.8483699059561128,869.0,39.0,64.0,1783.4199999999998
21112,SWISS ROLL TOWEL PINK  SPOTS,1.1026490066225165,402.4668874172185,3.1581481481481486,252.0,256.0,264.0,1782.18
20684,STRAWBERRY DREAM CHILDS UMBRELLA,0.9271523178807947,338.41059602649005,3.240506329113924,229.0,23.0,29.0,1781.0
84763,ZINC FINISH 15CM PLANTER POTS,2.4288079470198674,886.5149006622515,1.2461744966442954,596.0,63.0,80.0,1778.27
21983,PACK OF 12 BLUE PAISLEY TISSUES ,9.933774834437086,3625.8278145695363,0.3190566037735849,2384.0,153.0,223.0,1776.84
20931,BLUE POT PLANT CANDLE ,1.0115894039735098,369.2301324503311,3.3859223300970873,234.0,37.0,44.0,1776.2500000000002
23371,SET 36 COLOUR PENCILS SPACEBOY ,2.480132450331126,905.248344370861,1.2443283582089553,603.0,95.0,112.0,1775.22
85162C,WHITE RETRODISC LAMPSHADE,1.4867549668874172,542.6655629139073,2.145121951219512,356.0,116.0,126.0,1775.1
47585A,PINK FAIRY CAKE CUSHION COVER,1.5115894039735098,551.7301324503311,3.2078313253012047,293.0,174.0,185.0,1773.75
84968C,SET OF 16 VINTAGE PISTACHIO CUTLERY,0.23013245033112584,83.99834437086093,12.75,57.0,9.0,11.0,1772.25
23005,TRAVEL CARD WALLET I LOVE LONDON,7.195364238410596,2626.3079470198672,0.4193258426966292,1770.0,229.0,279.0,1767.72
22291,HANGING CHICK CREAM DECORATION,2.0165562913907285,736.0430463576159,1.45,504.0,50.0,64.0,1766.1
21082,SET/20 FRUIT SALAD PAPER NAPKINS ,11.69205298013245,4267.599337748345,0.8332773109243697,1600.0,1728.0,1810.0,1764.3
22338,STAR DECORATION PAINTED ZINC ,9.120860927152318,3329.114238410596,0.43270270270270267,1961.0,175.0,239.0,1763.25
21557,SET OF 6 FUNKY BEAKERS,1.0082781456953642,368.02152317880797,3.0433333333333334,246.0,46.0,53.0,1758.39
21540,DAIRY MAID BUTTER DISH,1.9751655629139073,720.9354304635762,4.132352941176471,295.0,820.0,834.0,1758.25
22454,MEASURING TAPE RUSSIAN DOLL RED,1.0711920529801324,390.98509933774835,2.942982456140351,258.0,220.0,227.0,1755.0500000000002
22832,BROCANTE SHELF WITH HOOKS,0.2731788079470199,99.71026490066225,10.728378378378379,68.0,9.0,11.0,1752.95
85217,ASSORTED ICE CREAM FRIDGE MAGNETS,4.653973509933775,1698.700331125828,0.6447445255474452,1148.0,115.0,148.0,1751.91
23028,DRAWER KNOB CRACKLE GLAZE BLUE,1.7864238410596027,652.044701986755,1.6610714285714285,443.0,58.0,71.0,1751.79
85216,ASSORTED CAKES FRIDGE MAGNETS,4.619205298013245,1686.0099337748345,0.646,1142.0,112.0,144.0,1744.38
21760,FRENCH STYLE WALL DRESSER,0.024834437086092714,9.064569536423841,116.92307692307692,6.0,2.0,2.0,1740.0
21424,WOODLAND STORAGE BOX LARGE ,1.294701986754967,472.5662251655629,2.7686885245901642,292.0,93.0,102.0,1739.5400000000002
21445,12 PINK ROSE PEG PLACE SETTINGS,2.4139072847682117,881.0761589403972,1.2450434782608697,595.0,181.0,198.0,1733.58
35001G,HAND OPEN SHAPE GOLD,0.9933774834437086,362.5827814569536,3.7051612903225806,221.0,79.0,86.0,1731.42
22858,EASTER TIN KEEPSAKE,1.7980132450331126,656.274834437086,1.6446902654867257,447.0,81.0,94.0,1727.1
23228,FILIGREE HEART BIRD WHITE ,2.312913907284768,844.2135761589404,1.3925316455696204,551.0,88.0,104.0,1726.3
22853,CAT BOWL VINTAGE CREAM,0.8874172185430463,323.9072847682119,3.2434959349593493,223.0,15.0,21.0,1726.2
21200,MULTICOLOUR HONEYCOMB PAPER GARLAND,2.130794701986755,777.7400662251655,1.5684210526315787,498.0,138.0,153.0,1724.3500000000001
22948,METAL DECORATION NAUGHTY CHILDREN ,3.263245033112583,1191.0844370860927,0.9066911764705883,810.0,68.0,91.0,1724.31
21088,SET/6 FRUIT SALAD PAPER CUPS,27.322847682119207,9972.83940397351,0.3534285714285714,3756.0,4264.0,4455.0,1723.3300000000002
23090,VINTAGE GLASS T-LIGHT HOLDER,3.524834437086093,1286.564569536424,0.8575999999999999,866.0,99.0,124.0,1722.7900000000002
20764,ABSTRACT CIRCLES SKETCHBOOK ,0.9884105960264901,360.76986754966885,3.6902068965517243,221.0,41.0,48.0,1721.88
20772,GARDEN PATH JOURNAL,1.533112582781457,559.5860927152318,2.3989312977099235,342.0,64.0,75.0,1721.56
84031B,CHARLIE LOLA BLUE HOT WATER BOTTLE ,0.9006622516556292,328.74172185430467,4.184774774774775,198.0,36.0,42.0,1720.04
22466,FAIRY TALE COTTAGE NIGHT LIGHT,1.509933774834437,551.1258278145696,1.9390243902439024,377.0,63.0,74.0,1717.1999999999998
23359,SET OF 12 T-LIGHTS VINTAGE DOILY,1.5149006622516556,552.9387417218543,1.9285714285714286,379.0,53.0,64.0,1715.85
21280,VINTAGE KITCHEN PRINT VEGETABLES,5.490066225165563,2003.8741721854306,2.3264150943396227,656.0,1054.0,1092.0,1714.2
20871,OPULENT VELVET SET/3 CANDLES,1.990066225165563,726.3741721854304,1.8384615384615386,444.0,145.0,159.0,1713.3
23148,MINIATURE ANTIQUE ROSE HOOK IVORY,3.4188741721854305,1247.8890728476822,0.829620253164557,867.0,29.0,53.0,1711.5500000000002
23128,FELTCRAFT BOY JEAN-PAUL KIT,0.5778145695364238,210.9023178807947,4.9796581196581196,146.0,10.0,14.0,1711.23
21039,RED SPOTTY SHOPPING BAG,1.1109271523178808,405.4884105960265,2.545631067961165,282.0,22.0,30.0,1708.3500000000001
21947,SET OF 6 HEART CHOPSTICKS,2.269867549668874,828.501655629139,1.3034482758620691,564.0,54.0,70.0,1708.17
22074,6 RIBBONS SHIMMERING PINKS ,2.8824503311258276,1052.094370860927,1.391153846153846,615.0,75.0,95.0,1707.59
22210,WOOD STAMP SET BEST WISHES,2.4188741721854305,882.8890728476822,1.2158547008547007,603.0,43.0,60.0,1707.56
20716,PARTY FOOD SHOPPER BAG,2.3046357615894038,841.1920529801324,1.2444767441860465,581.0,40.0,56.0,1705.8
22098,BOUDOIR SQUARE TISSUE BOX,4.572847682119205,1669.08940397351,0.8666666666666667,981.0,129.0,161.0,1702.83
22533,MAGIC DRAWING SLATE BAKE A CAKE ,7.283112582781457,2658.3360927152316,0.4159701492537313,1788.0,224.0,275.0,1699.26
22227,HANGING HEART MIRROR DECORATION ,4.316225165562914,1575.4221854304635,0.6617391304347827,1091.0,53.0,83.0,1691.55
22706,WRAP COWBOYS  ,6.978476821192053,2547.1440397350993,0.4173983739837398,1747.0,190.0,239.0,1690.3
21640,ASSORTED TUTTI FRUTTI  FOB NOTEBOOK,3.314569536423841,1209.817880794702,0.8490972222222222,844.0,71.0,94.0,1689.2199999999998
85172,HYACINTH BULB T-LIGHT CANDLES,6.917218543046357,2524.7847682119204,0.4174285714285714,1739.0,189.0,237.0,1688.52
22227,"DECORATION, HANGING HEART+MIRROR ",4.317880794701987,1576.026490066225,0.6482456140350877,1103.0,51.0,81.0,1688.0
23358,HOT STUFF HOT WATER BOTTLE,0.8725165562913907,318.4685430463576,3.437761194029851,215.0,30.0,36.0,1686.15
23073,GEORGIAN TRINKET BOX,0.23344370860927152,85.20695364238411,12.408474576271187,59.0,16.0,18.0,1681.5
21677,HEARTS  STICKERS,3.2665562913907285,1192.2930463576158,0.875736040609137,825.0,28.0,51.0,1677.83
21695,SMALL SILVER FLOWER CANDLE POT,0.9470198675496688,345.6622516556291,2.9286666666666665,243.0,28.0,35.0,1677.8000000000002
23109,LED TEA LIGHTS,0.9850993377483444,359.5612582781457,2.8754545454545455,250.0,59.0,66.0,1676.35
22513,DOORSTOP FOOTBALL DESIGN,0.9205298013245033,335.99337748344374,3.7363888888888885,212.0,45.0,51.0,1675.96
22614,PACK OF 12 SPACEBOY TISSUES,8.985099337748345,3279.561258278146,0.3218811881188119,2257.0,64.0,127.0,1673.6499999999999
23155,KNICKERBOCKERGLORY MAGNET ASSORTED ,3.466887417218543,1265.4139072847681,0.8220720720720721,877.0,88.0,112.0,1669.38
90167,BEADED LOVE HEART JEWELLERY SET,3.4735099337748343,1267.8311258278145,0.8413333333333334,868.0,238.0,262.0,1667.86
85221,ASSORTED COLOUR SILK COIN PURSE,5.879139072847682,2145.885761589404,0.8854545454545455,1101.0,538.0,579.0,1667.5900000000001
21547,CERAMIC BIRDHOUSE CRESTED TIT SMALL,1.1324503311258278,413.34437086092714,2.9206521739130435,266.0,119.0,127.0,1662.45
21241,GREEN SPOTTY CUP,3.359271523178808,1226.1341059602648,0.8468446601941747,851.0,64.0,88.0,1662.25
22753,SMALL YELLOW BABUSHKA NOTEBOOK ,3.6026490066225167,1314.9668874172187,0.8096726190476191,901.0,39.0,64.0,1662.09
22586,FELTCRAFT HAIRBAND PINK AND BLUE,3.269867549668874,1193.5016556291391,0.8494583333333333,838.0,52.0,75.0,1660.03
20785,FUSCHIA RETRO BAR STOOL,0.0728476821192053,26.58940397350993,39.24411764705883,18.0,14.0,15.0,1657.8
22354,RETRO SPOT PADDED SEAT CUSHION,0.7731788079470199,282.21026490066225,3.666923076923077,196.0,41.0,46.0,1657.65
85059,FRENCH ENAMEL WATER BASIN,0.8874172185430463,323.9072847682119,3.5215972222222223,214.0,17.0,23.0,1655.31
21647,ASSORTED TUTTI FRUTTI LARGE PURSE,1.304635761589404,476.1920529801325,2.1,337.0,29.0,38.0,1654.8000000000002
84797B,BLUE SAVANNAH PICNIC HAMPER FOR 4,0.5132450331125827,187.3344370860927,8.450000000000001,105.0,72.0,76.0,1654.5
84509B,SET OF 4 FAIRY CAKE PLACEMATS,0.7599337748344371,277.37582781456956,3.723109243697479,193.0,18.0,23.0,1654.05
85049H,URBAN BLACK RIBBONS ,2.693708609271523,983.2036423841059,1.186588785046729,644.0,51.0,70.0,1653.3
84968A,S/16 VINTAGE ROSE CUTLERY,0.22019867549668873,80.37251655629139,12.7125,56.0,16.0,18.0,1652.55
23160,REGENCY TEA SPOON,2.3046357615894038,841.1920529801324,1.2289999999999999,585.0,112.0,128.0,1651.8
22453,MEASURING TAPE BABUSHKA BLUE,0.9685430463576159,353.5182119205298,2.925609756097561,246.0,48.0,55.0,1651.3500000000001
84581,DOG TOY WITH PINK CROCHET SKIRT,0.7301324503311258,266.49834437086093,3.748212290502793,189.0,8.0,13.0,1650.19
21123,SET/10 IVORY POLKADOT PARTY CANDLES,2.185430463576159,797.682119205298,1.239322033898305,567.0,58.0,73.0,1647.06
84796B,BLUE SAVANNAH PICNIC HAMPER FOR 2,0.38079470198675497,138.99006622516558,10.325,82.0,39.0,42.0,1645.3
22307,GOLD MUG BONE CHINA TREE OF LIFE,1.9089403973509933,696.7632450331125,1.541078431372549,475.0,52.0,65.0,1640.4099999999999
85060,WOOD FAN WITH FLOWER DESIGN,2.302980132450331,840.5877483443708,1.232027027027027,584.0,133.0,149.0,1638.43
22279,POCKET BAG BLUE PAISLEY RED SPOT,1.7764900662251655,648.4188741721854,1.5763709677419355,454.0,67.0,79.0,1636.86
22438,BALLOON ART MAKE YOUR OWN FLOWERS,2.1903973509933774,799.4950331125827,1.7183823529411764,482.0,87.0,102.0,1636.65
22416,SET OF 36 DOILIES SPACEBOY DESIGN ,1.966887417218543,717.9139072847682,1.443684210526316,499.0,124.0,138.0,1636.1999999999998
35953,FOLKART STAR CHRISTMAS DECORATIONS,5.4635761589403975,1994.205298013245,0.6345871559633027,1253.0,82.0,120.0,1636.1599999999999
22319,HAIRCLIPS FORTIES FABRIC ASSORTED,4.895695364238411,1786.92880794702,0.6189570552147239,1201.0,77.0,111.0,1635.01
35971,ROSE FOLKART HEART DECORATIONS,3.0397350993377485,1109.5033112582782,1.2735658914728683,660.0,149.0,170.0,1633.45
21357,TOAST ITS - DINOSAUR,2.1688741721854305,791.6390728476822,1.246508875739645,564.0,46.0,61.0,1630.42
21394,RED POLKADOT BEAKER ,6.417218543046357,2342.2847682119204,0.46534482758620693,1586.0,117.0,162.0,1629.52
21593,SWALLOW CIGAR BOX MATCHES ,2.301324503311258,839.9834437086092,1.248,580.0,257.0,273.0,1628.06
20846,ZINC HEART LATTICE T-LIGHT HOLDER,2.187086092715232,798.2864238410596,1.254885496183206,564.0,43.0,58.0,1627.97
21643,ASSORTED TUTTI FRUTTI MIRROR,2.185430463576159,797.682119205298,1.2444660194174757,566.0,51.0,66.0,1627.2
21652,GLASS ETCHED T-LIGHT HOLDER MEDIUM,1.435430463576159,523.932119205298,1.9253424657534244,369.0,37.0,47.0,1625.85
22211,WOOD STAMP SET FLOWERS,2.120860927152318,774.114238410596,1.2276442307692308,562.0,28.0,43.0,1625.28
23434,3 RAFFIA RIBBONS 50'S CHRISTMAS ,2.9503311258278146,1076.8708609271523,0.9046666666666667,771.0,81.0,102.0,1624.5
84507B,STRIPES DESIGN MONKEY DOLL,2.183774834437086,797.0778145695365,2.3649999999999998,411.0,206.0,221.0,1622.85
21687,SILVER PLATE CANDLE BOWL LARGE,0.7384105960264901,269.51986754966885,3.7326506024096386,190.0,41.0,46.0,1619.58
21158,MOODY GIRL DOOR HANGER ,4.153973509933775,1516.200331125828,0.9521771217712178,892.0,109.0,138.0,1614.31
23270,SET OF 2 CERAMIC PAINTED HEARTS ,1.9155629139072847,699.1804635761589,1.4433884297520663,492.0,85.0,98.0,1612.85
21161,KEEP OUT BOYS DOOR HANGER ,3.783112582781457,1380.8360927152319,1.3766867469879518,708.0,340.0,366.0,1611.1699999999998
22184,CAKE STAND VICTORIAN FILIGREE LARGE,0.44370860927152317,161.95364238410596,7.590845070422536,103.0,21.0,24.0,1609.2
22035,VINTAGE CARAVAN GREETING CARD ,6.506622516556291,2374.917218543046,0.4209016393442623,1680.0,56.0,102.0,1608.22
23096,PETIT TRAY CHIC,1.6440397350993377,600.0745033112582,1.728974358974359,417.0,52.0,64.0,1606.73
21865,PINK UNION JACK  PASSPORT COVER ,1.2665562913907285,462.2930463576159,2.0960765550239238,332.0,16.0,25.0,1601.5800000000002
23214,JINGLE BELL HEART ANTIQUE GOLD,1.2582781456953642,459.27152317880797,2.1882608695652173,324.0,33.0,42.0,1599.8700000000001
79323S, SILVER CHERRY LIGHTS,0.4370860927152318,159.53642384105962,6.712857142857143,109.0,104.0,107.0,1594.8000000000002
22026,BANQUET BIRTHDAY  CARD  ,6.423841059602649,2344.701986754967,0.41402298850574715,1683.0,40.0,85.0,1592.88
22922,FRIDGE MAGNETS US DINER ASSORTED,3.2582781456953644,1189.271523178808,0.8517171717171717,836.0,110.0,133.0,1592.6999999999998
21659,GLASS CAKE STAND,0.18211920529801323,66.47350993377484,14.87142857142857,47.0,9.0,10.0,1591.7
22161,HEART DECORATION RUSTIC HANGING ,8.920529801324504,3255.993377483444,0.3471848739495798,2165.0,159.0,221.0,1590.98
22535,MAGIC DRAWING SLATE BUNNIES ,6.614238410596027,2414.19701986755,0.417755905511811,1700.0,109.0,155.0,1588.6200000000001
35160,BUDDHA INCENSE HOLDER ASSORTED,3.6026490066225167,1314.9668874172187,0.8152830188679245,898.0,329.0,354.0,1587.24
22928,YELLOW GIANT GARDEN THERMOMETER,0.4288079470198676,156.51490066225168,6.3682417582417585,111.0,17.0,20.0,1583.17
84459A,PINK METAL CHICKEN HEART ,1.8642384105960266,680.4470198675497,1.4812727272727273,479.0,97.0,110.0,1582.7
85231B,CINAMMON SET OF 9 T-LIGHTS,3.0927152317880795,1128.841059602649,0.865189003436426,808.0,33.0,55.0,1581.56
20990,SPRING FLOWER CHOPSTICKS SET/5,1.4188741721854305,517.8890728476822,1.94,365.0,78.0,88.0,1581.1499999999999
22254,FELT TOADSTOOL LARGE,2.142384105960265,781.9701986754967,1.2483333333333333,560.0,81.0,96.0,1581.02
79302M,"ART LIGHTS,FUNK MONKEY",0.9751655629139073,355.93543046357615,2.8564935064935066,250.0,43.0,50.0,1579.95
21163,DO NOT TOUCH MY STUFF DOOR HANGER ,4.526490066225166,1652.1688741721855,1.0295964125560537,896.0,219.0,251.0,1577.34
22673,FRENCH GARDEN SIGN BLUE METAL,2.119205298013245,773.5099337748345,1.2609467455621302,554.0,39.0,54.0,1577.34
85036C,ROSE 1 WICK MORRIS BOXED CANDLE,1.4271523178807948,520.9105960264901,3.0126016260162602,294.0,89.0,99.0,1575.68
84509G,SET OF 4 FAIRY CAKE PLACEMATS ,1.1357615894039734,414.5529801324503,3.277884615384615,251.0,56.0,64.0,1574.7
84535B,FAIRY CAKES NOTEBOOK A6 SIZE,4.248344370860927,1550.6456953642385,0.6568503937007875,1086.0,73.0,103.0,1570.97
23101,SILVER STARS TABLE DECORATION,3.2152317880794703,1173.5596026490066,0.8265445026178011,843.0,53.0,76.0,1569.6200000000001
22163,HEART STRING MEMO HOLDER HANGING,1.5910596026490067,580.7367549668875,2.2167889908256884,362.0,41.0,52.0,1569.19
20996,JAZZ HEARTS ADDRESS BOOK,10.137417218543046,3700.157284768212,0.3014760147601476,2477.0,283.0,354.0,1568.46
23217,LAUREL HEART ANTIQUE SILVER,2.1357615894039736,779.5529801324503,1.4022093023255815,527.0,115.0,130.0,1567.0
21793,CLASSIC FRENCH STYLE BASKET BROWN,0.5695364238410596,207.88079470198676,4.999148936170213,144.0,22.0,26.0,1564.44
85173,SET/6 FROG PRINCE T-LIGHT CANDLES,1.5794701986754967,576.5066225165563,2.317961165048543,353.0,79.0,90.0,1563.27
10125,MINI FUNKY DESIGN TAPES,3.26158940397351,1190.4801324503312,0.8158730158730159,854.0,88.0,111.0,1562.7
23370,SET 36 COLOURING PENCILS DOILY,2.134105960264901,778.9486754966888,1.246346153846154,559.0,94.0,109.0,1562.6100000000001
22286,"DECORATION , WOBBLY RABBIT , METAL ",1.7649006622516556,644.1887417218543,1.6414141414141414,443.0,130.0,142.0,1561.5
21123,SET/10 IVORY SPOTTY PARTY CANDLES,2.0728476821192054,756.58940397351,1.2449333333333334,551.0,56.0,71.0,1555.88
22705,WRAP GREEN PEARS ,6.125827814569536,2235.927152317881,0.42,1632.0,9.0,52.0,1554.0
22410,MONEY BOX HOUSEKEEPING DESIGN,2.1589403973509933,788.0132450331125,1.219107142857143,569.0,31.0,46.0,1552.73
23122,PARTY CHARMS 50 PIECES,3.4619205298013247,1263.6009933774835,0.8202061855670103,878.0,278.0,302.0,1552.65
23244,ROUND STORAGE TIN VINTAGE LEAF,1.4122516556291391,515.4718543046358,1.9766666666666666,361.0,68.0,78.0,1552.5099999999998
22602,RETROSPOT WOODEN HEART DECORATION,3.062913907284768,1117.9635761589404,0.8615384615384615,805.0,58.0,79.0,1552.22
21281,VINTAGE KITCHEN PRINT SEAFOOD,6.033112582781457,2202.0860927152316,2.3216216216216212,689.0,1533.0,1575.0,1552.2
22565,FELTCRAFT HAIRBANDS PINK AND WHITE ,3.021523178807947,1102.8559602649007,0.8851834862385322,789.0,49.0,70.0,1549.6899999999998
85114C,RED ENCHANTED FOREST PLACEMAT,1.5910596026490067,580.7367549668875,1.6454545454545453,420.0,42.0,53.0,1549.65
21645,ASSORTED TUTTI FRUTTI ROUND BOX,1.554635761589404,567.4420529801324,1.65,415.0,40.0,51.0,1549.35
21786,RAIN HAT WITH RED SPOTS,7.099337748344371,2591.2582781456954,0.409010989010989,1780.0,403.0,453.0,1548.96
23317,BLUE REFECTORY CLOCK ,0.26655629139072845,97.29304635761588,9.872857142857141,70.0,9.0,11.0,1547.95
20767,BLUE PAISLEY JOURNAL ,1.2417218543046358,453.22847682119203,2.516013513513513,300.0,50.0,59.0,1546.52
21039,RED RETROSPOT SHOPPING BAG,1.0132450331125828,369.83443708609275,2.678969072164948,263.0,49.0,56.0,1544.76
21276,TWO EMBOSSED HEART MINI DRAWERS,1.119205298013245,408.5099337748344,3.8785714285714286,229.0,141.0,149.0,1544.2
21895,POTTING SHED SOW 'N' GROW SET,0.8758278145695364,319.67715231788077,4.2021428571428565,195.0,126.0,132.0,1540.25
23399,HOME SWEET HOME HANGING HEART,3.0049668874172184,1096.8129139072846,0.8492972972972973,804.0,36.0,57.0,1539.6299999999999
21637,ASSORTED SANSKRIT MINI NOTEBOOK,2.109271523178808,769.884105960265,1.2457777777777779,556.0,180.0,195.0,1537.78
21548,CERAMIC BIRDHOUSE FINCH BLUE ROOF,1.0612582781456954,387.35927152317885,2.9153846153846152,258.0,130.0,137.0,1535.6000000000001
21706,FOLDING UMBRELLA RED/WHITE POLKADOT,0.5132450331125827,187.3344370860927,5.041702127659574,136.0,11.0,15.0,1535.53
85222,ASSORTED COLOUR SILK COSMETIC PURSE,2.30794701986755,842.4006622516557,1.8976744186046515,471.0,248.0,264.0,1535.4
21657,MILK BOTTLE WITH GLASS STOPPER ,0.3741721854304636,136.5728476821192,6.9173913043478255,99.0,10.0,13.0,1534.7
23273,HEART T-LIGHT HOLDER WILLIE WINKIE,1.5364238410596027,560.794701986755,1.6793877551020406,409.0,25.0,36.0,1533.8400000000001
79160,HEART SHAPE WIRELESS DOORBELL,1.346026490066225,491.29966887417214,2.0797887323943662,344.0,66.0,75.0,1530.18
16033,MINI HIGHLIGHTER PENS,24.83609271523179,9065.173841059603,0.1163265306122449,6242.0,2001.0,2175.0,1530.12
84519B,CARROT CHARLIE+LOLA COASTER SET,1.3195364238410596,481.63079470198676,1.9856050955414013,348.0,37.0,46.0,1528.7900000000002
22934,BAKING MOULD EASTER EGG WHITE CHOC,0.9271523178807947,338.41059602649005,2.9152173913043478,241.0,61.0,67.0,1527.2
21545,CERAMIC BIRDHOUSE BUTTERFLY SMALL,1.1225165562913908,409.71854304635764,2.891538461538462,266.0,151.0,159.0,1527.05
23483,HANGING  BUTTERFLY T-LIGHT HOLDER,2.1688741721854305,791.6390728476822,1.2280597014925374,568.0,99.0,114.0,1526.62
22421,LIPSTICK PEN FUSCHIA,6.167218543046357,2251.0347682119204,0.43748987854251015,1604.0,116.0,159.0,1526.48
75131,METAL TUBE CHIME ON BAMBOO,2.0033112582781456,731.2086092715232,1.6220967741935484,475.0,247.0,261.0,1526.26
82615,PINK MARSHMALLOW SCARF KNITTING KIT,0.9387417218543046,342.64072847682115,2.8973684210526316,243.0,65.0,72.0,1526.25
22209,WOOD STAMP SET HAPPY BIRTHDAY,2.0910596026490067,763.2367549668875,1.2383589743589742,555.0,29.0,44.0,1524.82
22198,"POPCORN HOLDER , LARGE",1.5794701986754967,576.5066225165563,1.6380597014925373,419.0,67.0,78.0,1524.5
79320, FLAMINGO LIGHTS,0.554635761589404,202.44205298013244,4.828260869565217,145.0,35.0,39.0,1523.8500000000001
22025,RING OF ROSES BIRTHDAY CARD,6.319536423841059,2306.630794701987,0.415,1667.0,103.0,147.0,1523.22
23372,SET 36 COLOUR PENCILS DOLLY GIRL,2.142384105960265,781.9701986754967,1.2426213592233009,561.0,107.0,122.0,1520.22
22292,HANGING CHICK  YELLOW DECORATION,1.8013245033112584,657.4834437086093,1.4478494623655915,477.0,134.0,147.0,1520.0
21043,APRON MODERN VINTAGE COTTON,0.9950331125827815,363.1870860927152,3.5230337078651686,227.0,42.0,49.0,1519.95
21618,4 WILDFLOWER BOTANICAL CANDLES,0.9834437086092715,358.9569536423841,2.783333333333333,254.0,34.0,41.0,1519.0
21694,SMALL REGAL  SILVER CANDLEPOT ,0.8940397350993378,326.3245033112583,2.9368852459016392,236.0,72.0,78.0,1516.2000000000003
15059A,ENGLISH ROSE EDWARDIAN PARASOL,0.8360927152317881,305.17384105960264,3.0,226.0,0.0,6.0,1515.0
21109,"LARGE CAKE TOWEL, CHOCOLATE SPOTS",0.37251655629139074,135.9685430463576,6.725510204081633,101.0,8.0,11.0,1513.95
21099,SET/6 STRAWBERRY PAPER CUPS,21.99337748344371,8027.582781456954,0.6316666666666666,2521.0,10321.0,10475.0,1506.6000000000001
21092,SET/6 STRAWBERRY PAPER PLATES,21.20198675496689,7738.725165562914,0.7966666666666666,2204.0,12822.0,12970.0,1504.94
22587,FELTCRAFT HAIRBAND RED AND BLUE,2.9652317880794703,1082.3096026490066,0.8494736842105263,798.0,47.0,68.0,1503.6299999999999
72803A,ROSE SCENT CANDLE JEWELLED DRAWER,1.1837748344370862,432.0778145695365,4.203956043956044,227.0,186.0,194.0,1498.19
85036B,CHOCOLATE 1 WICK MORRIS BOX CANDLE,0.9735099337748344,355.33112582781456,3.0622784810126586,241.0,52.0,59.0,1498.06
21283,NATURAL BARK CANDLE SMALL,0.8129139072847682,296.7135761589404,3.1847826086956523,216.0,36.0,42.0,1496.75
21628,TRIANGULAR POUFFE VINTAGE ,0.17549668874172186,64.05629139072848,14.785,47.0,18.0,19.0,1494.5
21610,SET 12 PEAR BOTANICAL T-LIGHTS,0.8758278145695364,319.67715231788077,2.9181818181818184,234.0,39.0,45.0,1493.3500000000001
21710,FOLDING UMBRELLA  PINK/WHITE  SPOT,0.956953642384106,349.2880794701987,4.2,204.0,117.0,124.0,1493.1000000000001
21000,ROSE DU SUD COSMETICS BAG,1.0198675496688743,372.2516556291391,4.19375,211.0,343.0,350.0,1493.0
22516,CHILDS GARDEN RAKE BLUE,1.3013245033112584,474.9834437086093,2.0763281250000003,338.0,67.0,76.0,1490.58
85039B,S/4 IVORY MINI ROSE CANDLE IN BOWL,2.077814569536424,758.4023178807947,1.5186607142857143,500.0,81.0,96.0,1488.43
23181,BULL DOG BOTTLE TOP WALL CLOCK,0.30629139072847683,111.79635761589404,8.184782608695652,83.0,10.0,12.0,1484.25
21581,SKULLS  DESIGN  COTTON TOTE BAG,1.7003311258278146,620.6208609271523,2.1515503875968993,380.0,92.0,104.0,1484.1499999999999
21620,SET OF 4 ROSE BOTANICAL CANDLES,1.445364238410596,527.5579470198676,2.0086206896551726,362.0,23.0,33.0,1481.25
23226,FILIGREE HEART DAISY WHITE,1.9850993377483444,724.5612582781457,1.24125,540.0,52.0,66.0,1478.59
21927,BLUE/CREAM STRIPE CUSHION COVER ,1.978476821192053,722.1440397350993,1.2477906976744186,538.0,27.0,41.0,1478.55
21215,IVORY PAPER CUP CAKE CASES ,4.700331125827814,1715.620860927152,0.5451552795031056,1254.0,113.0,146.0,1477.99
21275,ZINC TOP  2 DOOR WOODEN SHELF ,0.40066225165562913,146.24172185430464,11.137500000000001,81.0,20.0,23.0,1477.9
22310,IVORY KNITTED MUG COSY ,1.5612582781456954,569.8592715231788,1.7299999999999998,406.0,95.0,106.0,1477.59
22770,MIRROR CORNICE,0.16556291390728478,60.43046357615894,14.915079365079364,45.0,5.0,6.0,1477.3999999999999
22262,FELT EGG COSY CHICKEN,2.870860927152318,1047.864238410596,0.8578787878787878,781.0,40.0,60.0,1477.02
21448,12 DAISY PEGS IN WOOD BOX,1.4817880794701987,540.8526490066225,1.6500000000000001,405.0,21.0,31.0,1476.75
22804,PINK HANGING HEART T-LIGHT HOLDER,1.3625827814569536,497.342715231788,3.186060606060606,279.0,206.0,216.0,1476.13
21162,TOXIC AREA  DOOR HANGER ,3.8493377483443707,1405.0082781456954,0.9431535269709543,863.0,114.0,141.0,1475.9499999999998
72008,FROSTED BOX 9 WHITE T-LIGHT CANDLES,6.124172185430464,2235.322847682119,0.4163636363636363,1638.0,130.0,173.0,1470.42
23394,POSTE FRANCE CUSHION COVER,0.6490066225165563,236.88741721854305,3.75,178.0,12.0,17.0,1470.0
21541,DINOSAURS WATER TRANSFER TATTOOS ,2.9503311258278146,1076.8708609271523,0.845973154362416,798.0,77.0,98.0,1469.8999999999999
21384,IVORY HANGING DECORATION  BUTTERFLY,2.869205298013245,1047.2599337748345,0.8477391304347826,786.0,48.0,68.0,1466.81
21294,ETCHED GLASS COASTER,3.5264900662251657,1287.1688741721855,0.8783050847457627,856.0,114.0,139.0,1465.3799999999999
21785,RAIN PONCHO ,3.2649006622516556,1191.6887417218543,0.8322784810126582,846.0,230.0,253.0,1465.1999999999998
84789,ENCHANTED BIRD PLANT CAGE,0.7152317880794702,261.0596026490066,3.6714285714285713,189.0,24.0,29.0,1464.0
22929,SCHOOL DESK AND CHAIR ,0.0380794701986755,13.899006622516556,64.17058823529412,10.0,3.0,3.0,1459.75
84795A,PASTEL STRIPE HAMMOCK ,0.3211920529801324,117.23509933774834,7.844736842105264,86.0,18.0,20.0,1458.3000000000002
22517,CHILDS GARDEN RAKE PINK,1.2781456953642385,466.52317880794703,2.0757600000000003,335.0,68.0,77.0,1458.18
85016,SET OF 6 VINTAGE NOTELETS KIT,2.4006622516556293,876.2417218543047,2.142857142857143,452.0,212.0,229.0,1457.3999999999999
85185B,PINK HORSE SOCK PUPPET,0.8344370860927153,304.5695364238411,2.93796992481203,228.0,18.0,24.0,1455.6000000000001
21205,MULTICOLOUR 3D BALLS GARLAND,0.9867549668874173,360.1655629139073,2.538157894736842,266.0,35.0,42.0,1455.0
22802,FAUX FUR CHOCOLATE THROW,0.1423841059602649,51.97019867549669,18.515217391304347,37.0,7.0,8.0,1454.7
21146,ANTIQUE GLASS RIDGED HANGING BALL,1.283112582781457,468.33609271523176,1.9384615384615385,348.0,78.0,87.0,1453.6499999999999
21251,DINOSAUR HEIGHT CHART STICKER SET,0.9039735099337748,329.9503311258278,2.9334313725490198,237.0,52.0,58.0,1453.5000000000002
22975,SPACEBOY CHILDRENS EGG CUP,1.913907284768212,698.5761589403974,1.2743624161073825,524.0,29.0,42.0,1453.47
84472,PINK AND LILAC QUILTED THROW ,0.054635761589403975,19.942052980132452,44.272000000000006,15.0,4.0,4.0,1450.4
21972,SET OF 36 DINOSAUR PAPER DOILIES,1.6556291390728477,604.3046357615895,1.45,456.0,36.0,48.0,1450.0
23391, I LOVE LONDON MINI BACKPACK,0.5943708609271523,216.94536423841058,4.138405797101449,162.0,40.0,44.0,1449.8500000000001
21925,UNION STRIPE CUSHION COVER ,1.9503311258278146,711.8708609271523,1.246346153846154,534.0,31.0,45.0,1449.7
22449,SILK PURSE RUSSIAN DOLL PINK,0.7400662251655629,270.12417218543044,3.3398734177215195,201.0,40.0,45.0,1449.45
23287,RED VINTAGE SPOT BEAKER,2.937086092715232,1072.0364238410596,0.845608108108108,796.0,81.0,102.0,1445.5
22986,GINGHAM ROSE WRAP,5.819536423841059,2124.130794701987,0.41933884297520657,1591.0,150.0,191.0,1444.3
84619,BLUE GINGHAM ROSE QUILT ,0.11423841059602649,41.69701986754967,33.18076923076923,25.0,9.0,10.0,1444.15
21542,WOODLAND WATER TRANSFER TATTOOS ,2.8940397350993377,1056.3245033112582,0.8472602739726027,790.0,76.0,96.0,1443.3999999999999
21332,MOROCCAN BEATEN METAL MIRROR,0.4337748344370861,158.32781456953643,9.473809523809523,91.0,33.0,36.0,1442.9
23462,ROCOCO WALL MIRROR WHITE,0.12417218543046357,45.3228476821192,19.740697674418605,34.0,6.0,7.0,1442.25
85177,BASKET OF FLOWERS SEWING KIT,2.922185430463576,1066.5976821192053,0.8620535714285714,787.0,134.0,154.0,1442.11
22450,SILK PURSE BABUSHKA BLUE,0.7135761589403974,260.45529801324506,3.3461165048543693,197.0,17.0,22.0,1441.45
22183,CAKE STAND VICTORIAN FILIGREE MED,0.46688741721854304,170.41390728476821,6.283333333333334,116.0,24.0,27.0,1438.05
21550,CERAMIC BIRDHOUSE CRESTED TIT LARGE,0.4718543046357616,172.226821192053,5.891525423728814,121.0,69.0,72.0,1437.75
21262,WHITE GOOSE FEATHER CHRISTMAS TREE ,0.7582781456953642,276.77152317880797,3.987037037037037,186.0,19.0,24.0,1435.1000000000001
44230,SQUARE MIRROR CURTAIN,0.34271523178807944,125.091059602649,7.6247727272727275,91.0,25.0,27.0,1434.18
21446,12 RED ROSE PEG PLACE SETTINGS,1.9105960264900663,697.3675496688742,1.246,529.0,36.0,49.0,1433.38
ADJUST,Adjustment by john on 26/01/2010 17,0.023178807947019868,8.460264900662251,102.22214285714287,6.0,0.0,0.0,1431.1100000000001
21869,POTTING SHED COFFEE MUG,2.0612582781456954,752.3592715231788,1.2116346153846154,557.0,103.0,117.0,1430.85
90062,CARNIVAL BRACELET,0.1870860927152318,68.2864238410596,12.487179487179487,52.0,10.0,11.0,1430.5
21066,VINTAGE RED MUG,3.73841059602649,1364.5198675496688,1.0464545454545455,807.0,226.0,252.0,1429.96
23267,SET OF 4 SANTA PLACE SETTINGS,1.9172185430463575,699.7847682119206,1.2477659574468085,530.0,54.0,67.0,1427.34
22052,VINTAGE CARAVAN GIFT WRAP,5.7052980132450335,2082.4337748344374,0.4180645161290322,1578.0,77.0,117.0,1427.32
23280,FOLDING BUTTERFLY MIRROR HOT PINK ,3.043046357615894,1110.7119205298013,0.8349612403100775,816.0,128.0,149.0,1427.16
22546,MINI JIGSAW PURDEY,6.021523178807947,2197.8559602649007,0.4095238095238095,1638.0,291.0,333.0,1425.19
21634,ASSORTED MINI MADRAS NOTEBOOK,2.8443708609271523,1038.1953642384105,0.9340816326530613,745.0,187.0,207.0,1425.1
21382,SET/4 SPRING FLOWER DECORATION,1.8741721854304636,684.0728476821192,1.8978260869565218,425.0,69.0,82.0,1423.2
79323B,BLACK CHERRY LIGHTS,0.3824503311258278,139.59437086092714,6.614583333333333,103.0,27.0,30.0,1421.45
85198,ASSORTED FARMYARD ANIMALS IN BUCKET,6.33112582781457,2310.860927152318,0.82575,1183.0,2277.0,2321.0,1421.24
22157,ANGEL DECORATION WITH LACE PADDED,2.7665562913907285,1009.7930463576159,0.85,771.0,56.0,75.0,1420.35
22261,FELT EGG COSY WHITE RABBIT ,2.902317880794702,1059.3460264900664,0.8677639751552796,781.0,155.0,175.0,1412.57
21631,HIPPY CHIC DECORATIVE PARASOL,0.34105960264900664,124.48675496688743,10.654761904761905,76.0,26.0,28.0,1412.1000000000001
40001,WHITE BAMBOO RIBS LAMPSHADE,3.2152317880794703,1173.5596026490066,0.8118181818181818,850.0,172.0,195.0,1411.3
21356,TOAST ITS - FAIRY FLOWER,1.900662251655629,693.7417218543046,1.227967032967033,531.0,29.0,42.0,1410.95
21986,PACK OF 12 PINK POLKADOT TISSUES,8.198675496688741,2992.5165562913908,0.3251121076233184,2145.0,385.0,442.0,1410.2199999999998
48195,DOOR MAT GREEN PAISLEY ,0.41887417218543044,152.88907284768212,7.126301369863014,104.0,61.0,64.0,1409.11
22137,BATHROOM SET LOVE HEART DESIGN,0.9652317880794702,352.3096026490066,2.9145161290322585,246.0,335.0,342.0,1407.85
21292,SMALL STRIPES CHOCOLATE GIFT BAG ,4.03476821192053,1472.6903973509934,0.7215853658536585,1010.0,192.0,220.0,1407.1299999999999
84006,MAGIC TREE -PAPER FLOWERS,2.7400662251655628,1000.1241721854304,0.85,767.0,59.0,78.0,1406.75
22608,PENS ASSORTED FUNKY JEWELED ,8.94205298013245,3263.849337748344,0.3,2332.0,338.0,401.0,1406.29
84968E,SET OF 16 VINTAGE BLACK CUTLERY,0.19205298013245034,70.09933774834437,12.996,52.0,24.0,25.0,1404.81
21495,SKULLS WRAP,5.546357615894039,2024.4205298013244,0.41851851851851846,1555.0,92.0,131.0,1403.0
22676,FRENCH BLUE METAL DOOR SIGN 1,1.8526490066225165,676.2168874172186,1.2731818181818182,515.0,39.0,52.0,1402.39
21818,GLITTER CHRISTMAS HEART ,2.7649006622516556,1009.1887417218543,0.849103448275862,771.0,71.0,90.0,1400.78
21894,POTTING SHED SEED ENVELOPES,1.8940397350993377,691.3245033112582,1.2766666666666668,520.0,45.0,58.0,1400.13
85194L,HANGING SPRING FLOWER EGG LARGE,2.8360927152317883,1035.1738410596026,0.8464220183486237,782.0,103.0,123.0,1399.8899999999999
47503A,ASS FLORAL PRINT MULTI SCREWDRIVER,4.711920529801325,1719.8509933774835,0.618061224489796,1180.0,70.0,103.0,1396.61
23368,SET 12 COLOUR PENCILS DOLLY GIRL ,3.562913907284768,1300.4635761589404,0.6494505494505495,1001.0,128.0,153.0,1396.4
22293,"SPRING DEC , HANGING CHICK  GREEN",1.7996688741721854,656.8791390728477,1.4417808219178083,477.0,153.0,166.0,1396.1499999999999
22333,RETRO SPOT PARTY BAG + STICKER SET,1.544701986754967,563.816225165563,1.6370967741935485,415.0,522.0,533.0,1395.45
22071,SMALL RETRO SPOT MUG IN BOX  WHITE,0.6274834437086093,229.0314569536424,3.7454430379746833,175.0,35.0,39.0,1395.33
15058A,BLUE WHITE SPOTS GARDEN PARASOL,0.44867549668874174,163.76655629139074,6.621428571428572,111.0,18.0,21.0,1394.45
84795D,SEASIDE STRIPE HAMMOCK,0.29635761589403975,108.1705298013245,7.9089041095890416,83.0,10.0,12.0,1387.05
22343,PARTY PIZZA DISH RED RETROSPOT,4.1490066225165565,1514.387417218543,0.6742201834862385,1060.0,134.0,163.0,1380.94
21662,VINTAGE GLASS COFFEE CADDY,0.39403973509933776,143.8245033112583,5.931012658227848,110.0,24.0,27.0,1380.1000000000001
85170A,SET/6 IVORY BIRD T-LIGHT CANDLES,1.3228476821192052,482.8394039735099,1.966451612903226,350.0,107.0,116.0,1378.32
22390,PAPERWEIGHT CHILDHOOD MEMORIES,1.3162251655629138,480.4221854304635,2.3650684931506847,319.0,84.0,93.0,1378.22
85180A,RED HEARTS LIGHT CHAIN ,0.9155629139072847,334.1804635761589,3.731194029850746,212.0,41.0,47.0,1377.53
84843,WHITE SOAP RACK WITH 2 BOTTLES,0.40894039735099336,149.26324503311258,5.905172413793103,112.0,21.0,24.0,1376.05
22599,CHRISTMAS MUSICAL ZINC STAR,4.241721854304636,1548.228476821192,0.6460902255639097,1095.0,110.0,140.0,1374.74
22316,200 BENDY SKULL STRAWS,2.0264900662251657,739.6688741721855,1.232,548.0,143.0,157.0,1370.4
21282,NATURAL BARK CANDLE LARGE,0.5579470198675497,203.65066225165563,4.2076271186440675,156.0,30.0,34.0,1369.25
22103,MIRROR MOSAIC T-LIGHT HOLDER ROUND,2.6456953642384105,965.6788079470198,1.5675999999999999,555.0,402.0,421.0,1368.54
20665,RED RETROSPOT PURSE ,0.7731788079470199,282.21026490066225,2.941919191919192,219.0,12.0,17.0,1368.0500000000002
84919,BLUE CUSHION COVER WITH FLOWER,0.4205298013245033,153.4933774834437,6.63421052631579,108.0,162.0,165.0,1365.3
23546,WRAP PAISLEY PARK ,5.380794701986755,1963.9900662251655,0.42,1529.0,30.0,68.0,1365.0
84665,SQUARE CHERRY BLOSSOM CABINET,0.3741721854304636,136.5728476821192,6.375531914893617,103.0,19.0,22.0,1364.7
23348,CHILDRENS TOY COOKING UTENSIL SET,1.119205298013245,408.5099337748344,2.0706451612903227,314.0,29.0,37.0,1363.16
84965B,BLUE KASHMIRI COFFEE TABLE ,0.04470198675496689,16.316225165562912,62.4875,11.0,30.0,30.0,1359.95
84819,DANISH ROSE ROUND SEWING BOX,1.5016556291390728,548.1043046357615,2.9108510638297873,307.0,76.0,87.0,1359.79
22976,CIRCUS PARADE CHILDRENS EGG CUP ,1.7930463576158941,654.4619205298013,1.260168067226891,510.0,29.0,42.0,1358.59
85167B,BLACK GRAND BAROQUE PHOTO FRAME,1.1324503311258278,413.34437086092714,3.611132075471698,239.0,110.0,118.0,1358.4
21532,DAIRY MAID SUGAR JAM BOWL,2.271523178807947,829.1059602649005,2.082692307692308,446.0,556.0,572.0,1358.3999999999999
20768,GREEN FERN JOURNAL ,1.1622516556291391,424.22185430463577,2.468034188034188,293.0,57.0,65.0,1357.81
23086,ZINC  STAR T-LIGHT HOLDER ,1.9586092715231789,714.8923841059603,1.232,539.0,239.0,253.0,1357.79
22050,PINK PAISLEY ROSE GIFT WRAP,5.4635761589403975,1994.205298013245,0.4186086956521739,1543.0,101.0,139.0,1354.0
22093,MOTORING TISSUE BOX,3.8327814569536423,1398.9652317880793,0.7906799999999999,941.0,110.0,137.0,1353.21
16161U,"WRAP,SUKI AND FRIENDS",5.504966887417218,2009.3129139072846,0.41706422018348627,1552.0,161.0,200.0,1352.5
21278,VINTAGE KITCHEN PRINT PUDDINGS,4.461920529801325,1628.6009933774835,2.484285714285714,573.0,876.0,907.0,1352.25
22912,YELLOW COAT RACK PARIS FASHION,0.4900662251655629,178.87417218543047,4.934040404040404,135.0,32.0,35.0,1351.44
23414,ZINC BOX SIGN HOME,0.23013245033112584,83.99834437086093,9.90290322580645,65.0,9.0,11.0,1348.01
20766,GARDEN PATH SKETCHBOOK,0.7864238410596026,287.04470198675494,3.6837600000000004,197.0,41.0,47.0,1345.98
22719,GUMBALL MONOCHROME COAT RACK,1.978476821192053,722.1440397350993,1.210566037735849,546.0,61.0,75.0,1345.55
23334,IVORY WICKER HEART SMALL,3.566225165562914,1301.6721854304635,0.6284158415841584,1018.0,102.0,127.0,1345.5
21279,VINTAGE KITCHEN PRINT FRUITS,5.746688741721854,2097.541390728477,2.4678571428571425,652.0,1331.0,1371.0,1343.85
22396,MAGNETS PACK OF 4 RETRO PHOTO,3.0298013245033113,1105.8774834437086,0.8328749999999999,815.0,105.0,126.0,1342.94
22559,SEASIDE FLYING DISC,1.8327814569536425,668.9652317880794,1.2832478632478632,511.0,53.0,66.0,1340.85
21579,LOLITA  DESIGN  COTTON TOTE BAG,1.5877483443708609,579.5281456953642,2.143478260869565,368.0,116.0,127.0,1340.15
21426,WOODLAND STORAGE BOX SMALL,1.5927152317880795,581.341059602649,1.9141509433962265,390.0,163.0,174.0,1338.6000000000001
21675,BUTTERFLIES STICKERS,2.6009933774834435,949.3625827814569,0.8782608695652174,735.0,25.0,43.0,1336.9099999999999
85071A,BLUE CHARLIE+LOLA PERSONAL DOORSIGN,3.044701986754967,1111.3162251655629,1.1821428571428574,686.0,111.0,132.0,1336.41
21991,BOHEMIAN COLLAGE STATIONERY SET,1.4470198675496688,528.1622516556291,1.798273381294964,383.0,59.0,69.0,1333.98
21576,LETS GO SHOPPING COTTON TOTE BAG,0.9950331125827815,363.1870860927152,2.270137931034483,283.0,12.0,19.0,1333.67
21910,WAY OUT METAL SIGN ,1.7119205298013245,624.8509933774834,1.637128712871287,437.0,174.0,186.0,1331.7
23104,IVORY CAFE HANGING LAMP ,0.18874172185430463,68.8907284768212,12.304651162790698,53.0,17.0,18.0,1330.5
22099,CARAVAN SQUARE TISSUE BOX,3.3427152317880795,1220.091059602649,0.8650224215246637,840.0,113.0,136.0,1329.17
23250,VINTAGE RED TRIM ENAMEL BOWL ,1.7864238410596027,652.044701986755,1.2475862068965518,511.0,51.0,64.0,1328.59
21561,DINOSAUR LUNCHBOX WITH CUTLERY,0.9006622516556292,328.74172185430467,2.536363636363636,255.0,38.0,44.0,1327.8
22597,CHRISTMAS MUSICAL ZINC HEART ,2.7864238410596025,1017.044701986755,0.8361702127659574,780.0,101.0,121.0,1327.59
23232,WRAP VINTAGE PETALS  DESIGN,5.422185430463577,1979.0976821192055,0.4176923076923077,1539.0,130.0,168.0,1327.5
20752,RETRO BLUE SPOTTY WASHING UP GLOVES,1.400662251655629,511.2417218543046,2.045175438596491,354.0,94.0,104.0,1326.6000000000001
22317,FIVE CATS HANGING DECORATION,0.7450331125827815,271.9370860927152,2.996185567010309,213.0,13.0,18.0,1324.0200000000002
23470,CARD HOLDER LOVE BIRD LARGE ,0.36423841059602646,132.94701986754967,6.2156,103.0,19.0,22.0,1323.4
85160A,WHITE BIRD GARDEN DESIGN MUG,14.56953642384106,5317.880794701987,1.1481818181818182,1522.0,5539.0,5641.0,1323.2
22051,BLUE SCANDINAVIAN PAISLEY WRAP,5.256622516556291,1918.6672185430464,0.4193103448275862,1513.0,73.0,110.0,1317.5
21289,LARGE STRIPES CHOCOLATE GIFT BAG,2.077814569536424,758.4023178807947,1.1598333333333335,572.0,104.0,119.0,1315.15
23034,DRAWER KNOB CERAMIC BLACK,1.5480132450331126,565.024834437086,1.4425,443.0,69.0,80.0,1314.95
21232,STRAWBERRY CERAMIC TRINKET POT,1.7152317880794703,626.0596026490067,1.3380263157894736,484.0,65.0,77.0,1312.04
22285,HANGING HEN ON NEST DECORATION,1.314569536423841,479.817880794702,1.65,381.0,33.0,42.0,1310.1
84968F,SET OF 16 VINTAGE SKY BLUE CUTLERY,0.17549668874172186,64.05629139072848,12.703846153846154,50.0,18.0,19.0,1308.3
21051,RIBBONS PURSE ,1.0976821192052981,400.6539735099338,2.0955208333333335,309.0,42.0,50.0,1308.23
37441,ASSORTED WHITE EMBOSSED CHINA MUGS,1.1158940397350994,407.30132450331126,2.0615384615384618,314.0,141.0,149.0,1307.4
22982,PANTRY PASTRY BRUSH,1.728476821192053,630.8940397350993,1.3150000000000002,490.0,33.0,45.0,1307.05
21159,MOODY BOY  DOOR HANGER ,3.410596026490066,1244.867549668874,1.0305581395348837,777.0,120.0,144.0,1306.4399999999998
20993,JAZZ HEARTS MEMO PAD,18.120860927152318,6614.114238410596,0.59875,2350.0,8280.0,8407.0,1305.49
21198,WHITE HEART CONFETTI IN TUBE,1.9701986754966887,719.1225165562914,1.484578313253012,492.0,67.0,81.0,1304.46
85103,SILVER T-LIGHT SETTING,0.34933774834437087,127.50827814569537,6.5858974358974365,98.0,37.0,39.0,1303.45
84854,GIRLY PINK TOOL SET,0.46357615894039733,169.20529801324503,4.889655172413794,132.0,29.0,32.0,1302.0
23271,CHRISTMAS TABLE SILVER CANDLE SPIKE,2.653973509933775,968.7003311258278,0.8368421052631578,761.0,88.0,107.0,1301.05
23057,BEADED CHANDELIER T-LIGHT HOLDER,0.9867549668874173,360.1655629139073,4.523235294117647,200.0,145.0,152.0,1298.44
35809A,ENAMEL PINK TEA CONTAINER,1.716887417218543,626.6639072847682,1.6027927927927927,442.0,43.0,55.0,1297.81
21398,RED  SPOTTY COFFEE  MUG,1.1456953642384107,418.1788079470199,2.044318181818182,320.0,109.0,117.0,1297.8
84616,SILVER ROCCOCO CHANDELIER,0.11423841059602649,41.69701986754967,23.55909090909091,30.0,14.0,15.0,1297.75
21059,PARTY INVITES DINOSAURS,2.566225165562914,936.6721854304635,0.8473737373737373,743.0,48.0,66.0,1294.1
47503K,ASSORTED FLORAL SECATEURS,5.200331125827814,1898.120860927152,1.8691176470588236,713.0,2151.0,2187.0,1293.75
72816,SET/3 CHRISTMAS DECOUPAGE CANDLES,1.990066225165563,726.3741721854304,1.2458666666666667,540.0,183.0,197.0,1293.32
22337,ANGEL DECORATION PAINTED ZINC ,3.584437086092715,1308.319536423841,0.6582352941176471,997.0,260.0,285.0,1292.05
22393,PAPERWEIGHT VINTAGE COLLAGE,1.3245033112582782,483.44370860927154,2.1280898876404493,337.0,54.0,63.0,1289.23
23055,IVORY CHANDELIER T-LIGHT HOLDER,0.9271523178807947,338.41059602649005,5.562894736842105,174.0,140.0,146.0,1286.72
84510B,SET OF 4 FAIRY CAKES COASTERS ,1.8112582781456954,661.1092715231788,1.2387128712871287,517.0,83.0,96.0,1285.8
21837,CROSS STITCH ALPHABET CUSHION COVER,0.3576158940397351,130.5298013245033,5.95,105.0,10.0,13.0,1285.2
21828,EIGHT PIECE SNAKE  SET,1.7549668874172186,640.5629139072848,1.2461744966442954,507.0,76.0,88.0,1283.96
35810A,ENAMEL PINK COFFEE CONTAINER,1.849337748344371,675.0082781456954,1.413047619047619,489.0,37.0,50.0,1282.3600000000001
35241,ENAMEL BLUE RIM BISCUIT BIN,0.44867549668874174,163.76655629139074,4.875531914893617,130.0,16.0,19.0,1281.25
85006,SET 4 NURSERY DES ROUND BOXES,5.0447019867549665,1841.3162251655629,2.439142857142857,614.0,1475.0,1510.0,1280.45
21661,VINTAGE GLASS TEA CADDY,0.36258278145695366,132.34271523178808,5.9246835443037975,106.0,11.0,14.0,1279.0500000000002
35004G,SET OF 3 GOLD FLYING DUCKS,0.5745033112582781,209.6937086092715,5.229692307692308,142.0,30.0,34.0,1278.21
23119,PACK OF 6 LARGE FRUIT STRAWS ,3.5678807947019866,1302.276490066225,0.6479310344827586,1002.0,148.0,173.0,1275.71
21358,TOAST ITS - HAPPY BIRTHDAY,1.6986754966887416,620.0165562913907,1.2462025316455696,499.0,25.0,37.0,1275.3
23000,TRAVEL CARD WALLET TRANSPORT,5.0364238410596025,1838.294701986755,0.41970873786407764,1480.0,75.0,110.0,1274.76
23538,WALL ART VINTAGE HEART,0.5397350993377483,197.00331125827813,4.78925925925926,143.0,179.0,183.0,1273.92
22308,TEA COSY BLUE STRIPE,0.8526490066225165,311.2168874172185,2.6391836734693874,243.0,37.0,43.0,1273.39
21199,PINK  HEART CONFETTI IN TUBE,1.9370860927152318,707.0364238410596,1.5170212765957447,483.0,71.0,85.0,1271.46
23378,PACK OF 12 50'S CHRISTMAS TISSUES,5.650662251655629,2062.4917218543046,0.3890728476821192,1628.0,217.0,257.0,1270.59
20738,GREEN MINI TAPE MEASURE ,2.6241721854304636,957.8228476821192,0.842,754.0,174.0,192.0,1270.55
20760,GARDEN PATH POCKET BOOK,9.079470198675496,3314.006622516556,0.8305,1413.0,2442.0,2506.0,1270.2
22732,3D STICKERS VINTAGE CHRISTMAS,1.7549668874172186,640.5629139072848,1.24,508.0,140.0,152.0,1268.0
85141,JARDIN ETCHED GLASS FRUITBOWL,0.2980132450331126,108.7748344370861,8.042957746478873,82.0,14.0,16.0,1267.4
21684,SMALL MEDINA STAMPED METAL BOWL ,2.7417218543046356,1000.728476821192,0.863370786516854,761.0,234.0,253.0,1258.01
21644,ASSORTED TUTTI FRUTTI HEART BOX,1.6655629139072847,607.9304635761589,1.25,493.0,30.0,42.0,1257.5
21842,PINK HEART CANDY BUTTON CALCULATOR,0.8956953642384106,326.92880794701983,2.5026315789473683,256.0,103.0,109.0,1257.1499999999999
23469,CARD HOLDER LOVE BIRD SMALL,0.5298013245033113,193.37748344370863,4.122698412698413,153.0,39.0,43.0,1255.76
17091A,LAVENDER INCENSE IN TIN,3.4321192052980134,1252.723509933775,0.9342727272727273,819.0,163.0,187.0,1255.65
22267,EASTER DECORATION EGG BUNNY ,2.412251655629139,880.4718543046357,1.0424770642201835,650.0,144.0,161.0,1255.43
23249,VINTAGE RED ENAMEL TRIM PLATE,1.2880794701986755,470.1490066225166,1.6440298507462685,378.0,54.0,63.0,1254.9
22068,BLACK PIRATE TREASURE CHEST,1.4768211920529801,539.0397350993377,1.5339285714285713,419.0,36.0,46.0,1254.18
85200,BUNNY EGG BOX,1.6672185430463575,608.5347682119206,1.2457894736842106,494.0,30.0,42.0,1253.95
21807,WHITE CHRISTMAS STAR DECORATION,4.966887417218543,1812.9139072847681,0.4195652173913043,1470.0,88.0,123.0,1251.36
35637A,IVORY STRING CURTAIN WITH POLE ,0.8956953642384106,326.92880794701983,3.816666666666667,207.0,162.0,168.0,1250.95
21011,GLITTER SNOW PEAR TREE DECORATION,2.937086092715232,1072.0364238410596,1.1653211009174311,678.0,79.0,100.0,1249.78
23040,PAPER LANTERN 9 POINT SNOW STAR ,0.38741721854304634,141.40728476821192,5.726470588235294,111.0,88.0,91.0,1249.5
20933,YELLOW POT PLANT CANDLE,0.8162251655629139,297.92218543046357,3.4511627906976745,208.0,206.0,212.0,1245.15
22543,MINI JIGSAW BAKE A CAKE ,5.2947019867549665,1932.5662251655629,0.39954022988505744,1555.0,313.0,350.0,1242.25
23373,VINTAGE CHRISTMAS PAPER GIFT BAG,2.587748344370861,944.5281456953643,0.8177272727272726,760.0,126.0,144.0,1241.6599999999999
23221,REINDEER HEART DECORATION SILVER,2.4188741721854305,882.8890728476822,0.9132456140350877,695.0,69.0,86.0,1241.5900000000001
22150, 3 STRIPEY MICE FELTCRAFT,1.096026490066225,400.04966887417214,1.9395652173913043,321.0,39.0,47.0,1241.1
22827,GIANT SEVENTEEN DRAWER SIDEBOARD,0.013245033112582781,4.8344370860927155,158.33333333333334,4.0,2.0,2.0,1240.0
22167, OVAL WALL MIRROR DIAMANTE ,0.23013245033112584,83.99834437086093,9.86044776119403,65.0,13.0,15.0,1239.05
23505,PLAYING CARDS I LOVE LONDON ,1.7516556291390728,639.3543046357615,1.2420754716981133,507.0,84.0,96.0,1238.5
23237,SET OF 4 KNICK KNACK TINS LEAVES ,0.5033112582781457,183.7086092715232,4.1273584905660385,149.0,29.0,33.0,1237.2
85159B,"WHITE TEA,COFFEE,SUGAR JARS",1.0562913907284768,385.546357615894,2.6544117647058822,269.0,37.0,44.0,1236.1
22339,CHRISTMAS TREE PAINTED ZINC ,5.47682119205298,1999.0397350993376,0.4539252336448598,1484.0,181.0,219.0,1235.54
22123,PING MICROWAVE APRON,0.9221854304635762,336.5976821192053,2.7963043478260867,245.0,27.0,33.0,1233.95
84748,FOLK FELT HANGING MULTICOL GARLAND,1.6225165562913908,592.2185430463577,2.909375,319.0,312.0,323.0,1231.8
84466,TOP SECRET PEN SET,2.0033112582781456,731.2086092715232,1.213265306122449,549.0,272.0,286.0,1231.6999999999998
22756,LARGE YELLOW BABUSHKA NOTEBOOK ,1.8658940397350994,681.0513245033113,1.1716860465116279,539.0,46.0,59.0,1231.21
22182,CAKE STAND VICTORIAN FILIGREE SMALL,0.5943708609271523,216.94536423841058,4.503846153846154,155.0,29.0,33.0,1229.05
20825,GOLD WINE GLASS,0.5960264900662252,217.5496688741722,3.6300000000000003,173.0,493.0,497.0,1229.04
85071B,RED CHARLIE+LOLA PERSONAL DOORSIGN,3.793046357615894,1384.4619205298013,1.042695035460993,815.0,122.0,149.0,1226.57
21689,SILVER VANILLA  FLOWER CANDLE POT,0.5579470198675497,203.65066225165563,3.731052631578947,165.0,57.0,61.0,1226.31
21926,RED/CREAM STRIPE CUSHION COVER ,1.6423841059602649,599.4701986754967,1.2472058823529413,490.0,30.0,41.0,1224.8
22917,HERB MARKER ROSEMARY,3.1490066225165565,1149.387417218543,0.6494974874371859,941.0,75.0,97.0,1224.3
85125,SMALL ROUND CUT GLASS CANDLESTICK,0.4420529801324503,161.34933774834437,4.852325581395349,129.0,38.0,41.0,1222.95
21549,CERAMIC BIRDHOUSE RED ROOF SMALL,0.8923841059602649,325.72019867549665,2.898888888888889,237.0,178.0,184.0,1222.8500000000001
22448,PIN CUSHION RUSSIAN DOLL RED,0.6506622516556292,237.49172185430464,3.338571428571429,189.0,174.0,179.0,1220.55
22450,SILK PURSE RUSSIAN DOLL BLUE,0.6142384105960265,224.19701986754967,3.344029850746269,183.0,34.0,38.0,1218.8500000000001
85232A,SET/3 POLKA DOT STACKING TINS,0.41225165562913907,150.47185430463577,4.941860465116279,123.0,13.0,16.0,1215.75
21867,PINK UNION JACK  LUGGAGE TAG,1.609271523178808,587.384105960265,1.2587264150943398,483.0,35.0,46.0,1214.21
22181,SNOWSTORM PHOTO FRAME FRIDGE MAGNET,2.4586092715231787,897.3923841059602,0.8463207547169811,728.0,101.0,118.0,1212.33
85162A,SILVER RETRODISC LAMPSHADE,1.0016556291390728,365.6043046357616,3.2131578947368418,239.0,158.0,165.0,1211.75
20893,HANGING BAUBLE T-LIGHT HOLDER SMALL,0.890728476821192,325.1158940397351,2.502272727272727,255.0,78.0,84.0,1210.3500000000001
84823,DANISH ROSE FOLDING CHAIR,0.1986754966887417,72.51655629139073,12.363793103448277,54.0,15.0,16.0,1210.0
20761,BLUE PAISLEY SKETCHBOOK,0.6837748344370861,249.57781456953643,3.703931623931624,184.0,42.0,47.0,1207.37
72818,CHRISTMAS DECOUPAGE CANDLE,3.8758278145695364,1414.6771523178809,0.6994642857142858,1006.0,205.0,232.0,1206.31
22923,FRIDGE MAGNETS LES ENFANTS ASSORTED,2.468543046357616,901.0182119205298,0.8438095238095238,731.0,104.0,121.0,1204.9499999999998
79191C,RETRO PLASTIC ELEPHANT TRAY,2.5927152317880795,946.341059602649,0.8433333333333333,749.0,106.0,124.0,1204.3799999999999
23138,SINGLE WIRE HOOK IVORY HEART,1.4403973509933774,525.7450331125827,1.4448051948051948,427.0,124.0,134.0,1201.8999999999999
23536,WALL ART VILLAGE SHOW ,0.3758278145695364,137.1771523178808,5.913035714285714,108.0,41.0,44.0,1201.6100000000001
20704,MR ROBOT SOFT TOY,0.5711920529801324,208.48509933774832,5.3,140.0,29.0,33.0,1200.95
21383,PACK OF 12 STICKY BUNNIES,3.089403973509934,1127.632450331126,0.6484615384615384,932.0,49.0,71.0,1200.9
85032A,ROMANTIC IMAGES GIFT WRAP SET,2.2897350993377485,835.7533112582782,0.9694915254237289,657.0,115.0,131.0,1200.55
23444,Next Day Carriage,0.13079470198675497,47.74006622516556,15.189873417721518,40.0,0.0,1.0,1200.0
21529,RETRO SPOT CERAMIC TOASTRACK,0.5927152317880795,216.341059602649,3.425,178.0,18.0,22.0,1199.1000000000001
84816,DANISH ROSE BEDSIDE CABINET,0.05132450331125828,18.733443708609272,39.394444444444446,15.0,4.0,4.0,1198.45
22916,HERB MARKER THYME,3.0811258278145695,1124.6109271523178,0.6494949494949495,930.0,76.0,98.0,1197.65
35649,VINTAGE BEAD COSMETIC BAG ,2.9403973509933774,1073.2450331125829,3.144090909090909,413.0,1606.0,1627.0,1195.82
40003,WHITE BAMBOO RIBS LAMPSHADE,1.869205298013245,682.2599337748344,1.2,533.0,146.0,159.0,1195.25
84830,LARGE ENGLISH ARBORETUM,0.1870860927152318,68.2864238410596,15.357142857142858,47.0,162.0,163.0,1195.15
22269,EGG CUP NATURAL CHICKEN,2.3178807947019866,846.0264900662252,1.059271523178808,632.0,57.0,73.0,1194.64
21708,FOLDING UMBRELLA  CREAM/MULTI  SPOT,0.6158940397350994,224.80132450331126,4.503191489361702,158.0,48.0,52.0,1193.4
21248,DOOR HANGER  MUM + DADS ROOM,1.6688741721854305,609.1390728476822,1.4034090909090908,466.0,61.0,73.0,1192.8
22977,DOLLY GIRL CHILDRENS EGG CUP,1.5778145695364238,575.9023178807947,1.2603418803418804,478.0,29.0,40.0,1192.46
72232,FENG SHUI PILLAR CANDLE,10.37748344370861,3787.781456953642,0.19,3157.0,581.0,654.0,1190.9199999999998
22070,SMALL RETRO SPOT MUG IN BOX  RED,0.5248344370860927,191.56456953642382,3.75,160.0,10.0,14.0,1188.75
21190,PINK HEARTS PAPER GARLAND,1.2516556291390728,456.8543046357616,1.6339080459770117,374.0,65.0,74.0,1188.3999999999999
22733,3D STICKERS TRADITIONAL CHRISTMAS ,1.6225165562913908,592.2185430463577,1.2394444444444443,489.0,86.0,97.0,1187.0
22293,HANGING CHICK GREEN DECORATION,1.3543046357615893,494.3211920529801,1.45,413.0,46.0,55.0,1186.1
21317,GLASS SPHERE CANDLE STAND MEDIUM,0.5447019867549668,198.81622516556288,5.307575757575758,137.0,65.0,69.0,1181.25
22097,SWALLOW SQUARE TISSUE BOX,3.346026490066225,1221.299668874172,0.7829680365296804,883.0,131.0,154.0,1180.79
77101A,UNION FLAG WINDSOCK,1.7417218543046358,635.7284768211921,1.2255714285714288,509.0,165.0,177.0,1180.48
22094,RED RETROSPOT TISSUE BOX,4.061258278145695,1482.359271523179,0.6329479768786127,1082.0,140.0,168.0,1179.04
20731,POSY CANDY BAG,6.788079470198675,2477.6490066225165,1.1084782608695654,1057.0,1754.0,1802.0,1179.0
22677,FRENCH BLUE METAL DOOR SIGN 2,1.5596026490066226,569.2549668874173,1.259274193548387,475.0,36.0,47.0,1177.51
84856L,LARGE TAHITI BEACH BAG,0.34933774834437087,127.50827814569537,5.902727272727273,104.0,24.0,26.0,1177.45
21438,TUB 24 HANGING EASTER EGGS SPOTTY,0.5960264900662252,217.5496688741722,3.726470588235294,171.0,160.0,164.0,1177.2
23366,SET 12 COLOURING PENCILS DOILY,3.096026490066225,1130.049668874172,0.6492857142857144,933.0,147.0,169.0,1177.1000000000001
23598,PAPER BUNTING VINTAGE PARTY,0.695364238410596,253.80794701986756,2.930952380952381,208.0,73.0,78.0,1175.0
20986,BLUE CALCULATOR RULER,1.6456953642384107,600.6788079470199,1.2802222222222224,484.0,77.0,89.0,1173.76
85098B,BLUE FLYING SINGING CANARY,0.543046357615894,198.21192052980132,3.731176470588235,163.0,24.0,28.0,1172.4
22106,MIRROR MOSAIC HURRICANE LAMP ,0.706953642384106,258.0380794701987,5.800000000000001,149.0,120.0,125.0,1171.85
20762,GREEN FERN SKETCHBOOK ,0.6887417218543046,251.39072847682118,3.6717117117117115,185.0,43.0,48.0,1171.71
20840,FRENCH FLORAL CUSHION COVER ,1.346026490066225,491.29966887417214,1.3365573770491803,429.0,112.0,121.0,1170.83
85231G,ORANGE SCENTED SET/9 T-LIGHTS,2.3245033112582782,848.4437086092715,0.8518396226415095,706.0,40.0,56.0,1170.0
84967B,BLUE KASHMIRI OCCASIONAL TABLE,0.0380794701986755,13.899006622516556,64.465,10.0,7.0,7.0,1169.5
47503E,ASS FLORAL PRINT SCISSORS,11.304635761589404,4126.192052980133,1.2,1311.0,6226.0,6305.0,1169.4
22290,STANDING METAL RABBIT WITH EGG,1.0877483443708609,397.02814569536423,2.0862318840579714,308.0,156.0,164.0,1168.2
23071,MARIE ANTOINETTE TRINKET BOX GOLD,0.5165562913907285,188.54304635761588,10.185294117647059,96.0,158.0,162.0,1167.6
22048,BIRTHDAY BANQUET GIFT WRAP,4.660596026490066,1701.117549668874,0.4192156862745098,1424.0,80.0,113.0,1166.3
37342,POLKADOT COFFEE CUP & SAUCER PINK,2.3890728476821192,872.0115894039735,0.860909090909091,712.0,76.0,93.0,1165.89
23392,SPACEBOY ROCKET LOLLY MAKERS,0.9718543046357616,354.72682119205297,2.0726582278481014,293.0,70.0,77.0,1165.28
21537,RETRO SPOTS PUDDING BOWL,0.4652317880794702,169.80960264900662,4.235074626865671,142.0,24.0,27.0,1162.25
22389,PAPERWEIGHT SAVE THE PLANET,1.033112582781457,377.08609271523176,2.20675,292.0,54.0,61.0,1160.16
21774,DECORATIVE CATS BATHROOM BOTTLE,2.087748344370861,762.0281456953643,1.1990825688073394,564.0,134.0,149.0,1159.01
22545,MINI JIGSAW BUNNIES,4.837748344370861,1765.7781456953644,0.4120967741935484,1464.0,183.0,217.0,1158.09
84596G,SMALL CHOCOLATES PINK BOWL,3.256622516556291,1188.6672185430464,0.709070796460177,916.0,55.0,78.0,1157.93
21763,VINTAGE WOODEN BAR STOOL,0.07119205298013245,25.985099337748345,27.95294117647059,22.0,9.0,9.0,1157.8999999999999
22915,ASSORTED BOTTLE TOP  MAGNETS ,5.056291390728477,1845.546357615894,0.40049295774647886,1518.0,130.0,165.0,1157.28
15034,PAPER POCKET TRAVELING FAN ,16.25496688741722,5933.062913907284,0.13797687861271676,4637.0,609.0,723.0,1156.1200000000001
20729,RED SPOTTY CANDY BAG,7.658940397350993,2795.5132450331125,1.227910447761194,1067.0,2237.0,2291.0,1154.9
21904,HOUSE WRECKING METAL SIGN ,1.216887417218543,444.16390728476824,2.040839694656489,330.0,63.0,72.0,1152.0
84536B,FAIRY CAKES NOTEBOOK A7 SIZE,4.736754966887418,1728.9155629139075,0.42451754385964907,1427.0,116.0,149.0,1149.68
22918,HERB MARKER PARSLEY,3.006622516556291,1097.4172185430464,0.6489847715736041,920.0,75.0,96.0,1148.4
84968D,SET OF 16 VINTAGE RED CUTLERY,0.1456953642384106,53.17880794701986,13.331428571428571,45.0,11.0,12.0,1146.42
22246,"GARLAND, MAGIC GARDEN 1.8M",1.009933774834437,368.6258278145695,1.9413043478260867,308.0,53.0,60.0,1146.3
20681,PINK POLKADOT CHILDRENS UMBRELLA,0.5860927152317881,213.92384105960264,3.245,182.0,14.0,18.0,1144.5
22040,BOTANICAL ROSE GIFT WRAP,4.660596026490066,1701.117549668874,0.41659574468085103,1429.0,170.0,203.0,1144.3
72817,SET OF 2 CHRISTMAS DECOUPAGE CANDLE,1.9817880794701987,723.3526490066225,0.9921186440677967,604.0,40.0,54.0,1143.0900000000001
85116,BLACK CANDELABRA T-LIGHT HOLDER,1.9420529801324504,708.8493377483444,1.3243396226415094,517.0,134.0,148.0,1139.66
20802,SMALL GLASS SUNDAE DISH CLEAR,1.4817880794701987,540.8526490066225,1.545,418.0,60.0,70.0,1137.99
23142,IVORY WIRE KITCHEN ORGANISER,0.19205298013245034,70.09933774834437,10.330555555555556,58.0,34.0,35.0,1137.65
23067,HANGING ENGRAVED METAL HEART,0.45364238410596025,165.5794701986755,4.15,141.0,15.0,18.0,1137.1000000000001
22731,3D STICKERS CHRISTMAS STAMPS,1.5562913907284768,568.0463576158941,1.2388235294117647,479.0,89.0,100.0,1137.0
21063,PARTY INVITES JAZZ HEARTS,2.256622516556291,823.6672185430463,0.8552525252525253,694.0,48.0,64.0,1136.71
85164B,BLACK BAROQUE CUCKOO CLOCK,0.1870860927152318,68.2864238410596,11.713414634146341,54.0,12.0,13.0,1134.75
21157,RED SPOTTY WASHBAG,0.8973509933774835,327.5331125827815,2.0955913978494625,280.0,14.0,20.0,1133.28
21656,RIDGED GLASS POSY VASE ,1.359271523178808,496.1341059602649,1.433132530120482,416.0,48.0,58.0,1132.85
22739,"RIBBON REEL, XMAS SOCK/BAUBLE",1.1589403973509933,423.0132450331126,1.6456521739130436,359.0,78.0,86.0,1131.0
85055,FRENCH ENAMEL UTENSIL HOLDER,0.5231788079470199,190.96026490066225,3.72,160.0,18.0,22.0,1130.6
22481,BLACK TEA TOWEL CLASSIC DESIGN,1.8377483443708609,670.7781456953642,1.1506432748538011,540.0,30.0,43.0,1130.24
22265,EASTER DECORATION NATURAL CHICK,2.948675496688742,1076.2665562913908,0.6486013986013986,911.0,99.0,120.0,1129.65
37343,SPOTS DESIGN MUG W PINK INSIDE,1.2980132450331126,473.7748344370861,1.5978431372549018,385.0,100.0,109.0,1129.44
21395,BLUE POLKADOT BEAKER ,4.675496688741722,1706.5562913907286,0.429,1410.0,121.0,154.0,1129.4399999999998
22228,BUNNY WOODEN PAINTED WITH BIRD ,2.4453642384105962,892.5579470198676,0.7698876404494381,761.0,31.0,48.0,1129.4099999999999
23559,WOODLAND BUNNIES LOLLY MAKERS,0.9321192052980133,340.22350993377484,2.0722666666666667,287.0,58.0,65.0,1129.28
23507,MINI PLAYING CARDS BUFFALO BILL ,4.700331125827814,1715.620860927152,0.41834862385321103,1432.0,413.0,446.0,1128.18
23405,HOME SWEET HOME 2 DRAWER CABINET,0.3890728476821192,142.01158940397352,4.908620689655172,120.0,15.0,18.0,1128.05
22985,"WRAP, BILLBOARD FONTS DESIGN",4.78476821192053,1746.4403973509934,0.41774647887323946,1446.0,425.0,458.0,1125.8
85110,BLACK SILVER FLOWER T-LIGHT HOLDER,19.05960264900662,6956.754966887416,0.45526315789473687,2764.0,6408.0,6541.0,1124.68
20733,GOLD MINI TAPE MEASURE ,2.5596026490066226,934.2549668874173,0.8098039215686273,759.0,189.0,207.0,1123.7
22924,FRIDGE MAGNETS LA VIE EN ROSE,2.274834437086093,830.314569536424,0.8452439024390244,701.0,95.0,111.0,1121.1
21649,ASSORTED TUTTI FRUTTI PHOTO FRAME,0.6837748344370861,249.57781456953643,2.9152173913043478,207.0,147.0,152.0,1120.75
22232,JIGSAW TOADSTOOLS 3 PIECE,1.6605960264900663,606.1175496688742,1.2412499999999997,494.0,42.0,54.0,1120.6299999999999
21738,COSY SLIPPER SHOES SMALL  RED ,0.6390728476821192,233.26158940397352,2.9425925925925926,199.0,19.0,23.0,1119.5
21773,DECORATIVE ROSE BATHROOM BOTTLE,2.0927152317880795,763.841059602649,1.151588785046729,576.0,95.0,110.0,1118.96
21175,GIN AND TONIC DIET METAL SIGN,0.7847682119205298,286.4403973509934,2.5118918918918918,239.0,81.0,86.0,1118.46
21130,COLOURFUL STANDING GNOME,1.1688741721854305,426.63907284768214,3.355128205128205,252.0,332.0,340.0,1115.7
70007,HI TEC ALPINE HAND WARMER,1.8029801324503312,658.0877483443709,1.4896190476190476,470.0,75.0,88.0,1114.89
22252,BIRDCAGE DECORATION TEALIGHT HOLDER,1.5380794701986755,561.3990066225166,1.2397297297297298,476.0,50.0,61.0,1114.51
21291,SMALL POLKADOT CHOCOLATE GIFT BAG ,2.1688741721854305,791.6390728476822,0.85,682.0,92.0,107.0,1113.5
23431,NATURAL HANGING QUILTED HEARTS ,2.3625827814569536,862.342715231788,0.8252173913043478,723.0,297.0,314.0,1113.13
23506,MINI PLAYING CARDS SPACEBOY ,4.460264900662252,1627.996688741722,0.41909090909090907,1394.0,259.0,290.0,1106.28
21009,ETCHED GLASS STAR TREE DECORATION,1.4652317880794703,534.8096026490067,1.25,463.0,39.0,49.0,1106.25
20765,CHRYSANTHEMUM SKETCHBOOK ,0.6705298013245033,244.7433774834437,3.725454545454545,181.0,41.0,46.0,1104.79
15058A,BLUE POLKADOT GARDEN PARASOL,0.24503311258278146,89.43708609271523,7.8088235294117645,76.0,13.0,15.0,1104.6
21822,GLITTER CHRISTMAS TREE WITH BELLS,1.4370860927152318,524.5364238410596,1.3844554455445546,435.0,38.0,48.0,1102.9
23061,VINTAGE EMBOSSED HEART,1.466887417218543,535.4139072847682,1.2475,463.0,30.0,40.0,1102.46
79163,BLACK CHAMPAGNE GLASS,2.998344370860927,1094.3956953642385,0.9833333333333333,746.0,175.0,196.0,1102.17
22166,"WALL MIRROR , RECT DIAMANTE, PINK/",0.29304635761589404,106.96192052980132,7.131428571428571,87.0,89.0,91.0,1100.91
48197,DOORMAT BIRD ON THE WIRE,0.36920529801324503,134.75993377483442,7.236875,96.0,208.0,211.0,1100.15
35598D,PINK/WHITE CHRISTMAS TREE 60CM,2.718543046357616,992.2682119205298,0.8001923076923076,787.0,233.0,252.0,1099.12
23072,MARIE ANTOINETTE TRINKET BOX SILVER,0.5397350993377483,197.00331125827813,10.772727272727273,96.0,161.0,165.0,1099.0
22808,SET OF 6 T-LIGHTS EASTER CHICKS,0.652317880794702,238.09602649006624,2.859836065573771,204.0,31.0,36.0,1098.9
22919,HERB MARKER MINT,2.8294701986754967,1032.7566225165563,0.6495000000000001,892.0,47.0,67.0,1098.8500000000001
21779,MA CAMPAGNE MINI WOODEN CHEST,0.49834437086092714,181.8956953642384,4.612272727272727,140.0,32.0,35.0,1097.8000000000002
21397,BLUE  SPOTTY EGG CUP ,1.5264900662251655,557.1688741721854,1.243968253968254,473.0,107.0,118.0,1097.78
21312,LARGE CHUNKY GLASS ROMAN BOWL,0.48509933774834435,177.0612582781457,4.79,136.0,102.0,105.0,1097.75
22253,6 CROCHET STRAWBERRIES,1.5513245033112584,566.2334437086093,1.2420833333333334,477.0,136.0,147.0,1096.39
85039A,SET/4 RED MINI ROSE CANDLE IN BOWL,1.849337748344371,675.0082781456954,1.4334444444444443,485.0,82.0,95.0,1095.35
37482B,CUBIC MUG BLUE POLKA DOT,2.0678807947019866,754.7764900662252,1.8214285714285714,455.0,1012.0,1026.0,1093.95
84674,FLYING PIG WATERING CAN,0.7350993377483444,268.3112582781457,2.872043010752688,216.0,29.0,34.0,1093.8000000000002
20658,RED SPOTTY LUGGAGE TAG,1.4503311258278146,529.3708609271523,1.246984126984127,461.0,25.0,35.0,1090.44
23225,CHERUB HEART DECORATION SILVER ,2.1456953642384105,783.1788079470198,0.9579710144927536,639.0,128.0,143.0,1089.6000000000001
22709,WRAP WEDDING DAY,4.594370860927152,1676.9453642384105,0.415,1421.0,191.0,223.0,1089.5
22448,PIN CUSHION BABUSHKA RED,0.5629139072847682,205.46357615894038,3.2768571428571427,177.0,15.0,19.0,1088.8600000000001
22984,CARD GINGHAM ROSE ,4.493377483443709,1640.0827814569536,0.4215277777777777,1395.0,98.0,129.0,1088.86
22422,TOOTHPASTE TUBE PEN,3.443708609271523,1256.953642384106,0.6533116883116883,981.0,94.0,118.0,1088.1000000000001
22921,HERB MARKER CHIVES ,2.794701986754967,1020.066225165563,0.6494252873563219,886.0,80.0,100.0,1085.2
22615,PACK OF 12 CIRCUS PARADE TISSUES ,6.031456953642384,2201.4817880794703,0.3113138686131387,1880.0,178.0,220.0,1084.09
22761,CHEST 7 DRAWER MA CAMPAGNE,0.07450331125827815,27.193708609271525,24.562903225806448,24.0,4.0,5.0,1083.75
23539,WALL ART LOVES' SECRET ,0.3791390728476821,138.38576158940398,5.788181818181818,109.0,70.0,73.0,1082.1100000000001
17096,ASSORTED LAQUERED INCENSE HOLDERS,10.193708609271523,3720.703642384106,0.19857142857142857,3061.0,1539.0,1610.0,1081.65
21396,RED SPOTTY EGG CUP ,1.5049668874172186,549.3129139072848,1.2403389830508476,471.0,86.0,97.0,1081.53
22715,CARD WEDDING DAY,4.380794701986755,1598.9900662251655,0.41785714285714287,1383.0,64.0,95.0,1081.08
85017B,ENVELOPE 50 BLOSSOM IMAGES,3.077814569536424,1123.4023178807947,0.6221008403361344,950.0,135.0,157.0,1080.99
22249,DECORATION WHITE CHICK MAGIC GARDEN,2.1374172185430464,780.157284768212,0.8438095238095238,680.0,34.0,49.0,1080.71
85130A,BEADED PEARL HEART WHITE LARGE,1.086092715231788,396.42384105960264,1.6473684210526314,347.0,34.0,42.0,1080.0
20734,SILVER MINI TAPE MEASURE ,2.283112582781457,833.3360927152318,0.8442647058823529,703.0,233.0,249.0,1079.85
21806,WHITE CHRISTMAS HEART DECORATION,4.288079470198675,1565.1490066225165,0.4194444444444444,1366.0,91.0,121.0,1079.1599999999999
16225,RATTLE SNAKE EGGS,2.3509933774834435,858.1125827814569,1.1831858407079645,602.0,146.0,162.0,1078.64
22233,JIGSAW RABBIT AND BIRDHOUSE,1.4586092715231789,532.3923841059603,1.2667692307692306,458.0,31.0,41.0,1077.35
22094,RED POLKA DOT TISSUE BOX,1.5612582781456954,569.8592715231788,1.2438709677419355,479.0,277.0,288.0,1076.15
23515,EMBROIDERED RIBBON REEL DAISY ,0.9238410596026491,337.2019867549669,2.0655,286.0,111.0,117.0,1075.3799999999999
84562A,PINK/WHITE RIBBED MELAMINE JUG,0.2367549668874172,86.41556291390728,7.8754687500000005,74.0,12.0,14.0,1073.25
23513,EMBROIDERED RIBBON REEL SUSIE ,0.9205298013245033,335.99337748344374,2.0706451612903227,285.0,109.0,115.0,1072.96
85118,HEART T-LIGHT HOLDER,3.3559602649006623,1224.9254966887418,0.8991935483870968,825.0,269.0,292.0,1072.1499999999999
84396,6 HOOK JEWELLERY STAND BLACK DRESS,0.8543046357615894,311.82119205298017,3.585,209.0,112.0,118.0,1071.6
21955,  DOORMAT UNION JACK GUNS AND ROSES,0.2764900662251656,100.91887417218544,6.640196078431372,87.0,13.0,15.0,1071.25
22214,CANDLE PLATE LACE WHITE,0.7649006622516556,279.1887417218543,2.4563461538461535,238.0,50.0,55.0,1069.3
84279P, CHERRY BLOSSOM  DECORATIVE FLASK,0.5099337748344371,186.12582781456956,3.7084615384615387,158.0,172.0,176.0,1068.6000000000001
23418,LAVENDER TOILETTE BOTTLE,0.8824503311258278,322.09437086092714,2.0655,279.0,46.0,52.0,1066.88
23269,SET OF 2 CERAMIC CHRISTMAS TREES,1.2384105960264902,452.0198675496689,1.4474025974025975,395.0,58.0,67.0,1065.3999999999999
21739,COSY SLIPPER SHOES SMALL GREEN,0.6026490066225165,219.96688741721854,2.912079207920792,194.0,13.0,17.0,1064.5900000000001
85032D,YULETIDE IMAGES GIFT WRAP SET,1.6688741721854305,609.1390728476822,1.266923076923077,490.0,78.0,90.0,1063.06
21219,SET/4 BADGES BALLOON GIRL,1.403973509933775,512.4503311258278,1.2947115384615384,445.0,20.0,30.0,1062.94
21413,PERIWINKLE T-LIGHT HOLDER,5.188741721854305,1893.890728476821,1.2161764705882354,882.0,2221.0,2257.0,1062.1
22287,"DECORATION , WOBBLY CHICKEN, METAL ",1.2632450331125828,461.08443708609275,1.6358333333333333,375.0,166.0,175.0,1061.55
84313C,ORANGE TV TRAY TABLE ,0.8228476821192053,300.33940397350995,3.2223404255319146,216.0,131.0,137.0,1061.15
22740,POLKA DOT PEN,2.066225165562914,754.1721854304635,0.85,666.0,59.0,73.0,1060.8
84658,WHITE STITCHED CUSHION COVER,0.32781456953642385,119.65231788079471,6.601578947368421,95.0,16.0,18.0,1060.78
22815,CARD PSYCHEDELIC APPLES,4.248344370860927,1550.6456953642385,0.41854545454545455,1361.0,46.0,76.0,1060.44
85131A,BEADED PEARL HEART WHITE ON STICK,2.2764900662251657,830.9188741721855,1.0503846153846155,629.0,99.0,115.0,1060.43
35471D,SET OF 3 BIRD LIGHT PINK FEATHER ,3.228476821192053,1178.3940397350993,0.7223004694835681,903.0,44.0,67.0,1060.0
23375,50'S CHRISTMAS PAPER GIFT BAG,2.1804635761589406,795.8692052980133,0.8188636363636363,697.0,92.0,107.0,1059.9399999999998
22686,FRENCH BLUE METAL DOOR SIGN No,1.5049668874172186,549.3129139072848,1.2549382716049384,468.0,90.0,101.0,1059.7
21817,GLITTER CHRISTMAS TREE,2.7665562913907285,1009.7930463576159,0.693015873015873,854.0,55.0,74.0,1058.79
22201,FRYING PAN BLUE POLKADOT ,0.44039735099337746,160.74503311258277,4.24,138.0,88.0,91.0,1058.5
84910A,PINK PAISLEY CUSHION COVER ,0.6821192052980133,248.97350993377486,5.6274999999999995,149.0,206.0,211.0,1058.2
21839,MUMMY MOUSE RED GINGHAM RIBBON,0.32781456953642385,119.65231788079471,5.431481481481481,105.0,17.0,19.0,1058.1000000000001
22817,CARD SUKI BIRTHDAY,4.268211920529802,1557.8973509933776,0.41786982248520704,1365.0,54.0,84.0,1056.84
21818,GLITTER HEART DECORATION,4.029801324503311,1470.8774834437086,0.463049645390071,1260.0,85.0,113.0,1056.34
23529,DOLLY GIRL WALL ART,0.5264900662251656,192.16887417218544,3.6090909090909093,163.0,307.0,311.0,1055.94
23369,SET 36 COLOUR PENCILS LOVE LONDON,1.4917218543046358,544.4784768211921,1.2441836734693879,468.0,97.0,107.0,1053.29
22819,"BIRTHDAY CARD, RETRO SPOT",4.251655629139073,1551.8543046357615,0.41821428571428565,1362.0,64.0,94.0,1052.64
20771,CHRYSANTHEMUM  JOURNAL,0.9122516556291391,332.97185430463577,2.472410714285714,259.0,48.0,54.0,1051.96
84609,TALL ROCOCO CANDLE HOLDER,0.21357615894039736,77.95529801324504,8.407407407407407,68.0,18.0,19.0,1051.5
85224,ASSORTED COLOUR SILK GLASSES CASE,3.2897350993377485,1200.7533112582782,1.335,671.0,212.0,235.0,1051.14
84965A,PINK KASHMIRI COFFEE TABLE ,0.033112582781456956,12.08609271523179,40.0,12.0,32.0,32.0,1050.0
22806,SET OF 6 T-LIGHTS WEDDING CAKE ,0.6788079470198676,247.76490066225168,2.7344444444444447,213.0,50.0,55.0,1049.9
47587A,PINK FAIRY CAKE COASTER,4.430463576158941,1617.1192052980134,0.38555555555555554,1448.0,2243.0,2274.0,1049.6399999999999
22062,CERAMIC BOWL WITH LOVE HEART DESIGN,1.1771523178807948,429.6605960264901,1.9180808080808083,335.0,52.0,60.0,1048.49
21490,SET OF THREE 50'S GIFT WRAPS ,0.9900662251655629,361.37417218543044,1.9105263157894736,308.0,129.0,136.0,1047.6
23511,EMBROIDERED RIBBON REEL EMILY ,0.8675496688741722,316.65562913907286,2.0732558139534887,276.0,67.0,73.0,1046.42
21803,CHRISTMAS TREE STAR DECORATION,4.120860927152318,1504.114238410596,0.42,1338.0,77.0,106.0,1045.3799999999999
23432,PRETTY HANGING QUILTED HEARTS,2.1059602649006623,768.6754966887418,0.8268571428571428,682.0,82.0,97.0,1045.2
16046,TEATIME PEN CASE & PENS,16.471854304635762,6012.226821192054,0.7491666666666666,2003.0,4050.0,4165.0,1043.53
23542,70'S ALPHABET WALL ART,0.24834437086092714,90.6456953642384,7.986,75.0,94.0,96.0,1043.1
84847,FLORAL BATHROOM SET,3.8327814569536423,1398.9652317880793,3.543513513513514,444.0,1115.0,1142.0,1043.01
21246,RED RETROSPOT BIG BOWL,0.3543046357615894,129.32119205298014,4.936,114.0,17.0,19.0,1042.5
21090,SET/6 COLLAGE PAPER PLATES,3.783112582781457,1380.8360927152319,0.556125,1114.0,117.0,143.0,1042.03
22532,MAGIC DRAWING SLATE LEAP FROG ,4.5364238410596025,1655.794701986755,0.4164150943396226,1410.0,154.0,186.0,1041.3600000000001
22403,MAGNETS PACK OF 4 VINTAGE LABELS ,2.6506622516556293,967.4917218543047,0.8977639751552795,734.0,63.0,82.0,1040.83
22997,TRAVEL CARD WALLET UNION JACK,4.1009933774834435,1496.862582781457,0.41967032967032963,1335.0,57.0,86.0,1038.9
84828,JUNGLE POPSICLES ICE LOLLY MOULDS,1.3758278145695364,502.17715231788077,1.320204081632653,436.0,56.0,66.0,1038.66
21633,SUNFLOWER DECORATIVE PARASOL,0.21026490066225165,76.74668874172185,11.714705882352941,57.0,25.0,26.0,1038.45
21410,COUNTRY COTTAGE  DOORSTOP GREEN,0.4288079470198676,156.51490066225168,4.227722772277228,136.0,15.0,18.0,1036.75
22204,MILK PAN BLUE RETROSPOT,0.48013245033112584,175.24834437086093,3.7435714285714283,153.0,83.0,86.0,1035.66
16235,RECYCLED PENCIL WITH RABBIT ERASER,8.42384105960265,3074.701986754967,0.21164634146341463,2695.0,239.0,298.0,1031.58
20755,BLUE PAISLEY POCKET BOOK,8.417218543046358,3072.284768211921,0.8388372093023256,1353.0,2033.0,2092.0,1031.0
79066K,RETRO MOD TRAY,2.1059602649006623,768.6754966887418,0.8786206896551724,661.0,44.0,59.0,1030.86
72800F,4 IVORY DINNER CANDLES GOLD FLOCK,1.3509933774834437,493.112582781457,2.29546875,328.0,254.0,263.0,1029.72
85025C,PINK HEART SHAPE PHOTO FRAME,1.0629139072847682,387.9635761589404,1.6478494623655915,343.0,72.0,79.0,1029.1
23231,WRAP  VINTAGE DOILY ,4.056291390728477,1480.546357615894,0.41999999999999993,1328.0,30.0,58.0,1029.0
21825,PAINTED METAL TREE WITH HOLLY BELLS,1.195364238410596,436.3079470198675,1.4472222222222222,388.0,58.0,66.0,1027.6999999999998
22340,NOEL GARLAND PAINTED ZINC ,2.2268211920529803,812.7897350993378,0.8786315789473684,680.0,39.0,55.0,1027.41
84989A,75 GREEN FAIRY CAKE CASES,3.4205298013245033,1248.4933774834437,0.5479032258064517,1067.0,286.0,310.0,1027.1
22256,FELT FARM ANIMAL CHICKEN,1.400662251655629,511.2417218543046,1.243372093023256,453.0,69.0,79.0,1025.58
23516,EMBROIDERED RIBBON REEL SOPHIE  ,0.4817880794701987,175.85264900662253,3.7280952380952384,154.0,66.0,69.0,1025.01
84688,BEACH HUT DESIGN BLACKBOARD,0.6423841059602649,234.47019867549668,3.918085106382979,173.0,65.0,69.0,1025.0
22102,MIRROR MOSAIC T-LIGHT HOLDER ,2.877483443708609,1050.2814569536424,1.5690243902439025,579.0,679.0,699.0,1024.5
22382,LUNCHBAG SPACEBOY DESIGN ,1.0662251655629138,389.1721854304635,1.641111111111111,344.0,84.0,91.0,1022.6
84815,SET OF 3 DANISH ROSE PLANTERS,1.5,547.5,4.152777777777778,257.0,586.0,596.0,1022.5
21849,SILVER DIAMANTE PEN IN GIFT BOX,0.7615894039735099,277.98013245033115,4.326065573770491,179.0,63.0,68.0,1020.34
22718,CARD CAT AND TREE ,4.072847682119205,1486.58940397351,0.4189411764705882,1332.0,39.0,68.0,1020.24
21195,PINK  HONEYCOMB PAPER BALL ,1.0298013245033113,375.8774834437086,1.9910909090909092,307.0,65.0,72.0,1018.6800000000001
18007,ESSENTIAL BALM 3.5g TIN IN ENVELOPE,18.766556291390728,6849.793046357616,0.170188679245283,4486.0,2853.0,2984.0,1017.18
23026,DRAWER KNOB VINTAGE GLASS STAR,0.8327814569536424,303.96523178807945,2.106727272727273,269.0,56.0,62.0,1016.97
23411, TRELLIS COAT RACK,0.35927152317880795,131.1341059602649,4.915957446808511,115.0,33.0,36.0,1016.5500000000001
21209,MULTICOLOUR HONEYCOMB FAN,2.2417218543046356,818.228476821192,0.9890476190476191,643.0,97.0,113.0,1016.52
20777,CHRYSANTHEMUM NOTEBOOK,5.836092715231788,2130.1738410596026,1.6342105263157896,807.0,1432.0,1473.0,1016.25
23544,WALL ART MID CENTURY MODERN ,0.271523178807947,99.10596026490066,7.523000000000001,81.0,109.0,111.0,1015.78
16047,POP ART PEN CASE & PENS,17.528145695364238,6397.773178807946,0.7830434782608695,2021.0,6507.0,6630.0,1015.59
21883,STARS GIFT TAPE ,3.3741721854304636,1231.5728476821191,0.5967878787878788,1016.0,57.0,81.0,1015.3600000000001
72819,CUPID DESIGN SCENTED CANDLES,1.0927152317880795,398.841059602649,2.1727272727272724,303.0,73.0,81.0,1015.1
22101,MIRROR MOSAIC VOTIVE HOLDER,1.8013245033112584,657.4834437086093,1.9416,411.0,276.0,289.0,1014.72
23508,MINI PLAYING CARDS DOLLY GIRL ,4.0927152317880795,1493.841059602649,0.4189473684210526,1335.0,278.0,307.0,1013.0400000000001
23327,HANGING CLEAR MINI BOTTLE,2.8311258278145695,1033.3609271523178,0.6185714285714285,914.0,244.0,264.0,1012.02
21065,BOOM BOX SPEAKER GIRLS,0.8543046357615894,311.82119205298017,4.794262295081967,180.0,82.0,88.0,1011.6
37479B,CUBIC MUG FLOCK BLUE ON BROWN,2.052980132450331,749.3377483443708,1.1633333333333333,568.0,545.0,559.0,1011.48
21040,MODERN VINTAGE COTTON SHOPPING BAG,1.4155629139072847,516.6804635761589,2.110851063829787,350.0,195.0,205.0,1011.45
21316,SMALL CHUNKY GLASS ROMAN  BOWL,1.1076158940397351,404.27980132450335,2.0011764705882356,318.0,135.0,143.0,1008.19
21827,EIGHT PIECE CREEPY CRAWLIE SET,1.3410596026490067,489.4867549668874,1.24703125,443.0,43.0,52.0,1007.94
21010,ETCHED GLASS BIRD TREE DECORATION,1.3344370860927153,487.0695364238411,1.25,441.0,38.0,47.0,1007.5
23460,SWEETHEART WALL TIDY ,0.17880794701986755,65.26490066225165,9.900930232558139,57.0,20.0,21.0,1007.0799999999999
15058B,PINK WHITE SPOTS GARDEN PARASOL,0.2980132450331126,108.7748344370861,7.132978723404255,87.0,19.0,21.0,1007.0
22857,ASSORTED EASTER GIFT TAGS,2.0298013245033113,740.8774834437086,0.8458064516129032,662.0,114.0,128.0,1004.66
22202,MILK PAN PINK POLKADOT,0.4735099337748344,172.83112582781456,3.714,153.0,68.0,71.0,1003.38
21786,POLKADOT RAIN HAT ,4.268211920529802,1557.8973509933776,0.44362962962962965,1325.0,150.0,180.0,1003.33
23433,HANGING QUILTED PATCHWORK APPLES,2.01158940397351,734.2301324503312,0.8286585365853659,666.0,37.0,51.0,1003.1700000000001
21802,CHRISTMAS TREE HEART DECORATION,3.9536423841059603,1443.0794701986754,0.42000000000000004,1311.0,72.0,100.0,1002.9599999999999
22678,FRENCH BLUE METAL DOOR SIGN 3,1.3228476821192052,482.8394039735099,1.2708849557522126,436.0,29.0,38.0,1001.18
84569D,PACK 6 HEART/ICE-CREAM PATCHES,1.3228476821192052,482.8394039735099,1.2623469387755102,437.0,31.0,40.0,1001.17
22258,FELT FARM ANIMAL RABBIT,1.8427152317880795,672.591059602649,1.1853424657534246,533.0,119.0,132.0,1000.77
85179B,WHITE BITTY LIGHT CHAIN ,0.3973509933774834,145.03311258278146,4.542307692307692,126.0,38.0,41.0,1000.0799999999999
23347,I LOVE LONDON BEAKER,1.369205298013245,499.7599337748344,1.247605633802817,448.0,114.0,124.0,999.75
85169A,IVORY LOVE BIRD CANDLE,1.5115894039735098,551.7301324503311,1.205148514851485,478.0,43.0,54.0,999.07
23087,ZINC  HEART T-LIGHT HOLDER,1.3741721854304636,501.57284768211923,1.237142857142857,450.0,87.0,97.0,997.1800000000001
23131,MISELTOE HEART WREATH CREAM,0.3973509933774834,145.03311258278146,4.15,132.0,0.0,3.0,996.0
23376,PACK OF 12 VINTAGE CHRISTMAS TISSUE,4.354304635761589,1589.32119205298,0.38940170940170943,1429.0,180.0,210.0,995.4599999999999
23102,SILVER HEARTS TABLE DECORATION,2.0380794701986753,743.8990066225165,0.8268794326241135,671.0,49.0,63.0,995.33
22049,WRAP CHRISTMAS SCREEN PRINT,5.711920529801325,2084.8509933774835,0.2938053097345133,1884.0,85.0,125.0,994.75
20832,RED FLOCK LOVE HEART PHOTO FRAME,2.609271523178808,952.384105960265,0.7022115384615385,823.0,73.0,91.0,994.0999999999999
21145,ANTIQUE GLASS PLACE SETTING,1.3890728476821192,507.0115894039735,1.2402564102564102,452.0,129.0,139.0,994.03
85136C,RED SHARK HELICOPTER,0.20695364238410596,75.53807947019868,7.95,69.0,8.0,9.0,993.75
22416,36 DOILIES SPACEBOY DESIGN ,1.1672185430463575,426.0347682119205,1.4461538461538461,384.0,122.0,130.0,993.4499999999999
23365,SET 12 COLOUR PENCILS LOVE LONDON,2.531456953642384,923.9817880794702,0.649236641221374,844.0,92.0,110.0,991.45
23452,HEART MINI PORTRAIT FRAME,0.8443708609271523,308.1953642384106,1.9462962962962964,281.0,18.0,24.0,990.9
85212,MINI PAINTED GARDEN DECORATION ,4.579470198675497,1671.5066225165565,0.4983333333333333,1295.0,245.0,277.0,990.6199999999999
84964B,BLUE PAINTED KASHMIRI TABLE ,0.028145695364238412,10.273178807947021,45.0,11.0,46.0,46.0,990.0
21399,BLUE POLKADOT COFFEE MUG,3.498344370860927,1276.8956953642385,0.732,934.0,111.0,135.0,989.9399999999999
21530,DAIRY MAID TOASTRACK,1.423841059602649,519.7019867549668,1.5872413793103448,405.0,35.0,45.0,989.72
84678,CLASSICAL ROSE SMALL VASE,0.8956953642384106,326.92880794701983,2.3333333333333335,265.0,43.0,49.0,989.5500000000001
20752,BLUE POLKADOT WASHING UP GLOVES,0.7798013245033113,284.6274834437086,2.1,260.0,13.0,18.0,989.1
84559A,3D SHEET OF DOG STICKERS,1.9221854304635762,701.5976821192053,0.8551315789473684,640.0,42.0,55.0,987.63
17021,NAMASTE SWAGAT INCENSE,6.1490066225165565,2244.3874172185433,0.2948780487804878,1951.0,487.0,530.0,982.44
22856,ASSORTED EASTER DECORATIONS  BELLS,1.4437086092715232,526.9536423841059,1.2359259259259259,462.0,323.0,333.0,980.5600000000001
85124C,GREEN JUICY FRUIT PHOTO FRAME,0.6572847682119205,239.908940397351,2.540721649484536,217.0,24.0,29.0,979.95
22323,PINK POLKADOT KIDS BAG,0.7847682119205298,286.4403973509934,2.2335616438356167,253.0,30.0,35.0,975.9
21202,DOLLY HONEYCOMB GARLAND,1.3476821192052981,491.9039735099338,1.5642857142857143,397.0,121.0,130.0,975.9
37424,WHITE WITH BLACK CATS MUG,8.531456953642385,3113.9817880794703,0.8031914893617021,1392.0,1905.0,1965.0,975.41
72815,3 WICK CHRISTMAS BRIAR CANDLE ,0.4304635761589404,157.11920529801324,3.75,145.0,17.0,20.0,975.0
22260,FELT EGG COSY BLUE RABBIT ,1.9652317880794703,717.3096026490067,0.8764601769911504,640.0,126.0,140.0,973.0699999999999
21752,GLASS CAKE STAND MIRRORED BASE,0.11258278145695365,41.092715231788084,14.803333333333333,37.0,11.0,12.0,972.6
20705,MRS ROBOT SOFT TOY,0.445364238410596,162.55794701986756,5.386734693877551,123.0,33.0,36.0,972.5500000000001
20866,BLUE ROSE FABRIC MIRROR,1.5943708609271523,581.9453642384105,1.263448275862069,480.0,126.0,137.0,972.29
23041,PAPER LANTERN 9 POINT SNOW STAR,0.38741721854304634,141.40728476821192,4.15,131.0,24.0,27.0,971.1
20784,RED RETRO BAR STOOL,0.04304635761589404,15.711920529801324,38.95,14.0,23.0,23.0,970.7
22680,FRENCH BLUE METAL DOOR SIGN 5,1.283112582781457,468.33609271523176,1.2716513761467891,429.0,29.0,38.0,969.97
84559B,3D SHEET OF CAT STICKERS,1.8874172185430464,688.907284768212,0.85,637.0,41.0,54.0,969.0
21277,FRENCH STYLE EMBOSSED HEART CABINET,0.07450331125827815,27.193708609271525,21.62625,25.0,2.0,3.0,968.8
21759,METAL WALL SHELF UNIT WITH HOOKS,0.04470198675496689,16.316225165562912,45.47,13.0,17.0,17.0,968.08
22321,BIRD DECORATION RED SPOT,1.8857615894039734,688.3029801324503,0.848452380952381,637.0,39.0,52.0,966.5899999999999
84969,ASSORTED COLOUR SET 6 TEASPOONS,0.3758278145695364,137.1771523178808,4.25,127.0,12.0,15.0,964.75
84800L,LARGE WHITE/PINK ROSE ART FLOWER,1.0711920529801324,390.98509933774835,1.8548648648648647,325.0,85.0,92.0,964.4300000000001
85008,SET OF 3 CONEY ISLAND OVAL BOXES,0.4288079470198676,156.51490066225168,4.7283333333333335,129.0,19.0,22.0,961.8
84687,BEACH HUT SHELF W 3 DRAWERS,0.48344370860927155,176.45695364238412,5.084615384615385,132.0,50.0,53.0,961.4
23281,FOLDING BUTTERFLY MIRROR RED  ,2.0728476821192054,756.58940397351,0.8228260869565218,678.0,138.0,153.0,961.2800000000001
85126,LARGE ROUND CUTGLASS CANDLESTICK,0.24503311258278146,89.43708609271523,6.701515151515152,82.0,31.0,33.0,960.6
23121,PACK OF 6 COCKTAIL PARASOL STRAWS,4.072847682119205,1486.58940397351,0.41608695652173916,1337.0,249.0,278.0,958.32
22266,EASTER DECORATION HANGING BUNNY,4.099337748344371,1496.2582781456954,0.5265151515151515,1192.0,250.0,279.0,958.3
72484,ROSES IN WHITE HEART CANDLE ,2.98841059602649,1090.7698675496688,0.9703571428571429,750.0,301.0,322.0,958.21
22860,EASTER TIN CHICKS PINK DAISY,0.9602649006622517,350.49668874172187,1.65,326.0,38.0,45.0,957.0
84750B,BLACK SMALL GLASS CAKE STAND,0.9337748344370861,340.82781456953643,1.7416363636363634,313.0,59.0,66.0,956.64
82001S,SILVER RECORD COVER FRAME,0.4503311258278146,164.37086092715234,4.398421052631579,137.0,76.0,79.0,955.86
85197,SET OF 12 MINI BUNNIES IN A BUCKET,2.7599337748344372,1007.3758278145696,2.0589333333333335,495.0,676.0,695.0,955.26
23518,EMBROIDERED RIBBON REEL RACHEL ,0.5910596026490066,215.73675496688742,2.870487804878049,194.0,88.0,92.0,954.93
22701,PINK DOG BOWL,0.9139072847682119,333.57615894039736,2.516666666666667,257.0,49.0,55.0,954.7800000000001
21250,SET OF SKULL WALL STICKERS,0.652317880794702,238.09602649006624,2.879245283018868,203.0,75.0,80.0,950.5
84664,CHERRY BLOSSOM BATHROOM CABINET,0.31788079470198677,116.02649006622516,4.95,108.0,9.0,11.0,950.4
72753B,S/3 FLWR FAIRY LAVENDER CANDLES,0.7350993377483444,268.3112582781457,3.0,211.0,231.0,236.0,949.95
22717,CARD DOG AND BALL ,3.8443708609271523,1403.1953642384105,0.4188157894736842,1294.0,103.0,130.0,949.32
23088,ZINC HEART FLOWER T-LIGHT HOLDER,1.2582781456953642,459.27152317880797,1.306315789473684,419.0,24.0,33.0,947.18
22986,WRAP GINGHAM ROSE ,3.7682119205298013,1375.3973509933774,0.41926829268292676,1281.0,87.0,113.0,943.92
23033,DRAWER KNOB CERAMIC RED,1.1241721854304636,410.32284768211923,1.4398305084745764,377.0,76.0,84.0,943.75
22597,MUSICAL ZINC HEART DECORATION ,4.135761589403973,1509.5529801324503,0.4867521367521367,1245.0,115.0,144.0,943.64
22280,POCKET BAG PINK PAISELY BROWN SPOT,0.9586092715231788,349.8923841059603,1.6514285714285715,325.0,56.0,63.0,943.03
78124,MAGAZINE RACK GEBRA ASSORTED ,1.1887417218543046,433.89072847682115,1.5384615384615385,376.0,261.0,269.0,942.5
47504H,ENGLISH ROSE SPIRIT LEVEL ,1.6374172185430464,597.657284768212,1.3254285714285714,475.0,73.0,84.0,940.83
85019B,BLOSSOM  IMAGES NOTEBOOK SET,1.1655629139072847,425.4304635761589,2.0,326.0,110.0,118.0,940.0
22105,MIRROR MOSAIC GOBLET CANDLE HOLDER,1.0149006622516556,370.4387417218543,3.875925925925926,219.0,275.0,282.0,937.25
35648,VINTAGE BEAD PINK PURSE ,1.435430463576159,523.932119205298,1.2153521126760565,464.0,56.0,66.0,937.0100000000001
23533,WALL ART GARDEN HAVEN ,0.347682119205298,126.90397350993378,5.151935483870968,111.0,65.0,67.0,936.34
35958,FOLKART ZINC STAR CHRISTMAS DEC,1.8211920529801324,664.7350993377484,0.85,625.0,118.0,131.0,935.0
85160B,BLACK BIRD GARDEN DESIGN MUG,10.18046357615894,3715.869205298013,0.7616129032258064,1562.0,3237.0,3308.0,934.87
23402,HOME SWEET HOME 3 PEG HANGER ,0.42218543046357615,154.0976821192053,3.7409803921568625,144.0,30.0,33.0,934.1700000000001
21636,MADRAS NOTEBOOK MEDIUM,1.6605960264900663,606.1175496688742,1.1456043956043955,514.0,63.0,75.0,934.05
22995,TRAVEL CARD WALLET SUKI,3.6887417218543046,1346.390728476821,0.4193513513513513,1267.0,81.0,107.0,932.88
23525,WALL ART BUFFALO BILL ,0.5314569536423841,193.9817880794702,3.6427586206896554,163.0,132.0,136.0,932.6700000000001
23331,DECORATIVE WICKER HEART SMALL,2.4701986754966887,901.6225165562914,0.6290697674418605,847.0,90.0,107.0,932.28
20932,PINK POT PLANT CANDLE,0.5049668874172185,184.31291390728475,3.444642857142857,164.0,31.0,35.0,932.0500000000001
21690,SILVER  CANDLEPOT JARDIN ,0.4105960264900662,149.86754966887418,3.740123456790123,142.0,15.0,18.0,929.2
21425,SKULLS STORAGE BOX LARGE,0.7450331125827815,271.9370860927152,2.8817241379310348,217.0,97.0,102.0,928.1400000000001
21562,HAWAIIAN GRASS SKIRT ,1.099337748344371,401.2582781456954,1.56375,358.0,67.0,75.0,926.71
22116,METAL SIGN HIS DINNER IS SERVED,1.216887417218543,444.16390728476824,1.6835433070866141,363.0,45.0,54.0,924.69
21814,HEART T-LIGHT HOLDER ,1.0579470198675496,386.1506622516556,1.4473333333333334,365.0,25.0,32.0,924.15
23527,ANIMALS AND NATURE WALL ART,0.4420529801324503,161.34933774834437,3.6958823529411764,148.0,126.0,129.0,923.97
23153,ZINC SWEETHEART WIRE LETTER RACK,0.4105960264900662,149.86754966887418,3.7883333333333336,141.0,12.0,15.0,923.63
21711,FOLDING UMBRELLA  WHITE/RED  SPOT,0.4288079470198676,156.51490066225168,4.4884615384615385,132.0,59.0,62.0,922.05
23512,EMBROIDERED RIBBON REEL ROSIE,0.8013245033112583,292.4834437086093,2.0622448979591836,266.0,123.0,129.0,921.46
20758,ABSTRACT CIRCLES POCKET BOOK,8.903973509933774,3249.9503311258277,0.8373684210526315,1393.0,2403.0,2465.0,920.9
84817,DANISH ROSE DECORATIVE PLATE,1.740066225165563,635.1241721854304,1.6226923076923079,442.0,96.0,108.0,920.64
23566,EGG CUP MILKMAID HEIDI,1.2980132450331126,473.7748344370861,1.2408695652173913,437.0,124.0,133.0,919.52
21061,PARTY INVITES FOOTBALL,2.1572847682119205,787.408940397351,0.8336507936507936,687.0,115.0,130.0,919.27
21702,SET 5 MINI GATEAUX  FRIDGE MAGNETS,4.364238410596027,1592.9470198675497,1.3425,770.0,3108.0,3139.0,918.6800000000001
21707,FOLDING UMBRELLA BLACKBLUE POLKADOT,0.304635761589404,111.19205298013244,5.083142857142857,105.0,9.0,11.0,918.02
22119, PEACE WOODEN BLOCK LETTERS,0.22019867549668873,80.37251655629139,6.937234042553191,76.0,9.0,11.0,917.15
22529,MAGIC DRAWING SLATE GO TO THE FAIR ,3.7996688741721854,1386.8791390728477,0.41781021897810217,1288.0,149.0,176.0,916.38
84929,ASSTD FRUIT+FLOWERS FRIDGE MAGNETS,4.847682119205298,1769.4039735099336,0.3605555555555556,1566.0,189.0,223.0,915.12
20707,CRAZY DAISY HEART DECORATION,2.1175496688741724,772.905629139073,1.34859375,535.0,283.0,298.0,914.12
15058B,PINK POLKADOT GARDEN PARASOL,0.20033112582781457,73.12086092715232,7.868181818181818,68.0,14.0,15.0,913.95
21131,GOLD STANDING GNOME,0.41887417218543044,152.88907284768212,4.008620689655173,138.0,98.0,101.0,910.25
84358,FLOOR LAMP SHADE WOOD BASE,0.1870860927152318,68.2864238410596,9.284999999999998,61.0,47.0,48.0,909.63
23514,EMBROIDERED RIBBON REEL SALLY ,0.7582781456953642,276.77152317880797,2.0706451612903227,259.0,78.0,83.0,909.14
85189,HANGING BUTTERFLY  EGG,1.849337748344371,675.0082781456954,0.8455932203389831,632.0,162.0,175.0,908.89
21630,FLOOR CUSHION ELEPHANT CARNIVAL,0.17218543046357615,62.847682119205295,8.886170212765958,59.0,9.0,10.0,908.8
22324,BLUE POLKADOT KIDS BAG,0.7400662251655629,270.12417218543044,2.258358208955224,245.0,32.0,37.0,906.81
72045D,ROSES ON BLUE TEACUP CANDLE ,0.8874172185430463,323.9072847682119,1.6900000000000002,310.0,1230.0,1236.0,905.84
22786,CUSHION COVER PINK UNION JACK,0.26986754966887416,98.50165562913907,5.940666666666667,91.0,9.0,11.0,903.89
22321,BIRD DECORATION RED RETROSPOT,1.7963576158940397,655.6705298013245,0.8482191780821918,622.0,71.0,84.0,903.53
22707,WRAP MONSTER FUN ,3.5596026490066226,1299.2549668874171,0.41999999999999993,1244.0,26.0,51.0,903.0
23510,MINI PLAYING CARDS GYMKHANA,3.802980132450331,1388.0877483443708,0.41879999999999995,1287.0,376.0,403.0,901.74
85018D,YULETIDE IMAGES S/6 PAPER BOXES,1.2615894039735098,460.4801324503311,2.023015873015873,337.0,70.0,79.0,901.5
21269,ANTIQUE CREAM CUTLERY SHELF ,0.17549668874172186,64.05629139072848,8.5,61.0,4.0,5.0,901.0
46000P,POLYESTER FILLER PAD 65CMx65CM,0.3509933774834437,128.11258278145695,4.25,123.0,16.0,18.0,901.0
35962,12 ASS ZINC CHRISTMAS DECORATIONS,0.7102649006622517,259.24668874172187,2.1,248.0,44.0,49.0,900.9000000000001
84405A,S/3 PINK COL METAL BASKET W HANDLE,0.20198675496688742,73.72516556291392,11.016666666666667,58.0,18.0,19.0,900.3000000000001
20671,BLUE TEATIME PRINT BOWL ,1.2102649006622517,441.74668874172187,1.2482075471698113,421.0,36.0,44.0,900.07
84625A,PINK NEW BAROQUECANDLESTICK CANDLE,1.304635761589404,476.1920529801325,1.848360655737705,359.0,50.0,59.0,898.7
21691,SILVER VANILLA FLOWER CANDLE POT,0.3973509933774834,145.03311258278146,3.7450684931506846,139.0,10.0,13.0,898.56
23529,WALL ART DOLLY GIRL ,0.5149006622516556,187.9387417218543,3.6110526315789473,161.0,160.0,164.0,896.3700000000001
84760L,LARGE HANGING GLASS+ZINC LANTERN,0.9271523178807947,338.41059602649005,1.6,325.0,0.0,6.0,896.0
23419,HOME SWEET HOME BOTTLE ,0.7235099337748344,264.08112582781456,2.0752459016393443,252.0,33.0,38.0,895.0400000000001
17109B,FLOWER FAIRY INCENSE LAVENDER,7.518211920529802,2744.1473509933776,1.184375,1076.0,4209.0,4262.0,892.91
84666,SQUARE CHERRY BLOSSOM CABINET,0.3741721854304636,136.5728476821192,3.9499999999999997,131.0,30.0,33.0,892.7
22939,ADULT APRON APPLE DELIGHT,0.29635761589403975,108.1705298013245,5.8085,96.0,34.0,36.0,891.9300000000001
20778,GARDEN PATH NOTEBOOK ,5.951986754966887,2172.475165562914,1.6314814814814815,816.0,1628.0,1670.0,891.75
84360,TABLE LAMP WHITE SHADE WOOD BASE,0.28642384105960267,104.54470198675497,5.661111111111111,96.0,28.0,30.0,891.5500000000001
37475,SET/4 COLOURFUL MIXING BOWLS,0.15562913907284767,56.8046357615894,9.806862745098039,54.0,7.0,8.0,891.5
20773,BLUE PAISLEY NOTEBOOK,5.468543046357616,1996.01821192053,1.6346938775510202,781.0,1339.0,1377.0,889.9499999999999
21725,SWEETIES  STICKERS,1.7334437086092715,632.7069536423841,0.85,610.0,49.0,61.0,889.9499999999999
85104,SILVER GLASS T-LIGHT SET,0.5413907284768212,197.60761589403975,2.984814814814815,182.0,88.0,92.0,888.9300000000001
22512,DOORSTOP RACING CAR DESIGN,0.6208609271523179,226.61423841059602,3.1346031746031744,190.0,67.0,71.0,888.23
21746,SMALL RED SPOT  WINDMILL,1.228476821192053,448.39403973509934,1.242962962962963,425.0,113.0,122.0,886.46
22096,PINK PAISLEY SQUARE TISSUE BOX ,2.725165562913907,994.685430463576,0.7545833333333333,812.0,166.0,185.0,886.28
23528,SPACEBOY WALL ART,0.5066225165562914,184.91721854304637,3.582307692307692,161.0,192.0,196.0,885.9000000000001
22643,SET OF 4 NAPKIN CHARMS LEAVES   ,0.6705298013245033,244.7433774834437,2.3596052631578943,228.0,29.0,34.0,882.99
22994,TRAVEL CARD WALLET RETROSPOT,3.4834437086092715,1271.4569536423842,0.4196273291925466,1231.0,82.0,106.0,882.24
22598,CHRISTMAS MUSICAL ZINC TREE,2.5860927152317883,943.9238410596028,0.6392631578947368,859.0,106.0,124.0,881.72
21291,SMALL SPOTTY CHOCOLATE GIFT BAG ,1.7367549668874172,633.9155629139073,0.8403076923076923,614.0,33.0,45.0,881.5699999999999
46775D,SUNSET COLOUR CHUNKY KNITTED THROW,0.08609271523178808,31.423841059602648,16.95,30.0,5.0,6.0,881.4
85111,SILVER GLITTER FLOWER VOTIVE HOLDER,4.754966887417218,1735.5629139072846,0.41,1455.0,529.0,562.0,879.92
84974,S/2 ZINC HEART DESIGN PLANTERS,0.14735099337748345,53.783112582781456,9.932758620689654,52.0,4.0,5.0,879.55
72799A,BLACK PILLAR CANDLE SILVER FLOCK,1.0132450331125828,369.83443708609275,2.4555555555555557,274.0,330.0,337.0,877.8000000000001
20934,SET/3 POT PLANT CANDLES,0.2764900662251656,100.91887417218544,5.397916666666667,97.0,18.0,20.0,877.1500000000001
85019A,ROMANTIC IMAGES NOTEBOOK SET,1.0579470198675496,386.1506622516556,2.274390243902439,291.0,105.0,112.0,876.75
23540,WALL ART THE MAGIC FOREST ,0.23841059602649006,87.01986754966887,6.052222222222222,85.0,171.0,173.0,876.64
21708,FOLDING UMBRELLA CREAM POLKADOT,0.2947019867549669,107.56622516556291,4.917441860465117,105.0,24.0,26.0,875.5000000000001
21805,WHITE CHRISTMAS TREE DECORATION ,3.5165562913907285,1283.5430463576158,0.41857142857142854,1238.0,108.0,133.0,874.8
23107,WHITE HEARTS WIRE PLANT POT HOLDER,0.5364238410596026,195.79470198675494,2.7340677966101694,189.0,16.0,20.0,873.5600000000001
47504E,ENGLISH ROSE SCISSORS,7.23841059602649,2642.019867549669,1.2202702702702701,1040.0,2993.0,3044.0,871.4
84625C,BLUE NEW BAROQUE CANDLESTICK CANDLE,1.2301324503311257,448.9983443708609,1.918421052631579,342.0,53.0,62.0,870.95
22679,FRENCH BLUE METAL DOOR SIGN 4,1.150662251655629,419.9917218543046,1.2731372549019608,406.0,25.0,33.0,870.57
20798,CLEAR MILKSHAKE GLASS,0.7367549668874173,268.9155629139073,2.068604651162791,255.0,50.0,55.0,869.7
21726,MULTI HEARTS  STICKERS,1.718543046357616,627.2682119205298,0.849,608.0,48.0,60.0,869.3
17033,"BROCADE PURSE,SMALL ARCH BUTTON",5.428807947019868,1981.5149006622516,0.2852941176470588,1864.0,371.0,409.0,867.55
84637,KITCHEN FLOWER POTS WALL PLAQUE,0.8062913907284768,294.296357615894,4.8106060606060606,175.0,183.0,189.0,867.25
21189,WHITE HONEYCOMB PAPER GARLAND ,0.8990066225165563,328.137417218543,1.6401639344262295,316.0,47.0,53.0,866.75
35923,CANDY HEART HANGING DECORATION,2.4056291390728477,878.0546357615895,0.7694029850746268,755.0,213.0,230.0,866.71
22896,PEG BAG APPLE DESIGN,0.6357615894039735,232.05298013245033,2.4857142857142853,216.0,97.0,101.0,866.7
35599D,PINK AND WHITE CHRISTMAS TREE 120CM,0.5331125827814569,194.58609271523176,2.7664102564102566,188.0,41.0,45.0,866.58
84826,ASSTD DESIGN 3D PAPER STICKERS,2.865894039735099,1046.0513245033112,0.6521153846153845,896.0,134.0,154.0,866.53
23545,WRAP RED VINTAGE DOILY,3.4768211920529803,1269.0397350993378,0.41884057971014493,1231.0,101.0,125.0,866.0
22264,FELT FARM ANIMAL WHITE BUNNY ,2.9850993377483444,1089.5612582781457,0.7605555555555555,846.0,166.0,187.0,865.7099999999999
21060,PARTY INVITES BALLOON GIRL,2.0,730.0,0.8391869918699187,660.0,114.0,128.0,864.1999999999999
20617,FIRST CLASS PASSPORT COVER ,0.7483443708609272,273.1456953642384,2.132702702702703,253.0,101.0,106.0,863.88
84791,GINGHAM HEART DECORATION,0.4900662251655629,178.87417218543047,2.944666666666667,174.0,15.0,18.0,863.6000000000001
20759,CHRYSANTHEMUM POCKET BOOK ,9.493377483443709,3465.082781456954,0.8281818181818181,1446.0,3471.0,3537.0,863.5
21391,FRENCH LAVENDER SCENT HEART,1.609271523178808,587.384105960265,1.0234177215189872,536.0,51.0,62.0,861.3
23517,EMBROIDERED RIBBON REEL REBECCA ,0.5165562913907285,188.54304635761588,2.8743137254901963,181.0,57.0,61.0,860.88
23002,TRAVEL CARD WALLET SKULLS,3.3973509933774833,1240.0331125827813,0.41957746478873237,1216.0,86.0,110.0,860.4
21945,STRAWBERRIES  DESIGN FLANNEL ,2.513245033112583,917.3344370860927,0.8108,752.0,302.0,320.0,859.64
23099,FRENCH CARRIAGE LANTERN,0.2185430463576159,79.76821192052981,6.584545454545455,78.0,8.0,10.0,858.9000000000001
22814,CARD PARTY GAMES ,3.519867549668874,1284.7516556291391,0.4173333333333333,1241.0,84.0,109.0,858.36
22069,BROWN  PIRATE TREASURE CHEST ,0.9983443708609272,364.3956953642384,1.537857142857143,344.0,35.0,42.0,858.33
84925F,PSYCHEDELIC WALL THERMOMETER,1.1771523178807948,429.6605960264901,1.964516129032258,331.0,243.0,251.0,857.9300000000001
20780,BLACK EAR MUFF HEADPHONES,0.28807947019867547,105.14900662251655,5.477540983606557,98.0,24.0,26.0,857.6
84796A,PINK HAWAIIAN PICNIC HAMPER FOR 2,0.24834437086092714,90.6456953642384,10.638,65.0,40.0,42.0,856.5
20757,RED DAISY POCKET BOOK ,8.776490066225165,3203.418874172185,0.8467857142857144,1375.0,2798.0,2859.0,856.23
21815,STAR  T-LIGHT HOLDER ,0.9801324503311258,357.74834437086093,1.4467213114754098,352.0,26.0,33.0,855.9999999999999
21720,CAKE SHOP  STICKER SHEET,1.6937086092715232,618.2036423841059,0.8470114942528736,604.0,59.0,71.0,854.99
23532,WALL ART WORK REST AND PLAY  ,0.3394039735099338,123.88245033112584,4.470769230769231,118.0,101.0,103.0,853.47
22288,"DECORATION , HANGING METAL RABBIT",1.346026490066225,491.29966887417214,1.2387755102040816,445.0,186.0,195.0,851.25
21007,ETCHED GLASS DROPLET DECORATION,3.153973509933775,1151.200331125828,0.7641025641025642,868.0,290.0,312.0,851.23
21721,CANDY SHOP  STICKER SHEET,1.663907284768212,607.3261589403974,0.8471428571428572,599.0,44.0,56.0,851.13
20991,JAZZ HEARTS MAGNETIC MEMO PAD,11.685430463576159,4265.1821192052985,0.609375,1871.0,7367.0,7449.0,850.9000000000001
85129D,BEADED CRYSTAL HEART PINK SMALL,1.0844370860927153,395.8195364238411,1.3474117647058823,383.0,29.0,37.0,850.35
84596E,SMALL LICORICE DES PINK BOWL,1.4569536423841059,531.7880794701987,1.1152380952380954,488.0,53.0,63.0,850.2
85226A,WHITE/BLUE PULL BACK RACING CAR,2.7450331125827816,1001.9370860927153,0.5489256198347108,955.0,191.0,210.0,849.5
21303,FILIGREE WALL MIRROR  ANTIQUE WHITE,0.152317880794702,55.59602649006622,12.55,47.0,17.0,18.0,848.8
21338,MARAKESH LANTERN SMALL ,0.32450331125827814,118.44370860927152,5.7875000000000005,101.0,202.0,204.0,848.35
22255,FELT TOADSTOOL  SMALL,1.6523178807947019,603.0960264900662,0.85,596.0,43.0,55.0,848.3
21284,RETROSPOT CANDLE  SMALL,1.8476821192052981,674.4039735099338,1.0978333333333334,554.0,80.0,93.0,847.88
85032B,BLOSSOM IMAGES GIFT WRAP SET,1.5380794701986755,561.3990066225166,0.9099056603773585,555.0,72.0,83.0,846.0
20801,LARGE PINK GLASS SUNDAE DISH,1.4933774834437086,545.0827814569536,1.3373972602739725,451.0,60.0,70.0,845.86
22821,GIFT BAG PSYCHEDELIC APPLES,2.152317880794702,785.5960264900663,0.653495145631068,775.0,26.0,41.0,845.36
23525,BUFFALO BILL WALL ART ,0.40728476821192056,148.658940397351,3.6886666666666668,142.0,134.0,137.0,845.22
85124A,PINK JUICY FRUIT PHOTO FRAME,0.5612582781456954,204.85927152317882,2.5307142857142852,201.0,22.0,26.0,843.75
21836,GINGHAM OVEN GLOVE RED HEART ,0.37251655629139074,135.9685430463576,3.75,135.0,9.0,12.0,843.75
20774,GREEN FERN NOTEBOOK,5.660596026490066,2066.1175496688743,1.6305194805194805,796.0,1591.0,1631.0,841.35
20622,VIPPASSPORT COVER ,0.8079470198675497,294.90066225165566,2.044647887323944,269.0,105.0,111.0,840.6800000000001
84782A,PINK 3 TIER GLASS PLATE STAND,0.19701986754966888,71.91225165562915,9.903846153846153,60.0,20.0,21.0,840.45
21127,COLOURFUL FISHING GNOME,0.47019867549668876,171.6225165562914,5.8,122.0,124.0,127.0,838.6
23178,JAM CLOCK MAGNET,0.5115894039735099,186.73013245033113,2.8387272727272728,181.0,41.0,45.0,838.47
21299,EDWARDIAN TOILET ROLL UNIT ,0.26655629139072845,97.29304635761588,8.501724137931035,76.0,38.0,40.0,838.35
84985A,SET OF 72 GREEN PAPER DOILIES,0.956953642384106,349.2880794701987,1.45,347.0,28.0,35.0,838.0999999999999
23179,CLOCK MAGNET MUM'S KITCHEN,0.5033112582781457,183.7086092715232,2.9330000000000003,177.0,53.0,57.0,837.88
85025B,EAU DE NILE HEART SHAPE PHOTO FRAME,0.8692052980132451,317.25993377483445,1.6470588235294117,310.0,78.0,84.0,837.45
21635,MADRAS NOTEBOOK LARGE ,0.6539735099337748,238.7003311258278,3.0625,197.0,98.0,103.0,836.25
22250,DECORATION  BUTTERFLY  MAGIC GARDEN,1.685430463576159,615.182119205298,0.8432173913043478,604.0,59.0,71.0,836.18
21780,MA CAMPAGNE 4 DRAWER WALL SHELF,0.20695364238410596,75.53807947019868,8.411764705882353,67.0,19.0,20.0,835.55
21261,GREEN GOOSE FEATHER CHRISTMAS TREE ,0.4056291390728477,148.05463576158942,4.903488372093023,123.0,30.0,33.0,834.7500000000001
22143,CHRISTMAS CRAFT HEART DECORATIONS,0.695364238410596,253.80794701986756,2.090740740740741,246.0,88.0,93.0,834.0
20878,SET/9 CHRISTMAS T-LIGHTS SCENTED ,1.140728476821192,416.3658940397351,1.2417391304347827,409.0,57.0,65.0,833.89
90200D,PINK SWEETHEART BRACELET,0.3294701986754967,120.25662251655629,4.240909090909091,119.0,17.0,19.0,833.75
21062,PARTY INVITES SPACEMAN,1.6705298013245033,609.7433774834437,0.8450413223140496,601.0,30.0,42.0,833.53
23523,TREASURE AHOY WALL ART,0.4470198675496689,163.16225165562915,3.585,151.0,129.0,132.0,833.46
20786,BLACK RETRO BAR STOOL,0.03642384105960265,13.294701986754966,39.50555555555556,13.0,16.0,16.0,830.9
72529W,WHITE ADVENT CANDLE,0.7334437086092715,267.7069536423841,2.086923076923077,253.0,105.0,110.0,829.08
35599B,BLACK CHRISTMAS TREE 120CM,0.41225165562913907,150.47185430463577,5.154736842105263,121.0,51.0,54.0,828.5699999999999
84820,DANISH ROSE TRINKET TRAYS,0.5248344370860927,191.56456953642382,4.638979591836735,144.0,52.0,56.0,828.15
85124B,BLUE JUICY FRUIT PHOTO FRAME,0.5480132450331126,200.02483443708607,2.5446428571428568,198.0,18.0,22.0,827.85
21392,RED SPOTTY PUDDING BOWL,6.321192052980132,2307.235099337748,2.0033333333333334,759.0,3244.0,3288.0,827.04
21650,ASSORTED TUTTI FRUTTI BRACELET,4.620860927152318,1686.614238410596,0.4013513513513514,1450.0,146.0,178.0,826.99
21664,RIDGED GLASS STORAGE JAR CREAM LID,0.3758278145695364,137.1771523178808,3.7369090909090907,135.0,31.0,34.0,825.3299999999999
84341B,SMALL PINK MAGIC CHRISTMAS TREE,2.7980132450331126,1021.274834437086,0.686938775510204,862.0,113.0,133.0,825.03
85130D,BEADED CRYSTAL HEART PINK LARGE,1.2152317880794703,443.55960264900665,1.316024096385542,411.0,50.0,59.0,824.28
22682,FRENCH BLUE METAL DOOR SIGN 7,1.0894039735099337,397.63245033112577,1.263372093023256,397.0,24.0,32.0,823.11
23502,PLAYING CARDS VINTAGE DOILY ,1.1208609271523178,409.114238410596,1.2451162790697674,405.0,49.0,57.0,822.73
22310,KNITTED MUG COSY IVORY COLOUR ,0.9039735099337748,329.9503311258278,1.6214285714285714,319.0,146.0,152.0,821.7
23338,EGG FRYING PAN RED ,0.6705298013245033,244.7433774834437,2.0749450549450548,243.0,32.0,37.0,820.32
23479,WIRE EGG BASKET ,0.1804635761589404,65.86920529801324,7.775,65.0,12.0,13.0,819.65
22893,MINI CAKE STAND T-LIGHT HOLDER,3.3211920529801326,1212.2350993377484,0.4180851063829787,1204.0,139.0,162.0,819.48
23186,FRENCH STYLE STORAGE JAR CAFE ,3.281456953642384,1197.73178807947,0.3409859154929577,1325.0,169.0,192.0,819.4599999999999
85135C,RED DRAGONFLY HELICOPTER,0.17052980132450332,62.243377483443716,7.950000000000001,63.0,4.0,5.0,818.85
22268,EASTER DECORATION SITTING BUNNY,1.6721854304635762,610.3476821192053,0.8455555555555555,601.0,81.0,93.0,817.9399999999999
22681,FRENCH BLUE METAL DOOR SIGN 6,1.0794701986754967,394.00662251655626,1.2768181818181819,393.0,24.0,32.0,816.82
20756,GREEN FERN POCKET BOOK,9.402317880794701,3431.846026490066,0.8281818181818181,1439.0,3472.0,3538.0,816.7499999999999
72598,SET/12 TAPER CANDLES,1.7251655629139073,629.6854304635762,0.8385869565217391,613.0,77.0,89.0,815.14
84660A,WHITE STITCHED WALL CLOCK,1.4089403973509933,514.2632450331125,1.7083333333333333,388.0,154.0,164.0,814.4
84750A,PINK SMALL GLASS CAKE STAND,0.7400662251655629,270.12417218543044,1.9255102040816325,265.0,65.0,70.0,814.05
17039,INLAID WOOD INCENSE HOLDER,6.0281456953642385,2200.2731788079473,0.27399999999999997,2004.0,1013.0,1055.0,813.0899999999999
22164,STRING OF STARS CARD HOLDER,0.5016556291390728,183.10430463576157,2.9095238095238094,177.0,36.0,40.0,812.2500000000001
20833,SHAKER THROW  QUILTED,0.08609271523178808,31.423841059602648,27.630000000000003,24.0,40.0,41.0,811.8
85159A,"BLACK TEA,COFFEE,SUGAR JARS",0.7549668874172185,275.5629139072848,2.2479166666666663,248.0,30.0,35.0,811.1999999999999
21944,KITTENS DESIGN FLANNEL,2.5463576158940397,929.4205298013245,0.7793421052631578,772.0,310.0,328.0,811.0999999999999
85231L,LAVENDER SCENTED SET/9 T-LIGHTS,1.685430463576159,615.182119205298,0.8449514563106796,603.0,99.0,111.0,810.6999999999999
85145,JARDIN ETCHED GLASS LARGE BELL JAR,0.15066225165562913,54.991721854304636,9.403333333333334,54.0,15.0,16.0,809.05
22953,BIRTHDAY PARTY CORDON BARRIER TAPE,1.1009933774834437,401.862582781457,1.2729896907216496,397.0,68.0,76.0,807.52
47589,CONGRATULATIONS BUNTING,0.24503311258278146,89.43708609271523,5.45,91.0,6.0,8.0,806.6
35957,SMALLFOLKART BAUBLE CHRISTMAS DEC,5.485099337748345,2002.061258278146,0.33096774193548384,1739.0,212.0,250.0,806.3399999999999
21552,CERAMIC BIRDHOUSE BLACK ROSE  LARGE,0.2682119205298013,97.89735099337747,5.86060606060606,91.0,56.0,58.0,805.6500000000001
85130B,BEADED CRYSTAL HEART GREEN LARGE,1.4486754966887416,528.7665562913907,1.0622033898305085,499.0,61.0,71.0,805.0500000000001
84660B,BLACK STITCHED WALL CLOCK,1.2036423841059603,439.3294701986755,2.162272727272727,319.0,115.0,123.0,804.65
84632,DECORATIVE HANGING SHELVING UNIT,0.023178807947019868,8.460264900662251,58.95,8.0,4.0,4.0,799.3000000000001
85166B,BLACK METAL BAROQUE PHOTO FRAME,0.8294701986754967,302.75662251655626,3.1048387096774195,221.0,134.0,140.0,798.75
23524,HORSE & PONY WALL ART,0.423841059602649,154.7019867549669,3.594705882352941,147.0,126.0,129.0,797.3100000000001
23022,SMALL BONNE JAM JAR  T-LIGHT HOLDER,0.6887417218543046,251.39072847682118,2.0295652173913044,249.0,98.0,103.0,795.6800000000001
82616B,FRAPPUCINO SCARF KNITTING KIT,0.8824503311258278,322.09437086092714,2.0223376623376623,282.0,49.0,55.0,794.9300000000001
21580,RABBIT  DESIGN  COTTON TOTE BAG,0.597682119205298,218.15397350993376,2.2331460674157304,221.0,15.0,19.0,794.25
21331,MOROCCAN BEATEN METAL DISH LARGE,0.17218543046357615,62.847682119205295,11.839166666666666,52.0,42.0,43.0,793.74
35598B,BLACK CHRISTMAS TREE 60CM,1.521523178807947,555.3559602649007,1.7520833333333334,398.0,168.0,179.0,792.85
22247,BUNNY DECORATION MAGIC GARDEN,1.6076158940397351,586.7798013245033,0.8402803738317757,591.0,59.0,70.0,792.0699999999999
20867,PINK ROSE FABRIC MIRROR,1.3973509933774835,510.0331125827815,1.2249350649350648,456.0,123.0,133.0,791.72
82616C,MIDNIGHT GLAMOUR SCARF KNITTING KIT,0.8923841059602649,325.72019867549665,1.9470512820512822,289.0,66.0,72.0,791.22
21676,FLOWERS  STICKERS,1.8245033112582782,665.9437086092715,0.8837755102040816,614.0,58.0,71.0,787.3599999999999
20913,SET/5 BLUE SPOTTY LID GLASS BOWLS,0.48841059602649006,178.26986754966887,2.936666666666667,174.0,164.0,167.0,787.05
84685,BEACH HUT KEY CABINET,0.5943708609271523,216.94536423841058,3.240740740740741,183.0,34.0,38.0,786.25
21555,CERAMIC STRAWBERRY TRINKET TRAY,0.5231788079470199,190.96026490066225,2.5441176470588234,194.0,43.0,47.0,784.2
85196,EASTER BUNNIES ON A STICK,2.543046357615894,928.2119205298013,0.5401515151515153,927.0,165.0,183.0,783.96
85194S,HANGING SPRING FLOWER EGG SMALL,2.781456953642384,1015.2317880794702,0.5456701030927835,965.0,74.0,93.0,783.8
84767,ZINC POLICE BOX LANTERN,0.3195364238410596,116.63079470198676,5.4625,103.0,404.0,406.0,783.7
23380,PACK OF 12 VINTAGE DOILY TISSUES,3.455298013245033,1261.1837748344371,0.3892553191489362,1273.0,201.0,225.0,783.6899999999999
21264,WHITE GOOSE FEATHER TREE 60CM ,0.5827814569536424,212.71523178807945,3.0728070175438598,186.0,24.0,28.0,782.4
20669,RED HEART LUGGAGE TAG,1.0380794701986755,378.8990066225166,1.2486231884057972,390.0,23.0,30.0,781.47
21801,CHRISTMAS TREE DECORATION WITH BELL,3.0794701986754967,1124.0066225165563,0.41999999999999993,1157.0,72.0,94.0,781.1999999999999
21318,GLASS CHALICE BLUE SMALL ,1.5496688741721854,565.6291390728477,1.241025641025641,477.0,60.0,71.0,780.3
23004,TRAVEL CARD WALLET PANTRY,3.0678807947019866,1119.776490066225,0.42976190476190473,1141.0,67.0,88.0,779.9
21414,SCALLOP SHELL SOAP DISH,2.672185430463576,975.3476821192053,2.017142857142857,492.0,1424.0,1443.0,779.4
85135B,BLUE DRAGONFLY HELICOPTER,0.16225165562913907,59.22185430463576,7.949999999999999,61.0,3.0,4.0,779.1
21724,PANDA AND BUNNIES STICKER SHEET,1.5165562913907285,553.5430463576159,0.85,571.0,32.0,43.0,778.5999999999999
84660C,PINK STITCHED WALL CLOCK,1.140728476821192,416.3658940397351,2.4009090909090913,294.0,91.0,99.0,778.07
23472, NINE DRAWER OFFICE TIDY,0.08940397350993377,32.632450331125824,14.786666666666665,33.0,6.0,7.0,777.9
22216,T-LIGHT HOLDER WHITE LACE,1.7698675496688743,646.0016556291391,0.8,635.0,94.0,106.0,775.5699999999999
23220,REINDEER HEART DECORATION GOLD,1.5380794701986755,561.3990066225166,0.9106410256410257,555.0,77.0,88.0,774.4300000000001
84907,PINK YELLOW PATCH CUSHION COVER,0.5943708609271523,216.94536423841058,5.577272727272727,139.0,254.0,258.0,774.1500000000001
21551,CERAMIC BIRDHOUSE BUTTERFLY LARGE,0.2731788079470199,99.71026490066225,5.821052631578948,93.0,102.0,104.0,772.95
85163A,WHITE BAROQUE WALL CLOCK ,0.13079470198675497,47.74006622516556,12.189024390243903,44.0,11.0,12.0,772.65
21632,VINTAGE PINK DECORATIVE PARASOL,0.16887417218543047,61.63907284768212,11.375,52.0,17.0,18.0,772.5
85170D,SET/6 PINK BIRD T-LIGHT CANDLES,0.9503311258278145,346.8708609271523,2.1102597402597403,287.0,62.0,69.0,772.1899999999999
85032C,CURIOUS IMAGES GIFT WRAP SET,1.3129139072847682,479.2135761589404,0.9801980198019802,494.0,72.0,81.0,772.1
23409,PHOTO FRAME LINEN AND LACE LARGE,0.3443708609271523,125.69536423841059,3.7275609756097565,130.0,12.0,14.0,771.72
84908A,PINK 5 PATCH FLOWER CUSHION COVER ,0.640728476821192,233.8658940397351,4.0928571428571425,169.0,267.0,271.0,769.65
22936,BAKING MOULD ROSE WHITE CHOCOLATE,0.4271523178807947,155.91059602649008,3.3037142857142854,154.0,71.0,74.0,766.88
16259,PIECE OF CAMO STATIONERY SET,9.061258278145695,3307.359271523179,0.14618181818181816,3363.0,287.0,350.0,766.09
84659A,WHITE TRAVEL ALARM CLOCK,0.5149006622516556,187.9387417218543,2.5254166666666666,193.0,30.0,34.0,765.66
85188A,GREEN METAL SWINGING BUNNY,1.4966887417218544,546.2913907284768,0.8483950617283951,567.0,42.0,52.0,765.28
21444,BLUE CHALET BIRDFEEDER,0.4519867549668874,164.9751655629139,3.6875,150.0,200.0,203.0,763.75
23458,DOLLY CABINET 3 DRAWERS ,0.08443708609271523,30.81953642384106,14.95,32.0,2.0,3.0,762.4499999999999
22820,GIFT BAG BIRTHDAY,1.9403973509933774,708.2450331125827,0.6523376623376624,737.0,95.0,109.0,761.98
23550,WRAP ALPHABET POSTER  ,3.062913907284768,1117.9635761589404,0.41873015873015873,1155.0,99.0,120.0,761.0
47593B,SCOTTIE DOGS BABY BIB,2.8642384105960264,1045.4470198675497,0.5923423423423423,939.0,114.0,134.0,760.14
37327,ASSTD MULTICOLOUR CIRCLES MUG,2.5413907284768213,927.6076158940398,0.5814545454545454,893.0,91.0,109.0,759.59
22420,LIPSTICK PEN BABY PINK,3.0099337748344372,1098.6258278145697,0.45129032258064516,1103.0,80.0,101.0,758.87
23423,PANTRY 3 HOOK ROLLING PIN HANGER,0.3344370860927152,122.06953642384106,3.75,128.0,12.0,14.0,757.5
22985,WRAP BILLBOARD FONTS DESIGN,2.980132450331126,1087.7483443708609,0.42,1138.0,60.0,81.0,756.0
21298,EDWARDIAN 2 DRAWER WALL CABINET ,0.08609271523178808,31.423841059602648,19.37857142857143,28.0,10.0,11.0,755.8
84908B,BLUE 5 PATCH FLOWER CUSHION COVER,0.6374172185430463,232.65728476821192,2.95,199.0,259.0,263.0,755.75
23519,EMBROIDERED RIBBON REEL CLAIRE,0.36258278145695366,132.34271523178808,3.701578947368421,134.0,93.0,96.0,755.01
21335,LIBRARY LAMP,0.059602649006622516,21.75496688741722,21.54090909090909,22.0,5.0,5.0,754.1999999999999
23487,SWEET HEART CAKE CARRIER,0.1291390728476821,47.13576158940397,9.869047619047619,49.0,7.0,8.0,754.0
35646,VINTAGE BEAD PINK EVENING BAG,0.8824503311258278,322.09437086092714,1.8050943396226415,299.0,43.0,49.0,753.88
21629,SQUARE FLOOR CUSHION VINTAGE RED,0.15894039735099338,58.01324503311258,7.906521739130435,61.0,6.0,7.0,753.2
22547,MINI JIGSAW DINOSAUR ,3.0860927152317883,1126.4238410596026,0.42803571428571424,1147.0,73.0,95.0,752.43
23017,APOTHECARY MEASURING JAR,0.10596026490066225,38.675496688741724,12.178571428571429,40.0,12.0,13.0,751.4000000000001
22825,DECORATIVE PLANT POT WITH FRIEZE,0.15894039735099338,58.01324503311258,7.9147058823529415,61.0,10.0,11.0,751.2
17165B,ASS COL LARGE SAND GECKO P'WEIGHT,1.3394039735099337,488.88245033112577,1.0295,487.0,164.0,173.0,750.63
72755C,FLOWER FAIRY OIL BURNER SET ROSE,0.9735099337748344,355.33112582781456,1.7115384615384615,322.0,267.0,274.0,750.0
20775,DAISY NOTEBOOK ,5.809602649006623,2120.504966887417,1.622222222222222,808.0,1994.0,2035.0,749.85
82613D,METAL SIGN CUPCAKE SINGLE HOOK,1.4105960264900663,514.8675496688742,1.1314285714285715,477.0,31.0,41.0,749.6
22058,CERAMIC LOVE HEARTS DESIGN MUG,0.8327814569536424,303.96523178807945,1.49,319.0,23.0,29.0,749.47
22683,FRENCH BLUE METAL DOOR SIGN 8,0.9900662251655629,361.37417218543044,1.278433734939759,376.0,26.0,33.0,749.32
84922,PINK BUTTERFLY WASHBAG,0.554635761589404,202.44205298013244,4.025,159.0,409.0,413.0,748.75
17012C,ORIGAMI LAVENDER INCENSE/CANDL SET ,1.2864238410596027,469.544701986755,1.3901785714285713,411.0,163.0,172.0,747.25
23106,ZINC HEARTS PLANT POT HOLDER,0.4552980132450331,166.1837748344371,2.769591836734694,173.0,17.0,20.0,746.15
37330,SPOTS MUG,0.7052980132450332,257.4337748344371,1.8441176470588234,264.0,78.0,83.0,744.2999999999998
20989,URBAN CHIC CHOPSTICKS SET/5,0.6572847682119205,239.908940397351,1.9437499999999999,248.0,64.0,69.0,744.15
21641,ASSORTED TUTTI FRUTTI KEYRING BALL,2.551324503311258,931.2334437086092,0.6722916666666666,832.0,309.0,327.0,741.1299999999999
21503,TOYBOX  WRAP ,2.9817880794701987,1088.3526490066226,0.41875,1140.0,98.0,119.0,740.42
21014,SWISS CHALET TREE DECORATION ,2.751655629139073,1004.3543046357615,0.5596428571428571,947.0,61.0,80.0,737.66
21300,ANTIQUE EDWARDIAN DRESSER,0.08609271523178808,31.423841059602648,16.13181818181818,31.0,17.0,18.0,737.4
21851,LILAC DIAMANTE PEN IN GIFT BOX,0.6341059602649006,231.44867549668874,4.604782608695652,159.0,93.0,97.0,736.67
84247E,PACK/12 XMAS FUN CARD,0.423841059602649,154.7019867549669,2.942857142857143,162.0,36.0,39.0,736.0000000000001
21286,RETROSPOT CANDLE  LARGE,1.1423841059602649,416.97019867549665,1.324054054054054,397.0,59.0,67.0,735.82
84625D,WHITE NEWBAROQUE CANDLESTICK CANDLE,1.0579470198675496,386.1506622516556,2.0117021276595746,310.0,55.0,62.0,734.25
21456,2 PICTURE BOOK EGGS EASTER CHICKS,1.1887417218543046,433.89072847682115,1.239423076923077,418.0,178.0,186.0,732.5
21458,2 PICTURE BOOK EGGS EASTER BUNNY,1.1887417218543046,433.89072847682115,1.2403508771929825,418.0,170.0,178.0,732.5
ADJUST2,Adjustment by Peter on Jun 25 2010 ,0.004966887417218543,1.8129139072847682,243.68333333333337,2.0,0.0,0.0,731.0500000000001
22230,JIGSAW TREE WITH WATERING CAN,2.26158940397351,825.4801324503312,0.6944444444444444,771.0,104.0,120.0,731.02
21398,RED POLKADOT COFFEE  MUG,2.551324503311258,931.2334437086092,0.7771698113207548,774.0,113.0,131.0,730.9499999999999
71279,PINK GLASS CANDLEHOLDER,0.4155629139072848,151.68046357615896,2.9424528301886794,161.0,16.0,19.0,730.8500000000001
47503F,ASS FLORAL PRINT TORCH,4.25,1551.25,1.5227272727272727,714.0,3288.0,3318.0,729.9499999999999
21554,CERAMIC BIRDHOUSE RED ROOF LARGE,0.26986754966887416,98.50165562913907,5.821052631578948,92.0,118.0,120.0,729.85
21285,RETROSPOT CANDLE  MEDIUM,1.2019867549668874,438.7251655629139,1.5353999999999999,378.0,58.0,66.0,729.62
21880,RED RETROSPOT TAPE,2.562913907284768,935.4635761589404,0.5596428571428571,914.0,64.0,82.0,727.44
21320,GLASS CHALICE GREEN  LARGE ,0.5927152317880795,216.341059602649,2.2159459459459456,221.0,61.0,65.0,726.6600000000001
85180B,PINK HEARTS LIGHT CHAIN ,0.46192052980132453,168.60099337748346,3.8252941176470587,148.0,56.0,59.0,726.63
22408,MONEY BOX CONFECTIONERY DESIGN,1.0165562913907285,371.0430463576159,1.2269736842105263,389.0,41.0,48.0,726.35
90147,CHUNKY SILVER NECKLACE PASTEL FLOWE,0.12086092715231789,44.11423841059603,9.95,47.0,5.0,6.0,726.3499999999999
22785,SQUARECUSHION COVER PINK UNION FLAG,0.17880794701986755,65.26490066225165,6.7318181818181815,70.0,7.0,8.0,725.8
85230F,JASMINE VOTIVE CANDLE,4.874172185430464,1779.0728476821191,0.2768852459016394,1792.0,554.0,588.0,725.1199999999999
85187,S/12 MINI RABBIT EASTER,0.7466887417218543,272.5413907284768,1.6456043956043955,288.0,32.0,37.0,724.9499999999999
22493, PAINT YOUR OWN CANVAS SET,0.7947019867549668,290.0662251655629,1.5794117647058823,303.0,105.0,111.0,724.8
23335,EGG FRYING PAN IVORY ,0.5927152317880795,216.341059602649,2.074390243902439,228.0,33.0,37.0,722.5600000000001
85121C,RETRO LAUNDRY TUB PISTACHIO,0.14072847682119205,51.365894039735096,8.5,55.0,5.0,6.0,722.5
84821,DANISH ROSE DELUXE COASTER,2.162251655629139,789.2218543046357,0.7079411764705883,747.0,89.0,104.0,722.5
21185, HOME SWEET HOME  BLACKBOARD,0.19370860927152317,70.70364238410596,6.323939393939394,75.0,17.0,18.0,722.3100000000001
84596L,BISCUITS SMALL BOWL LIGHT BLUE,2.089403973509934,762.6324503311258,0.783923076923077,697.0,65.0,80.0,720.9399999999999
20941,FROG CANDLE,1.5364238410596027,560.794701986755,1.185142857142857,486.0,117.0,128.0,719.62
16011,ANIMAL STICKERS,5.673841059602649,2070.951986754967,0.2095,2223.0,145.0,185.0,718.47
84600,NEW BAROQUE JEWELLERY BOX ,0.15562913907284767,56.8046357615894,7.8730769230769235,60.0,12.0,13.0,717.3000000000001
21376,LARGE  TALL CAMPHOR WOOD TOADSTOOL ,0.28311258278145696,103.33609271523179,4.95,102.0,35.0,37.0,717.15
37423,WHITE WITH BLACK CATS PLATE,10.084437086092715,3680.819536423841,0.7532,1563.0,3559.0,3630.0,716.23
84631,FRUIT TREE AND BIRDS WALL PLAQUE,0.41887417218543044,152.88907284768212,6.7,107.0,128.0,131.0,715.35
22492,MINI PAINT SET VINTAGE  BOY+ GIRL,1.966887417218543,717.9139072847682,0.6441176470588236,747.0,571.0,585.0,714.5999999999999
84638,SMALL KITCHEN FLOWER POTS PLAQUE,0.5894039735099338,215.13245033112582,5.353225806451613,142.0,126.0,130.0,714.2
20850,ZINC HEART LATTICE PLANTER BOWL,1.3576158940397351,495.52980132450335,2.8434782608695657,295.0,629.0,639.0,713.8000000000001
84963A,PINK PAINTED KASHMIRI CHAIR,0.03642384105960265,13.294701986754966,40.712500000000006,13.0,11.0,11.0,713.4000000000001
35965,FOLKART HEART NAPKIN RINGS,0.6208609271523179,226.61423841059602,2.402439024390244,217.0,24.0,28.0,713.3700000000001
16015,MEDIUM CHINESE STYLE SCISSOR,2.6026490066225167,949.9668874172186,0.4870769230769231,988.0,174.0,192.0,711.38
90200E,GREEN SWEETHEART BRACELET,0.2814569536423841,102.73178807947019,4.240566037735849,110.0,16.0,18.0,710.5
21208,PASTEL COLOUR HONEYCOMB FAN,1.6241721854304636,592.8228476821192,0.892077922077922,576.0,64.0,75.0,709.89
23006,TRAVEL CARD WALLET FLOWER MEADOW,2.802980132450331,1023.0877483443708,0.4195384615384615,1104.0,54.0,74.0,709.62
21129,SILVER FISHING GNOME ,0.173841059602649,63.45198675496689,7.463095238095238,65.0,9.0,10.0,709.3000000000001
20769,DAISY JOURNAL ,0.6672185430463576,243.53476821192055,2.4574193548387093,223.0,67.0,72.0,708.47
22685,FRENCH BLUE METAL DOOR SIGN 0,0.9387417218543046,342.64072847682115,1.249189189189189,370.0,28.0,35.0,708.15
85130C,BEADED CRYSTAL HEART BLUE  LARGE,1.076158940397351,392.79801324503313,1.1367741935483873,416.0,47.0,55.0,707.86
21344,MOROCCAN BEATEN METAL DISH,0.271523178807947,99.10596026490066,7.908333333333332,79.0,46.0,48.0,707.8000000000001
85136A,YELLOW SHARK HELICOPTER,0.14735099337748345,53.783112582781456,7.95,58.0,3.0,4.0,707.55
23123,COCKTAIL SWORDS 50 PIECES,1.4884105960264902,543.2698675496689,0.8235294117647058,574.0,108.0,118.0,705.2500000000001
20936,FORKED CACTUS CANDLE,0.5115894039735099,186.73013245033113,2.8769090909090913,180.0,34.0,38.0,704.33
23564,EGG CUP MILKMAID INGRID,0.9718543046357616,354.72682119205297,1.2449999999999999,377.0,96.0,103.0,703.51
21417,COCKLE SHELL DISH,0.7019867549668874,256.2251655629139,1.915,259.0,51.0,56.0,702.88
10134,COLOURING PENCILS BROWN TUBE,1.0132450331125828,369.83443708609275,1.2424,386.0,142.0,149.0,702.3
85208,SET/12 FUNKY FELT FLOWER PEG IN BAG,0.5844370860927153,213.31953642384107,2.0930508474576275,226.0,56.0,60.0,701.94
84849A,HELLO SAILOR BLUE SOAP HOLDER,0.7119205298013245,259.8509933774834,1.6830434782608694,278.0,52.0,57.0,700.78
21374,MIRRORED WALL ART SKULLS,0.7516556291390728,274.3543046357616,2.192622950819672,250.0,43.0,48.0,700.0
22676,"FRENCH BLUE METAL DOOR SIGN, 1",0.9271523178807947,338.41059602649005,1.25,368.0,36.0,42.0,700.0
20892,SET/3 TALL GLASS CANDLE HOLDER PINK,0.1423841059602649,51.97019867549669,10.593478260869565,50.0,13.0,14.0,699.7
22486,PLASMATRONIC LAMP,0.14072847682119205,51.365894039735096,10.739600000000001,49.0,14.0,15.0,698.89
21719,LOVELY BONBON STICKER SHEET,1.3642384105960266,497.9470198675497,0.8486170212765957,542.0,36.0,46.0,698.8399999999999
20776,ABSTRACT CIRCLES NOTEBOOK,5.276490066225166,1925.9188741721855,1.622222222222222,770.0,1804.0,1841.0,698.55
37461,FUNKY MONKEY MUG,1.1754966887417218,429.05629139072846,1.2141791044776118,420.0,102.0,110.0,697.9
21654,RIDGED GLASS FINGER BOWL,1.869205298013245,682.2599337748344,0.8411111111111111,637.0,101.0,114.0,696.2099999999999
23187,FRENCH STYLE STORAGE JAR BONBONS,3.870860927152318,1412.864238410596,0.3154666666666667,1496.0,111.0,138.0,695.06
21427,SKULLS STORAGE BOX SMALL,0.7301324503311258,266.49834437086093,2.05472972972973,255.0,68.0,73.0,694.5
22104,MIRROR MOSAIC CANDLE PLATE,1.6986754966887416,620.0165562913907,1.3195121951219513,485.0,332.0,344.0,694.26
21393,BLUE  SPOTTY PUDDING BOWL,4.423841059602649,1614.701986754967,2.017916666666667,633.0,2217.0,2248.0,694.08
72755D,FLOWER FAIRY OIL BURNER SET SUMMER,0.8824503311258278,322.09437086092714,1.9423076923076923,288.0,245.0,251.0,693.25
85093,CANDY SPOT EGG WARMER HARE,1.728476821192053,630.8940397350993,0.887,596.0,74.0,86.0,692.74
85214,TUB 24 PINK FLOWER PEGS,0.6937086092715232,253.203642384106,1.65,277.0,15.0,20.0,691.35
21133,PAINTED BIRD ASSORTED CHRISTMAS,0.6771523178807947,247.16059602649005,1.6899999999999997,270.0,34.0,39.0,691.21
21942,SKULLS DESIGN FLANNEL,2.1887417218543046,798.8907284768212,0.81140625,702.0,335.0,350.0,691.2
23183,MOTHER'S KITCHEN SPOON REST ,0.2947019867549669,107.56622516556291,4.056610169491526,115.0,9.0,11.0,690.71
23222,CHRISTMAS TREE HANGING GOLD,1.2847682119205297,468.94039735099335,0.9616666666666667,494.0,79.0,88.0,690.64
84707A,SILVER JEWELLED MIRROR TRINKET TRAY,0.15066225165562913,54.991721854304636,9.70075,53.0,10.0,11.0,689.49
79342B,BROWN FLOWER LIGHTS,0.1804635761589404,65.86920529801324,6.695833333333333,70.0,31.0,32.0,688.95
72131,COLUMBIAN CANDLE RECTANGLE,1.2350993377483444,450.8112582781457,1.6482456140350878,370.0,107.0,116.0,688.38
21723,ALPHABET HEARTS STICKER SHEET,1.336092715231788,487.67384105960264,0.8499999999999999,536.0,43.0,52.0,685.9499999999999
82607A,GLASS BONBON JAR PARFUME AUX FLEURE,0.9403973509933775,343.2450331125828,1.2435227272727274,372.0,34.0,41.0,684.73
84715,SET OF 6 ICE CREAM SKITTLES,0.3841059602649007,140.19867549668874,2.95,154.0,14.0,17.0,684.4000000000001
23114,VINTAGE LEAF CHOPPING BOARD  ,0.23841059602649006,87.01986754966887,4.930487804878049,94.0,25.0,27.0,684.0
23115,RED APPLES CHOPPING BOARD   ,0.23841059602649006,87.01986754966887,4.928947368421053,94.0,26.0,28.0,684.0
85127,SMALL SQUARE CUT GLASS CANDLESTICK,0.22847682119205298,83.39403973509934,4.95,92.0,15.0,17.0,683.1
79030G,"TUMBLER, NEW ENGLAND",0.7814569536423841,285.2317880794702,1.5530769230769228,303.0,25.0,30.0,683.04
22847,"BREAD BIN, DINER STYLE, IVORY",0.07450331125827815,27.193708609271525,15.55,30.0,14.0,15.0,682.7499999999999
17165D,ASS COL LARGE SAND FROG P'WEIGHT,1.185430463576159,432.682119205298,1.0346236559139785,457.0,63.0,71.0,682.32
21443,OLIVE CHALET BIRDFEEDER,0.4155629139072848,151.68046357615896,3.6875,143.0,201.0,204.0,681.25
20803,SMALL PINK GLASS SUNDAE DISH,1.8062913907284768,659.2963576158941,1.0755737704918034,554.0,107.0,120.0,680.91
21674,RIDGED GLASS PENDANT LAMPSHADE,0.07119205298013245,25.985099337748345,16.505555555555553,28.0,19.0,19.0,680.8499999999999
84971L,LARGE HEART FLOWERS HOOK   ,0.9403973509933775,343.2450331125828,1.2413636363636362,372.0,92.0,99.0,680.36
85023B,EAU DE NILE JEWELLED PHOTOFRAME,0.48344370860927155,176.45695364238412,2.5256756756756755,187.0,70.0,73.0,679.8000000000001
21480,PINK STRIPE HOT WATER BOTTLE,0.4056291390728477,148.05463576158942,2.9192307692307695,159.0,40.0,43.0,679.5500000000001
23562,SET OF 6 RIBBONS PERFECTLY PRETTY  ,0.402317880794702,146.84602649006624,2.8791891891891894,160.0,42.0,45.0,678.27
84925D,LA PALMIERA WALL THERMOMETER,0.7483443708609272,273.1456953642384,2.321153846153846,243.0,241.0,246.0,677.4499999999999
21255,"FRENCH BOTTLE , LAVENDER",0.6986754966887417,255.01655629139074,1.6427272727272726,279.0,42.0,47.0,677.1
72800A,S/4 BLACK DINNER CANDLE SILVER FLOC,1.0943708609271523,399.4453642384106,2.226176470588235,300.0,260.0,268.0,676.71
21850,BLUE  DIAMANTE PEN IN GIFT BOX,0.5314569536423841,193.9817880794702,4.245348837209303,151.0,61.0,65.0,675.75
84842,HELLO SAILOR BATHROOM SET,2.475165562913907,903.435430463576,3.456153846153846,362.0,851.0,868.0,675.05
21222,SET/4 BADGES BEETLES,0.8774834437086093,320.2814569536424,1.3496470588235294,344.0,20.0,26.0,672.18
21391,FRENCH EMROIDR LAVENDER SCENT HEART,0.5298013245033113,193.37748344370863,2.1,215.0,21.0,25.0,672.0
21286,RETRO SPOT CANDLE  LARGE,0.4503311258278146,164.37086092715234,2.52,181.0,31.0,34.0,672.0
84689,S/2 BEACH HUT TREASURE CHESTS,0.5049668874172185,184.31291390728475,4.3161764705882355,146.0,74.0,78.0,671.65
35951,FOLKART BAUBLE CHRISTMAS DECORATION,2.216887417218543,809.1639072847682,0.7497499999999999,735.0,96.0,112.0,671.51
22965,3 TRADITIONAL COOKIE CUTTERS  SET,0.5860927152317881,213.92384105960264,2.05,228.0,250.0,254.0,671.4000000000001
72799C,PINK PILLAR CANDLE SILVER FLOCK,0.7483443708609272,273.1456953642384,2.39974358974359,239.0,166.0,171.0,670.28
21265,PINK GOOSE FEATHER TREE 60CM,0.5215231788079471,190.3559602649007,3.0928571428571425,175.0,62.0,66.0,670.25
23223,CHRISTMAS TREE HANGING SILVER ,1.2334437086092715,450.2069536423841,0.9460294117647059,488.0,41.0,50.0,670.11
85071C,"CHARLIE+LOLA""EXTREMELY BUSY"" SIGN",1.9817880794701987,723.3526490066225,1.1292929292929292,566.0,144.0,158.0,669.8199999999999
23025,DRAWER KNOB VINTAGE GLASS BALL,0.5248344370860927,191.56456953642382,2.1245652173913046,212.0,14.0,18.0,669.61
85213,MINI  ZINC GARDEN DECORATIONS ,2.1026490066225167,767.4668874172186,0.6857142857142857,748.0,298.0,313.0,669.5799999999999
22036,DINOSAUR BIRTHDAY CARD,2.6788079470198674,977.7649006622515,0.41727272727272724,1082.0,42.0,61.0,668.76
84615,PINK ROUND BUTTERFLY MIRROR ,0.3890728476821192,142.01158940397352,3.861666666666667,136.0,64.0,67.0,667.8299999999999
72753A,S/3 FLWR FAIRY LILLY CANDLES,0.5165562913907285,188.54304635761588,2.6318181818181823,189.0,207.0,211.0,666.9000000000001
84029C,BROWN FURRY HOT WATER BOTTLE,0.3162251655629139,115.42218543046357,3.7078947368421056,125.0,32.0,34.0,665.05
23568,EGG CUP HENRIETTA HEN CREAM ,0.9602649006622517,350.49668874172187,1.2349999999999999,377.0,155.0,162.0,664.52
21457,2 PICTURE BOOK EGGS EASTER DUCKS,1.0976821192052981,400.6539735099338,1.2385416666666667,402.0,186.0,194.0,663.75
21478,SILVER SKULL HOT WATER BOTTLE ,0.29635761589403975,108.1705298013245,3.745324675324675,120.0,15.0,17.0,662.61
23024,LARGE BONNE JAM JAR  T-LIGHT HOLDER,0.4205298013245033,153.4933774834437,2.73,168.0,92.0,95.0,662.0600000000001
23597,PAPER BUNTING PAISLEY PARK,0.40728476821192056,148.658940397351,2.9071428571428575,160.0,74.0,77.0,661.7
85231E,STRAWBERRY SCENTED SET/9 T-LIGHTS,1.349337748344371,492.5082781456954,0.8458510638297871,540.0,66.0,75.0,661.55
23547,WRAP FLOWER SHOP  ,2.607615894039735,951.7798013245033,0.42,1064.0,14.0,32.0,661.5
17109C,FLOWER FAIRY INCENSE ROSE,5.172185430463577,1887.8476821192055,1.238,873.0,2813.0,2849.0,661.23
72750B,FLOWER FAIRY SET 3 CANDLES LAVENDER,0.5,182.5,3.1913793103448276,169.0,65.0,68.0,660.9
84620,BLUE GINGHAM ROSE CUSHION COVER,0.1837748344370861,67.07781456953643,5.95,75.0,6.0,7.0,660.45
72800B,S/4 PURPLE DINNER CANDLE BLK FLOCK,1.0529801324503312,384.3377483443709,2.266428571428571,291.0,286.0,293.0,660.12
35095B,RED VICTORIAN FABRIC OVAL BOX,3.019867549668874,1102.2516556291391,0.41434782608695647,1153.0,230.0,251.0,659.87
21764,VINTAGE WOODEN PLATE RACK,0.028145695364238412,10.273178807947021,39.49545454545455,11.0,4.0,4.0,659.1500000000001
23140,TRIPLE WIRE HOOK IVORY HEART,0.26490066225165565,96.68874172185431,4.256857142857143,107.0,22.0,24.0,658.54
23042,PAPER LANTERN 7 POINT SNOW STAR,0.16390728476821192,59.826158940397356,6.65,67.0,18.0,19.0,658.35
21220,SET/4 BADGES DOGS,0.8543046357615894,311.82119205298017,1.3228915662650602,343.0,20.0,26.0,658.31
20783,HEART EAR MUFF HEADPHONES,0.2152317880794702,78.55960264900662,5.440588235294118,85.0,33.0,35.0,658.26
84976,RECTANGULAR SHAPED MIRROR,1.0794701986754967,394.00662251655626,1.208095238095238,404.0,108.0,116.0,656.9
84686,BEACH HUT MIRROR,0.5695364238410596,207.88079470198676,3.4072972972972972,175.0,81.0,85.0,654.54
21308,LOUVRE VANITY MIRROR,0.21357615894039736,77.95529801324504,6.966666666666666,75.0,314.0,315.0,653.85
84595E,LARGE TORTILLA DESIGN RED BOWL,0.5794701986754967,211.5066225165563,2.738888888888889,196.0,92.0,96.0,653.0999999999999
20862,PINK PATCH PENCIL CASE BLUE HEART,0.5231788079470199,190.96026490066225,2.0853571428571427,214.0,94.0,98.0,652.5300000000001
35647,VINTAGE BEAD PINK SHADE ,0.8692052980132451,317.25993377483445,1.2329545454545454,359.0,95.0,101.0,652.5
23482,PEARLISED IVORY HEART LARGE ,0.6870860927152318,250.78642384105962,1.6388888888888888,277.0,104.0,109.0,651.15
20894,HANGING BAUBLE T-LIGHT HOLDER LARGE,0.3758278145695364,137.1771523178808,2.9368852459016392,153.0,21.0,24.0,650.45
21084,SET/6 COLLAGE PAPER CUPS,4.1158940397351,1502.3013245033114,0.35285714285714287,1459.0,106.0,135.0,650.4000000000001
22248,DECORATION  PINK CHICK MAGIC GARDEN,1.2798013245033113,467.1274834437086,0.8457142857142856,526.0,35.0,44.0,648.73
22383,LUNCHBAG SUKI  DESIGN ,0.6705298013245033,244.7433774834437,1.6437499999999998,273.0,72.0,77.0,648.25
16169K,WRAP FOLK ART,3.3940397350993377,1238.8245033112582,0.3615254237288135,1309.0,270.0,294.0,648.25
47591B,SCOTTIES CHILDRENS APRON,0.7003311258278145,255.6208609271523,1.6432467532467532,279.0,66.0,71.0,647.55
21758,VINTAGE SHELLS PRINT,0.1672185430463576,61.03476821192053,6.438888888888889,69.0,7.0,8.0,647.45
85028S,FRENCH CHATEAU SMALL FRUITBOWL,0.7102649006622517,259.24668874172187,3.1196969696969696,204.0,117.0,122.0,646.65
21350,GINGHAM HEART WREATH,0.3708609271523179,135.36423841059602,2.9406976744186046,152.0,27.0,30.0,644.8000000000001
23408,PHOTO FRAME LINEN AND LACE SMALL,0.5132450331125827,187.3344370860927,2.08,212.0,11.0,15.0,644.8000000000001
23524,WALL ART HORSE & PONY ,0.34602649006622516,126.29966887417218,3.6908823529411765,131.0,89.0,91.0,644.6700000000001
22033,BOTANICAL ROSE GREETING CARD,2.5695364238410594,937.8807947019867,0.41775700934579435,1059.0,34.0,52.0,644.64
23120,PACK OF 6 SMALL FRUIT STRAWS,2.6771523178807946,977.16059602649,0.41857142857142854,1080.0,191.0,210.0,644.58
22229,BUNNY WOODEN PAINTED WITH FLOWER ,1.423841059602649,519.7019867549668,0.752542372881356,588.0,28.0,38.0,644.52
22785,CUSHION COVER PINK UNION FLAG,0.1672185430463576,61.03476821192053,6.713636363636363,67.0,43.0,44.0,643.35
23325,RUSTIC STRAWBERRY JAM POT SMALL,0.6754966887417219,246.5562913907285,1.6203703703703705,276.0,60.0,65.0,642.0
16169M,WRAP DAISY CARPET ,3.410596026490066,1244.867549668874,0.35483333333333333,1324.0,268.0,292.0,640.95
21319,GLASS CHALICE GREEN  SMALL ,0.7847682119205298,286.4403973509934,1.5241666666666667,307.0,59.0,64.0,640.26
22638,SET OF 4 NAPKIN CHARMS CROWNS ,0.5910596026490066,215.73675496688742,2.3466101694915253,214.0,45.0,49.0,640.12
85163B,BLACK BAROQUE WALL CLOCK ,0.11258278145695365,41.092715231788084,12.177027027027027,41.0,11.0,12.0,639.6
84766,SILVER ROCOCO CANDLE STICK,0.33112582781456956,120.86092715231788,4.57962962962963,115.0,32.0,34.0,638.0
20998,ROSE DU SUD OVEN GLOVE,0.35927152317880795,131.1341059602649,2.9431034482758625,149.0,12.0,15.0,637.35
22034,ROBIN CHRISTMAS CARD,2.5380794701986753,926.3990066225165,0.4192771084337349,1051.0,72.0,90.0,635.22
23298,"BUNTING , SPOTTY ",0.24172185430463577,88.22847682119206,4.721428571428572,97.0,103.0,105.0,634.7
85019C,CURIOUS  IMAGES NOTEBOOK SET,0.6970198675496688,254.41225165562912,2.9456521739130435,208.0,136.0,141.0,634.25
85031A,ROMANTIC IMAGES SCRAP BOOK SET,0.6390728476821192,233.26158940397352,3.7815789473684216,176.0,90.0,94.0,634.2
17164B,ASS COL SMALL SAND GECKO P'WEIGHT,2.622516556291391,957.2185430463577,0.41740740740740745,1071.0,172.0,190.0,633.24
84869,CANDY BUTTON PHOTO ALBUM,0.48841059602649006,178.26986754966887,3.6642857142857146,156.0,95.0,98.0,631.25
40018E,TEA TIME PAPER LANTERNS,0.5529801324503312,201.83774834437088,1.9445833333333333,228.0,52.0,56.0,630.5
84964A,PINK PAINTED KASHMIRI TABLE,0.018211920529801324,6.647350993377483,45.0,9.0,28.0,28.0,630.0
22640,SET OF 4 NAPKIN CHARMS 3 KEYS ,0.49337748344370863,180.08278145695365,2.450285714285714,192.0,24.0,27.0,629.82
23551,PACK OF 12 PAISLEY PARK TISSUES ,2.672185430463576,975.3476821192053,0.38999999999999996,1118.0,47.0,66.0,629.4599999999999
84709B,PINK OVAL JEWELLED MIRROR,0.1837748344370861,67.07781456953643,5.919047619047619,75.0,16.0,17.0,629.25
23019,SMALL APOTHECARY MEASURING JAR ,0.13410596026490065,48.948675496688736,8.078571428571427,55.0,14.0,15.0,629.05
84033,FLAG OF ST GEORGE ,0.6307947019867549,230.24006622516555,1.65,264.0,35.0,39.0,628.65
22446,PIN CUSHION BABUSHKA PINK,0.36258278145695366,132.34271523178808,3.2862295081967217,142.0,14.0,17.0,627.2900000000001
72023F,RED ORGANIC CANDLE IN GLASS,1.0149006622516556,370.4387417218543,1.22,390.0,172.0,179.0,627.05
16169N,WRAP BLUE RUSSIAN FOLKART,3.3526490066225167,1223.7168874172187,0.3501785714285714,1322.0,278.0,301.0,626.25
71101E,STANDING FAIRY POLE SUPPORT ,1.2864238410596027,469.544701986755,0.8364583333333333,530.0,68.0,77.0,626.13
85218,S/5 MINI ICE CREAM FRIDGE MAGNETS,3.2980132450331126,1203.7748344370862,0.875,829.0,6001.0,6024.0,625.1999999999999
84968F,S/16 VINTAGE SKY BLUE CUTLERY,0.08112582781456953,29.61092715231788,12.75,34.0,6.0,7.0,624.75
22999,TRAVEL CARD WALLET RETRO PETALS,2.4652317880794703,899.8096026490067,0.4193406593406593,1036.0,131.0,148.0,623.94
22510,GINGHAM BABUSHKA DOORSTOP,0.4470198675496689,163.16225165562915,2.8263333333333334,170.0,27.0,30.0,623.86
35954,SMALL FOLKART STAR CHRISTMAS DEC,3.269867549668874,1193.5016556291391,0.3410447761194029,1323.0,125.0,148.0,621.81
85028L,FRENCH CHATEAU LARGE FRUIT BOWL ,0.445364238410596,162.55794701986756,5.042,127.0,125.0,128.0,621.75
85230E,STRAWBRY SCENTED VOTIVE CANDLE,4.008278145695364,1463.021523178808,0.2752307692307692,1630.0,127.0,155.0,621.4499999999999
23224,CHERUB HEART DECORATION GOLD,1.1903973509933774,434.49503311258275,0.9328813559322033,483.0,85.0,93.0,620.45
20898,VINTAGE NOTEBOOK TRAVELOGUE,0.5082781456953642,185.52152317880794,2.862820512820513,180.0,99.0,103.0,620.0500000000001
22056,CERAMIC PLATE LOVE HEART DESIGN,0.9867549668874173,360.1655629139073,1.4308,355.0,248.0,255.0,619.84
84708B,PINK JEWELLED PHOTO FRAME ,0.20860927152317882,76.14238410596028,4.9195652173913045,88.0,11.0,12.0,618.1
22837,HOT WATER BOTTLE BABUSHKA LARGE,0.2251655629139073,82.18543046357617,4.621428571428572,94.0,36.0,38.0,618.0
22677,"FRENCH BLUE METAL DOOR SIGN, 2",0.8162251655629139,297.92218543046357,1.25,345.0,32.0,38.0,616.25
85170C,SET/6 EAU DE NIL BIRD T-LIGHTS,0.7086092715231788,258.6423841059603,1.9860416666666667,255.0,74.0,79.0,615.83
84932C,SMALL ORIENTAL BLUE FOLDING STOOL,0.46688741721854304,170.41390728476821,3.105882352941176,166.0,24.0,27.0,615.4
17107D,"FLOWER FAIRY,5 SUMMER B'DRAW LINERS",0.3990066225165563,145.63741721854305,2.55,169.0,12.0,15.0,614.55
84761,IVORY HANGING BIRD PLANTER ,0.4056291390728477,148.05463576158942,2.5402173913043478,171.0,19.0,22.0,613.9499999999999
20897,VINTAGE NOTEBOOK PARIS DAYS,0.49337748344370863,180.08278145695365,2.8932432432432433,176.0,106.0,109.0,613.9000000000001
21415,CLAM SHELL SMALL ,0.5298013245033113,193.37748344370863,2.0151785714285717,219.0,23.0,27.0,613.69
23216,LAUREL HEART ANTIQUE GOLD,0.8576158940397351,313.02980132450335,1.348048780487805,341.0,99.0,105.0,613.51
22511,RETROSPOT BABUSHKA DOORSTOP,0.47516556291390727,173.43543046357615,2.734776119402985,178.0,25.0,28.0,613.37
16244B,MAXWELL 2 TONE BLUE 60 PAGE PHOTO A,0.5115894039735099,186.73013245033113,2.91875,179.0,374.0,378.0,612.85
84534B,FAIRY CAKE NOTEBOOK A5 SIZE,1.1937086092715232,435.703642384106,0.85,506.0,24.0,32.0,612.8499999999999
35651,VINTAGE BEAD PINK SCARF ,0.5579470198675497,203.65066225165563,2.4789473684210526,203.0,28.0,32.0,612.75
23453,OVAL  MINI PORTRAIT FRAME,0.5215231788079471,190.3559602649007,1.9437499999999999,221.0,20.0,24.0,611.85
90175A,WHITE GLASS CHUNKY CHARM BRACELET,0.11423841059602649,41.69701986754967,8.719642857142857,49.0,11.0,12.0,611.1
22684,FRENCH BLUE METAL DOOR SIGN 9,0.8096026490066225,295.5049668874172,1.249090909090909,344.0,23.0,29.0,610.65
23492,VINTAGE JINGLE BELLS WREATH,0.12251655629139073,44.71854304635762,8.25,52.0,11.0,12.0,610.5
47594B,SCOTTIES DESIGN WASHBAG,0.5182119205298014,189.1473509933775,1.95,220.0,16.0,20.0,610.3499999999999
23070,EDWARDIAN HEART PHOTO FRAME,0.2433774834437086,88.83278145695364,4.15,103.0,10.0,12.0,610.0500000000001
90209C,PINK ENAMEL+GLASS HAIR COMB,0.5463576158940397,199.4205298013245,2.0416666666666665,221.0,120.0,124.0,609.0
16156N,"WRAP, FRIENDSHIP ON GREEN",2.4006622516556293,876.2417218543047,0.42,1021.0,25.0,42.0,609.0
84601A,NEW BAROQUE IVORY CUSHION COVER ,0.4205298013245033,153.4933774834437,2.7750000000000004,166.0,185.0,188.0,607.7
22678,"FRENCH BLUE METAL DOOR SIGN, 3",0.804635761589404,293.6920529801325,1.25,343.0,32.0,38.0,607.5
20763,DAISY SKETCHBOOK ,0.4056291390728477,148.05463576158942,3.5450847457627117,145.0,34.0,37.0,606.86
35915B,BLUE KNITTED HEN ,0.7185430463576159,262.2682119205298,1.6381249999999998,283.0,219.0,224.0,606.66
23435,3 RAFFIA RIBBONS VINTAGE CHRISTMAS,1.119205298013245,408.5099337748344,0.9072727272727273,474.0,126.0,134.0,606.28
85044,RED REINDEER STRING OF 20 LIGHTS,0.21688741721854304,79.16390728476821,4.86923076923077,90.0,27.0,29.0,605.75
35095A,BLUE VICTORIAN FABRIC OVAL BOX,2.756622516556291,1006.1672185430463,0.415,1101.0,245.0,264.0,605.57
85135A,YELLOW DRAGONFLY HELICOPTER,0.12582781456953643,45.9271523178808,7.95,54.0,7.0,8.0,604.2
72814,SET OF 3 CHRISTMAS BRIAR CANDLES,0.28311258278145696,103.33609271523179,3.722413793103448,118.0,39.0,41.0,602.85
84932A,SMALL GREEN PEONY FOLDING STOOL,0.4337748344370861,158.32781456953643,3.860416666666667,143.0,70.0,73.0,602.6
21366,MIRRORED WALL ART PHOTO FRAMES,0.2533112582781457,92.45860927152319,4.231481481481482,105.0,79.0,81.0,602.25
22981,PANTRY APPLE CORER,0.7201986754966887,262.8725165562914,1.4473333333333334,301.0,73.0,78.0,601.9499999999999
84986B,SET OF 36 SILVER PAPER DOILIES,0.6870860927152318,250.78642384105962,1.45,294.0,28.0,33.0,601.75
84952C,MIRROR LOVE BIRD T-LIGHT HOLDER,0.5678807947019867,207.27649006622514,3.134,182.0,101.0,105.0,601.65
21197,MULTICOLOUR  CONFETTI IN TUBE,0.6821192052980133,248.97350993377486,1.5990624999999998,279.0,55.0,60.0,601.56
21378,SMALL TALL CAMPHOR WOOD TOADSTOOL,0.8642384105960265,315.44701986754967,1.5064912280701752,324.0,83.0,89.0,601.5
85017A,ENVELOPE 50 ROMANTIC IMAGES,1.5298013245033113,558.3774834437086,0.8340740740740741,579.0,186.0,197.0,599.64
21284,RETRO SPOT CANDLE  SMALL,0.6043046357615894,220.57119205298014,1.6694285714285715,257.0,37.0,41.0,599.57
90200B,BLACK SWEETHEART BRACELET,0.23344370860927152,85.20695364238411,4.25,100.0,9.0,11.0,599.25
21775,DECORATIVE FLORE BATHROOM BOTTLE,0.8460264900662252,308.7996688741722,1.239625,353.0,30.0,36.0,598.91
85031B,BLOSSOM IMAGES SCRAP BOOK SET,0.6754966887417219,246.5562913907285,3.3846153846153846,191.0,109.0,114.0,598.8
21253,SET OF PICTURE FRAME  STICKERS,0.37251655629139074,135.9685430463576,2.866470588235294,154.0,27.0,30.0,598.59
23282,FOLDING BUTTERFLY MIRROR IVORY ,1.216887417218543,444.16390728476824,0.8747058823529411,504.0,47.0,56.0,597.7800000000001
23027,DRAWER KNOB VINTAGE GLASS HEXAGON,0.47516556291390727,173.43543046357615,2.08,204.0,48.0,51.0,596.96
21386,IVORY HANGING DECORATION  EGG,1.8162251655629138,662.9221854304635,0.620919540229885,731.0,48.0,61.0,596.6899999999999
21247,SET OF RED SALAD SERVERS ,0.6622516556291391,241.72185430463577,1.49,285.0,23.0,28.0,596.0
23471,SIX DRAWER OFFICE TIDY,0.10596026490066225,38.675496688741724,9.753846153846153,45.0,10.0,11.0,596.0
84578,ELEPHANT TOY WITH BLUE T-SHIRT,0.26490066225165565,96.68874172185431,3.7365000000000004,114.0,5.0,7.0,595.68
23124,18PC WOODEN CUTLERY SET DISPOSABLE,0.8327814569536424,303.96523178807945,1.24125,350.0,146.0,152.0,595.15
20831,GOLD PHOTO FRAME,0.652317880794702,238.09602649006624,1.943269230769231,248.0,63.0,68.0,594.84
84507C,BLUE CIRCLES DESIGN MONKEY DOLL,0.7036423841059603,256.8294701986755,2.415079365079365,231.0,70.0,75.0,594.15
21558,SKULL LUNCHBOX WITH CUTLERY ,0.4139072847682119,151.07615894039736,2.539285714285714,172.0,66.0,69.0,592.5
72772,SET/4 SCENTED CANDLES IN RAMEKINS,0.7516556291390728,274.3543046357616,1.875,270.0,404.0,409.0,592.5
84963B,BLUE PAINTED KASHMIRI CHAIR,0.029801324503311258,10.87748344370861,42.958333333333336,11.0,12.0,12.0,591.5
17012B,ORIGAMI JASMINE INCENSE/CANDLE SET,1.021523178807947,372.85596026490066,1.3385416666666667,373.0,88.0,95.0,590.8499999999999
85017C,ENVELOPE 50 CURIOUS IMAGES,1.5413907284768211,562.6076158940397,0.7906896551724137,596.0,179.0,190.0,590.11
84663A,GRASS HOPPER WOODEN WALL CLOCK ,0.5711920529801324,208.48509933774832,3.290512820512821,178.0,74.0,78.0,589.79
20735,BLACK MINI TAPE MEASURE ,1.3642384105960266,497.9470198675497,0.8123809523809524,554.0,148.0,158.0,588.0
21816,CHRISTMAS TREE T-LIGHT HOLDER,0.6705298013245033,244.7433774834437,1.45,291.0,29.0,34.0,587.25
23018,LARGE APOTHECARY MEASURING JAR ,0.08278145695364239,30.21523178807947,12.2975,35.0,14.0,15.0,587.2
17012A,ORIGAMI VANILLA INCENSE/CANDLE SET ,1.0662251655629138,389.1721854304635,1.3257142857142856,383.0,154.0,161.0,586.6
20714,POSY SHOPPER BAG,2.5049668874172184,914.3129139072847,0.5975,875.0,588.0,606.0,586.25
22289,"DECORATION , HANGING METAL CHICKEN",0.9950331125827815,363.1870860927152,1.2322580645161292,384.0,233.0,240.0,586.25
23520,EMBROIDERED RIBBON REEL RUBY ,0.2731788079470199,99.71026490066225,3.734666666666667,116.0,56.0,58.0,585.63
17109D,FLOWER FAIRY INCENSE BOUQUET,2.0745033112582782,757.1937086092715,1.3005405405405406,540.0,338.0,353.0,584.87
21076,SET/20 COLLAGE PAPER NAPKIN ,1.2566225165562914,458.6672185430464,0.8443999999999999,521.0,106.0,115.0,584.67
21750,LARGE SKULL WINDMILL,0.47019867549668876,171.6225165562914,2.0948979591836734,202.0,33.0,36.0,584.4000000000001
84684,BEACH HUT PHOTO FRAME,0.9503311258278145,346.8708609271523,1.9023809523809523,302.0,156.0,163.0,583.1
22043,CHRISTMAS CARD SCREEN PRINT ,3.4966887417218544,1276.291390728477,0.3006451612903226,1457.0,72.0,96.0,583.08
21263,GREEN GOOSE FEATHER TREE 60CM,0.4735099337748344,172.83112582781456,2.3055555555555554,194.0,48.0,51.0,581.7
35811A,ENAMEL PINK SUGAR CONTAINER,0.6473509933774835,236.28311258278146,1.887659574468085,250.0,43.0,48.0,581.58
84934,ASSTD DESIGN POP ART SLIM PEN,1.1324503311258278,413.34437086092714,0.85,493.0,261.0,269.0,581.4
22680,"FRENCH BLUE METAL DOOR SIGN, 5",0.7698675496688742,281.00165562913907,1.25,335.0,33.0,38.0,581.25
21440,12 MINI TOADSTOOL PEGS,0.7698675496688742,281.00165562913907,1.25,335.0,25.0,30.0,581.25
20854,BLUE PATCH PURSE PINK HEART,0.6009933774834437,219.36258278145695,1.6476190476190478,258.0,43.0,47.0,581.15
22538,MINI JIGSAW GO TO THE FAIR,2.3327814569536423,851.4652317880794,0.41629032258064513,1011.0,130.0,146.0,580.74
21134,VICTORIAN METAL POSTCARD CHRISTMAS,0.5811258278145696,212.11092715231788,1.65,254.0,40.0,44.0,579.15
21221,SET/4 BADGES CUTE CREATURES,0.7516556291390728,274.3543046357616,1.2698360655737704,329.0,22.0,27.0,578.39
22042,CHRISTMAS CARD SINGING ANGEL,2.6903973509933774,981.9950331125827,0.38680412371134015,1127.0,46.0,65.0,577.62
82616A,BUBBLE GUM SCARF KNITTING KIT,0.5066225165562914,184.91721854304637,2.7282608695652173,184.0,48.0,52.0,576.3000000000001
22641,SET OF 4 NAPKIN CHARMS INSTRUMENT,0.42218543046357615,154.0976821192053,2.473333333333333,176.0,31.0,34.0,576.17
84858C,PINK RIVIERA HANDBAG,0.5695364238410596,207.88079470198676,4.905555555555556,146.0,135.0,139.0,575.7
85144,JARDIN ETCHED GLASS CHEESE DISH,0.36258278145695366,132.34271523178808,3.889024390243902,130.0,45.0,48.0,575.45
22685,"FRENCH BLUE METAL DOOR SIGN, 0",0.7615894039735099,277.98013245033115,1.25,333.0,32.0,37.0,575.0
84762B,PINK PICNIC BARBECUE BUCKET,0.1357615894039735,49.55298013245033,9.15,52.0,18.0,19.0,574.3000000000001
22100,SKULLS SQUARE TISSUE BOX,1.5612582781456954,569.8592715231788,0.9668292682926829,543.0,100.0,111.0,574.17
20839,FRENCH PAISLEY CUSHION COVER ,0.8394039735099338,306.3824503311258,1.3456666666666666,337.0,18.0,24.0,574.09
22679,"FRENCH BLUE METAL DOOR SIGN, 4",0.7599337748344371,277.37582781456956,1.25,333.0,33.0,38.0,573.75
21709,FOLDING UMBRELLA CHOCOLATE POLKADOT,0.19205298013245034,70.09933774834437,5.0605128205128205,83.0,10.0,11.0,573.61
21416,CLAM SHELL LARGE,1.2350993377483444,450.8112582781457,3.578333333333333,251.0,739.0,748.0,572.7
21307,SET/4 BUTTERFLY MIRROR MAGNETS,1.2019867549668874,438.7251655629139,1.7077777777777778,358.0,150.0,158.0,572.3
37351,ORANGE FLOWER MUG ,8.932119205298013,3260.223509933775,0.9628571428571429,1301.0,8842.0,8905.0,571.7099999999999
20658,RED RETROSPOT LUGGAGE TAG,0.7566225165562914,276.1672185430464,1.25,332.0,25.0,30.0,571.25
21392,RED POLKADOT PUDDING BOWL,6.139072847682119,2240.761589403973,1.592857142857143,839.0,4251.0,4294.0,571.17
75013B,"STRING OF 8 BUTTERFLIES,PINK",0.5960264900662252,217.5496688741722,1.650806451612903,257.0,52.0,56.0,571.05
21710,FOLDING UMBRELLA PINKWHITE POLKADOT,0.19205298013245034,70.09933774834437,5.032045454545455,83.0,9.0,10.0,570.8100000000001
85078,SCANDINAVIAN 3 HEARTS NAPKIN RING,3.384105960264901,1235.1986754966888,0.38465116279069766,1267.0,127.0,151.0,570.2
85188B,PINK METAL SWINGING BUNNY,1.1076158940397351,404.27980132450335,0.85,488.0,43.0,51.0,568.65
16169C,WRAP BLUE REINDEER,2.2350993377483444,815.8112582781457,0.42,985.0,79.0,95.0,567.0
22699,TEACUP AND SAUCER REGENCY ROSES,0.347682119205298,126.90397350993378,2.835714285714286,150.0,77.0,79.0,566.7
20619,TROPICAL PASSPORT COVER ,0.6175496688741722,225.40562913907286,2.149264705882353,229.0,58.0,62.0,566.33
85113,POLKA DOT PISTACHIO PAIL,0.46192052980132453,168.60099337748346,2.0906818181818183,201.0,32.0,35.0,566.22
20849,ZINC HEART LATTICE DOUBLE PLANTER,1.109271523178808,404.8841059602649,3.5100000000000002,240.0,559.0,567.0,566.1
22414,DOOR MAT NEIGHBOURHOOD WITCH ,0.13079470198675497,47.74006622516556,7.371142857142857,57.0,9.0,10.0,565.89
90200C,BLUE SWEETHEART BRACELET,0.22019867549668873,80.37251655629139,4.25,97.0,12.0,14.0,565.25
82613B,"METAL SIGN,CUPCAKE SINGLE HOOK",1.0562913907284768,385.546357615894,1.1440425531914895,410.0,34.0,41.0,565.1
22288,HANGING METAL RABBIT DECORATION,0.7483443708609272,273.1456953642384,1.25,331.0,50.0,55.0,565.0
21223,SET/4 BADGES WOODLAND ANIMAL,0.7980132450331126,291.2748344370861,1.2447222222222223,342.0,142.0,148.0,564.5
85146,JARDIN ETCHED GLASS SMALL BELL JAR,0.19039735099337748,69.49503311258279,5.191379310344828,82.0,14.0,15.0,564.25
85119,WATERING CAN SINGLE HOOK PISTACHIO,0.6821192052980133,248.97350993377486,1.6748717948717946,273.0,154.0,159.0,564.12
84993A,75 GREEN PETIT FOUR CASES,2.2235099337748343,811.5811258278145,0.42,983.0,50.0,66.0,564.06
85088,CANDY SPOT HAND BAG,0.4519867549668874,164.9751655629139,2.1811111111111114,194.0,41.0,44.0,563.77
84569A,PACK 3 IRON ON DOG PATCHES,0.7450331125827815,271.9370860927152,1.2683333333333333,327.0,23.0,28.0,563.71
79315W,FLYING SAUCER TABLE LIGHT IN WHITE,0.3162251655629139,115.42218543046357,2.95,140.0,131.0,133.0,563.45
20863,BLUE PATCH PENCIL CASE PINK HEART,0.47019867549668876,171.6225165562914,2.0707142857142857,204.0,71.0,74.0,563.19
90160C,TURQ+RED BOUDICCA LARGE BRACELET,0.13410596026490065,48.948675496688736,6.95,59.0,11.0,12.0,562.95
21322,GLASS SPHERE CANDLE STAND LARGE ,0.49503311258278143,180.68708609271522,4.273076923076923,145.0,141.0,144.0,562.45
47583A,SET OF 3 WICKER BASKET ROSE,0.11589403973509933,42.30132450331126,21.36,31.0,127.0,128.0,561.8
47421,ASSORTED COLOUR LIZARD SUCTION HOOK,2.379139072847682,868.385761589404,0.41468354430379745,1023.0,126.0,143.0,561.78
21442,GREEN BIRDHOUSE DECORATION,1.4619205298013245,533.6009933774834,0.771375,588.0,73.0,83.0,561.67
21365,MIRRORED WALL ART STARS,0.7350993377483444,268.3112582781457,1.5822580645161293,291.0,35.0,40.0,561.6
84859A,SILVER DISCO HANDBAG,0.47019867549668876,171.6225165562914,2.9780769230769235,170.0,34.0,37.0,560.76
84086C,PINK/PURPLE RETRO RADIO,0.31456953642384106,114.81788079470199,2.95,140.0,26.0,28.0,560.5
82613A,"METAL SIGN,CUPCAKE SINGLE HOOK",0.7417218543046358,270.72847682119203,1.25,329.0,25.0,30.0,560.0
37474,SET/4 2 TONE EGG SHAPE MIXING BOWLS,0.09602649006622517,35.049668874172184,9.876999999999999,42.0,5.0,6.0,559.5799999999999
23428,IVORY RETRO KITCHEN WALL CLOCK,0.11589403973509933,42.30132450331126,8.107692307692307,51.0,9.0,10.0,559.5
21147,JINGLE BELLS TREE DECORATION,0.5480132450331126,200.02483443708607,2.051276595744681,221.0,31.0,35.0,559.14
22683,"FRENCH BLUE METAL DOOR SIGN, 8",0.7400662251655629,270.12417218543044,1.25,329.0,34.0,39.0,558.75
22950,SET OF 36 DOILIES VINTAGE CHRISTMAS,0.7350993377483444,268.3112582781457,1.35,315.0,1296.0,1301.0,557.4
20782,CAMOUFLAGE EAR MUFF HEADPHONES,0.1672185430463576,61.03476821192053,5.5245098039215685,74.0,7.0,8.0,556.25
85084,HOLLY TOP CHRISTMAS STOCKING,1.0016556291390728,365.6043046357616,0.8629230769230769,460.0,106.0,113.0,554.5699999999999
84247G,"DECOUPAGE,GREETING CARD,",2.205298013245033,804.933774834437,0.41931034482758617,980.0,42.0,57.0,554.4
22999,TRAVEL CARD WALLET VINTAGE LEAF,2.185430463576159,797.682119205298,0.42000000000000004,974.0,60.0,75.0,554.4
90199C,5 STRAND GLASS NECKLACE CRYSTAL,0.15562913907284767,56.8046357615894,6.319285714285714,67.0,40.0,41.0,553.9
85230B,CINNAMON SCENTED VOTIVE CANDLE,3.468543046357616,1266.01821192053,0.2778787878787879,1509.0,106.0,130.0,553.79
16162L,THE KING GIFT BAG,13.382450331125828,4884.5943708609275,0.5182352941176471,2171.0,5380.0,5474.0,553.79
84931B,BLUE SCOTTIE DOG W FLOWER PATTERN,0.36258278145695366,132.34271523178808,2.5326923076923076,162.0,19.0,22.0,553.05
22684,"FRENCH BLUE METAL DOOR SIGN, 9",0.7317880794701986,267.1026490066225,1.25,327.0,34.0,39.0,552.5
84773,RED ROSE AND LACE C/COVER,0.30960264900662254,113.00496688741723,2.95,138.0,14.0,16.0,551.6500000000001
23456,MEDIUM PARLOUR PICTURE FRAME ,0.2251655629139073,82.18543046357617,4.126470588235295,100.0,18.0,20.0,550.0
85205B,PINK FELT EASTER RABBIT GARLAND,0.35596026490066224,129.9254966887417,2.55,160.0,17.0,19.0,548.25
22092,BLUE PAISLEY TISSUE BOX,1.4950331125827814,545.6870860927152,0.7463157894736843,605.0,48.0,58.0,548.05
22703,PINK CAT BOWL,0.5132450331125827,187.3344370860927,1.8358108108108107,226.0,20.0,24.0,547.92
20856,DENIM PATCH PURSE PINK BUTTERFLY,0.5496688741721855,200.6291390728477,1.65,247.0,14.0,18.0,547.8
84805B,BLUE CLIMBING HYDRANGA ART FLOWER,0.5612582781456954,204.85927152317882,2.3,211.0,196.0,200.0,547.6500000000001
22682,"FRENCH BLUE METAL DOOR SIGN, 7",0.7251655629139073,264.68543046357615,1.25,325.0,33.0,38.0,547.5
84876D,BLUE HEART COMPACT MIRROR,0.5364238410596026,195.79470198675494,2.5892857142857144,194.0,48.0,52.0,547.5
85186A,EASTER BUNNY GARLAND OF FLOWERS,2.1556291390728477,786.8046357615895,0.42,968.0,49.0,64.0,546.84
47594A,CAROUSEL DESIGN WASHBAG,0.46357615894039733,169.20529801324503,1.9499999999999997,208.0,14.0,17.0,546.0
23549,WRAP BIRD GARDEN ,2.152317880794702,785.5960264900663,0.42,967.0,15.0,30.0,546.0
37333,"RETRO ""TEA FOR ONE"" ",0.1986754966887417,72.51655629139073,4.488235294117647,90.0,35.0,36.0,545.4
22391,PAPERWEIGHT HOME SWEET HOME,0.5049668874172185,184.31291390728475,2.1302,208.0,20.0,24.0,545.3100000000001
23381,PACK OF 12 VINTAGE LEAF TISSUES ,2.4403973509933774,890.7450331125827,0.3889230769230769,1070.0,229.0,246.0,544.62
21339,MARAKESH LANTERN LARGE,0.04966887417218543,18.129139072847682,19.257692307692306,22.0,11.0,11.0,544.5
23069,EDWARDIAN PHOTO FRAME,0.14403973509933773,52.574503311258276,6.25,65.0,6.0,7.0,543.75
20819,SILVER TEDDY BEAR,0.3443708609271523,125.69536423841059,3.6242,132.0,28.0,30.0,543.71
85031C,CURIOUS IMAGES SCRAP BOOK SET,0.5678807947019867,207.27649006622514,3.7607142857142857,166.0,102.0,106.0,543.45
84806B,WHITE CANDYSTUFT ARTIFICIAL FLOWER,0.7168874172185431,261.66390728476824,1.3736666666666666,309.0,56.0,61.0,543.37
16049,TEATIME GEL PENS ASST,5.2052980132450335,1899.9337748344371,0.27599999999999997,1855.0,656.0,692.0,542.88
84859C,PINK DISCO HANDBAG,0.5,182.5,2.9357894736842107,176.0,71.0,74.0,542.64
84051,ASS COLOUR GLOWING TIARAS,1.153973509933775,421.20033112582786,0.8420754716981131,500.0,102.0,110.0,542.05
45008C,DECORATIVE NET CANOPY CREAM,0.11258278145695365,41.092715231788084,8.6005,49.0,18.0,19.0,541.6
84932D,SMALL ORIENTAL RED FOLDING STOOL,0.3923841059602649,143.2201986754967,3.3289473684210527,147.0,77.0,80.0,540.75
21304,ARCHED GREY MIRROR,0.1390728476821192,50.7615894039735,9.3375,52.0,33.0,34.0,540.6
21441,BLUE BIRDHOUSE DECORATION,1.4155629139072847,516.6804635761589,0.7936904761904762,571.0,72.0,82.0,540.2099999999999
35653,VINTAGE BEAD NOTEBOOK,0.3029801324503311,110.58774834437085,2.95,137.0,10.0,12.0,539.85
21293,MIRRORED DOVE WALL DECORATION,0.423841059602649,154.7019867549669,2.147209302325581,190.0,25.0,28.0,539.63
22246,MAGIC GARDEN FELT GARLAND ,0.4470198675496689,163.16225165562915,2.1856756756756757,193.0,34.0,37.0,539.5799999999999
21016,LIGHT BIRD HOUSE TREE DECORATION,1.3311258278145695,485.86092715231786,0.807,549.0,63.0,72.0,538.92
85027L,FRENCH CHATEAU LARGE PLATTER ,0.31456953642384106,114.81788079470199,4.65,111.0,25.0,27.0,538.5
22108,PING! MICROWAVE PLATE,0.326158940397351,119.04801324503312,3.1455102040816327,138.0,17.0,19.0,537.89
21397,BLUE POLKADOT EGG CUP ,1.804635761589404,658.6920529801324,0.6496226415094339,712.0,82.0,95.0,537.76
84920,PINK FLOWER FABRIC PONY,0.24006622516556292,87.62417218543047,3.7203703703703703,109.0,6.0,8.0,537.35
22044,CHRISTMAS CARD STACK OF PRESENTS,3.160596026490066,1153.617549668874,0.3144705882352941,1354.0,78.0,100.0,536.82
37345,ASSTD HEARTS DESIGN MUGS,0.5264900662251656,192.16887417218544,1.9000000000000001,225.0,486.0,490.0,536.1
21419,CONCH SHELL,2.0728476821192054,756.58940397351,3.4284615384615384,332.0,1448.0,1463.0,535.8
20935,ROUND CACTUS CANDLE,0.48509933774834435,177.0612582781457,2.6425,183.0,45.0,48.0,535.5500000000001
23454,THREE MINI HANGING FRAMES,0.21357615894039736,77.95529801324504,4.15,97.0,9.0,10.0,535.35
85129A,"WHITE PEARL BEADED HEART, SMALL",0.7086092715231788,258.6423841059603,1.25,322.0,27.0,32.0,535.0
85092,CANDY SPOT TEA COSY,0.6192052980132451,226.00993377483445,2.6,208.0,279.0,283.0,534.7
20657,TROPICAL LUGGAGE TAG,2.801324503311258,1022.4834437086092,1.2414084507042253,642.0,628.0,648.0,534.14
16169P,WRAP GREEN RUSSIAN FOLKART ,2.8973509933774833,1057.5331125827813,0.3577083333333333,1216.0,299.0,319.0,533.75
85096,HILDA CANDY SPOT RABBIT,0.23509933774834438,85.8112582781457,3.75,107.0,12.0,14.0,532.5
23324,RUSTIC STRAWBERRY JAM POT LARGE ,0.43211920529801323,157.72350993377484,2.073030303030303,195.0,37.0,40.0,531.84
21666, RIDGED GLASS T-LIGHT HOLDER,1.5562913907284768,568.0463576158941,0.6166666666666667,679.0,607.0,618.0,531.8000000000001
85030,FRENCH CHATEAU OVAL PLATTER,0.34933774834437087,127.50827814569537,5.05344827586207,112.0,50.0,52.0,531.4499999999999
84762C,GREEN PICNIC BARBECUE BUCKET,0.1291390728476821,47.13576158940397,8.616666666666667,52.0,15.0,16.0,531.3
23473,WOODLAND SMALL RED FELT HEART,1.1009933774834437,401.862582781457,0.8274418604651163,493.0,122.0,130.0,530.83
35915C,PEACH KNITTED HEN ,0.6423841059602649,234.47019867549668,1.6334782608695653,268.0,258.0,262.0,530.76
22134,LADLE LOVE HEART RED ,2.236754966887417,816.4155629139073,0.4175,989.0,203.0,219.0,529.98
84712B,PINK JEWELLED PHOTO FRAME,0.11092715231788079,40.48841059602649,7.905833333333334,51.0,5.0,6.0,529.47
84682,CLASSICAL ROSE DISH,0.4685430463576159,171.0182119205298,2.6950000000000003,178.0,55.0,58.0,528.85
21373,MIRRORED WALL ART SNOWFLAKES,1.0413907284768211,380.1076158940397,1.0096491228070175,434.0,41.0,48.0,528.15
84584,PINK GINGHAM CAT WITH SCARF,0.34271523178807944,125.091059602649,2.55,157.0,13.0,15.0,527.85
47367B,PAIR PADDED HANGERS PINK CHECK,0.25,91.25,3.708974358974359,111.0,23.0,25.0,527.85
21173,LOO ROLL  METAL SIGN ,0.5314569536423841,193.9817880794702,1.6467213114754096,243.0,28.0,32.0,527.25
22425,ENAMEL COLLANDER CREAM,0.19039735099337748,69.49503311258279,4.8500000000000005,85.0,29.0,30.0,527.25
90082D,DIAMANTE BOW BROOCH BLACK COLOUR,0.13741721854304637,50.15728476821192,6.35,63.0,7.0,8.0,527.05
21454,PAINTED PINK RABBIT ,1.0248344370860927,374.06456953642385,0.85,469.0,31.0,38.0,526.15
22681,"FRENCH BLUE METAL DOOR SIGN, 6",0.695364238410596,253.80794701986756,1.25,319.0,34.0,39.0,525.0
20730,STRAWBERRY CANDY BAG,2.7466887417218544,1002.5413907284768,1.2139024390243902,643.0,951.0,970.0,524.25
79190B,RETRO PLASTIC POLKA TRAY,2.2996688741721854,839.3791390728477,0.41791666666666666,1002.0,185.0,201.0,523.38
37494A,FAIRY CAKE CERAMIC BUTTER DISH,0.31788079470198677,116.02649006622516,2.9019999999999997,141.0,48.0,50.0,523.2
21893,POTTING SHED SEED TIN,0.271523178807947,99.10596026490066,4.138461538461538,109.0,142.0,144.0,523.0
23272,TREE T-LIGHT HOLDER WILLIE WINKIE,0.5827814569536424,212.71523178807945,1.5637142857142856,261.0,27.0,31.0,522.74
23499,SET 12 VINTAGE DOILY CHALK ,2.0596026490066226,751.7549668874173,0.42,946.0,52.0,66.0,522.48
21879,HEARTS GIFT TAPE,2.26158940397351,825.4801324503312,0.5314893617021277,881.0,78.0,94.0,522.38
22166,WALL MIRROR RECTANGLE DIAMANTE PINK,0.20860927152317882,76.14238410596028,7.7,70.0,92.0,93.0,521.7
21215, IVORY PAPER CUP CAKE CASES ,1.8973509933774835,692.5331125827814,0.5283333333333334,810.0,433.0,446.0,521.1
22898,CHILDRENS APRON APPLE DESIGN,0.48013245033112584,175.24834437086093,1.9140000000000001,214.0,65.0,68.0,520.5
22054,MINI CAKE STAND HANGING HEARTS,0.5314569536423841,193.9817880794702,1.6427272727272726,243.0,21.0,25.0,520.05
20699,MOUSEY LONG LEGS SOFT TOY,0.3443708609271523,125.69536423841059,2.5304347826086953,158.0,12.0,14.0,519.6
23451,SQUARE MINI PORTRAIT FRAME,0.44370860927152317,161.95364238410596,1.9433333333333334,204.0,20.0,23.0,519.0
17013D,ORIGAMI ROSE INCENSE IN TUBE,1.7350993377483444,633.3112582781457,1.0,563.0,235.0,247.0,515.46
84799,SPRIG LAVENDER ARTIFICIAL FLOWER,1.1043046357615893,403.0711920529801,1.0210344827586206,444.0,83.0,91.0,515.03
84916,HAND TOWEL PALE BLUE W FLOWERS,0.38079470198675497,138.99006622516558,4.663333333333333,122.0,79.0,82.0,514.5
22983,"CARD, BILLBOARD FONT",2.096026490066225,765.0496688741722,0.4176,957.0,81.0,96.0,514.44
22584,PACK OF 6 PANETTONE GIFT BOXES,0.3741721854304636,136.5728476821192,2.69,159.0,162.0,165.0,513.9100000000001
84313B,BLUE TV TRAY TABLE ,0.26158940397350994,95.48013245033113,3.9237777777777776,110.0,23.0,25.0,513.74
84824,DANISH ROSE UMBRELLA STAND,0.054635761589403975,19.942052980132452,15.83148148148148,25.0,3.0,3.0,513.55
20823,GOLD WINE GOBLET,0.4105960264900662,149.86754966887418,3.013529411764706,158.0,75.0,78.0,513.2
23016,GLASS TWIST BON BON JAR,0.11423841059602649,41.69701986754967,7.723684210526316,52.0,14.0,15.0,512.85
47469,ASSORTED SHAPES PHOTO CLIP SILVER ,1.8112582781456954,661.1092715231788,0.6290909090909091,725.0,359.0,372.0,512.38
84913A,SOFT PINK ROSE TOWEL ,0.18211920529801323,66.47350993377484,4.65,85.0,10.0,11.0,511.5
21015,DARK BIRD HOUSE TREE DECORATION,2.369205298013245,864.7599337748345,0.46184782608695646,968.0,66.0,83.0,511.38999999999993
22201,FRYING PAN BLUE POLKADOT,0.23509933774834438,85.8112582781457,3.9074074074074074,105.0,16.0,18.0,510.5
85121B,RETRO LAUNDRY TUB PINK,0.09933774834437085,36.258278145695364,8.5,46.0,7.0,8.0,510.0
84782C,GREEN 3 TIER GLASS PLATE STAND,0.12251655629139073,44.71854304635762,9.616666666666667,48.0,15.0,16.0,509.9
72800D,S/4 BLUE DINNER CANDLE SILVER FLOCK,0.6837748344370861,249.57781456953643,2.2609375,235.0,193.0,198.0,508.95
84569B,PACK 3 FIRE ENGINE/CAR PATCHES,0.6738410596026491,245.9519867549669,1.25,314.0,23.0,28.0,508.75
90058B,CRYSTAL STUD EARRINGS ASSORTED COL ,1.7897350993377483,653.2533112582781,0.47714285714285715,827.0,59.0,72.0,508.7
85232A,SET/3 POLKADOT STACKING TINS,0.17549668874172186,64.05629139072848,4.931081081081081,81.0,17.0,18.0,507.9
23060,HEART BEADED TRELLIS DECORATION,0.40397350993377484,147.45033112582783,2.08,188.0,19.0,22.0,507.52000000000004
84520D,PACK OF 20 FAIRY CAKE PAPER NAPKINS,1.0248344370860927,374.06456953642385,0.8465573770491803,470.0,58.0,65.0,505.98999999999995
23219,LAUREL STAR ANTIQUE SILVER ,0.6688741721854304,244.13907284768212,1.3117307692307691,305.0,33.0,38.0,504.6
37352,BIRD IN TREE MUG ,7.687086092715232,2805.78642384106,1.10625,1126.0,7104.0,7158.0,504.55
72122,COFFEE SCENT PILLAR CANDLE,0.8791390728476821,320.88576158940396,0.95,411.0,27.0,33.0,504.45
16236,KITTY PENCIL ERASERS,4.014900662251655,1465.438741721854,0.20965986394557823,1869.0,74.0,102.0,503.65
21285,RETRO SPOT CANDLE  MEDIUM,0.4105960264900662,149.86754966887418,2.0673913043478263,190.0,41.0,44.0,502.80000000000007
23139,SINGLE WIRE HOOK PINK HEART,0.6721854304635762,245.3476821192053,1.2482608695652175,313.0,223.0,228.0,502.38
21117,BLOND DOLL DOORSTOP,0.543046357615894,198.21192052980132,1.912692307692308,228.0,78.0,82.0,502.08000000000004
84804B,BLUE DELPHINIUM ARTIFICIAL FLOWER,0.5877483443708609,214.52814569536423,2.5040000000000004,207.0,123.0,127.0,501.9700000000001
20830,SILVER PHOTO FRAME,0.4900662251655629,178.87417218543047,2.073404255319149,208.0,60.0,63.0,501.59999999999997
90200A,PURPLE SWEETHEART BRACELET,0.19536423841059603,71.30794701986756,4.25,92.0,10.0,11.0,501.5
20888,SET 3 JARDIN DE FEMME SCENT CANDLES,0.5943708609271523,216.94536423841058,2.3536363636363635,215.0,303.0,307.0,499.81
22394,PAPERWEIGHT KINGS CHOICE ,0.5579470198675497,203.65066225165563,2.1227659574468083,219.0,47.0,51.0,499.34999999999997
16048,TEATIME ROUND PENCIL SHARPENER ,5.650662251655629,2062.4917218543046,0.19285714285714287,2312.0,466.0,506.0,498.66
21194,PINK  HONEYCOMB PAPER FAN,0.8294701986754967,302.75662251655626,1.298225806451613,341.0,40.0,46.0,498.64000000000004
72728,ROSE SCENT CANDLES IN GLASS,1.0165562913907285,371.0430463576159,0.8449019607843137,469.0,87.0,94.0,498.49999999999994
85161,ACRYLIC GEOMETRIC LAMP,0.04470198675496689,16.316225165562912,18.75,21.0,4.0,4.0,497.65
21270,ANTIQUE CREAM CUTLERY CUPBOARD,0.06456953642384106,23.567880794701985,12.75,30.0,3.0,3.0,497.25
84414B,FUSCHIA/GREEN STRIPE WOOLLY BLANKET,0.12748344370860928,46.53145695364239,10.825,46.0,47.0,48.0,497.15
85230A,OPIUM SCENTED VOTIVE CANDLE,3.2980132450331126,1203.7748344370862,0.2683333333333333,1498.0,198.0,221.0,497.03999999999996
84657,GREEN ROSE CUSHION COVER,0.4056291390728477,148.05463576158942,3.6184210526315788,143.0,88.0,91.0,496.25
23398,HANGING HEART BONHEUR,0.9718543046357616,354.72682119205297,0.847936507936508,457.0,43.0,50.0,495.83
23528,WALL ART SPACEBOY,0.2582781456953642,94.27152317880794,3.654285714285714,114.0,67.0,69.0,495.48
85186C,BUNNY EGG GARLAND,1.9519867549668874,712.475165562914,0.42,921.0,53.0,67.0,495.18
72800B, 4 PURPLE FLOCK DINNER CANDLES,0.5364238410596026,195.79470198675494,2.2499999999999996,209.0,41.0,45.0,495.16
21377,SMALL CAMPHOR WOOD FIELD  MUSHROOM,0.7350993377483444,268.3112582781457,1.4783720930232558,301.0,98.0,103.0,494.76
21026,SPACE OWL,0.6556291390728477,239.30463576158942,1.2898214285714287,305.0,29.0,34.0,493.62
85117,NIGHTINGALE COATHOOK WHITE,0.5248344370860927,191.56456953642382,1.6300000000000001,242.0,58.0,62.0,493.45
79337,BLUE FLOCK GLASS CANDLEHOLDER,1.9718543046357615,719.726821192053,0.7810526315789473,679.0,398.0,412.0,491.95
90161C,ANT COPPER LIME BOUDICCA BRACELET,0.16390728476821192,59.826158940397356,4.95,78.0,10.0,11.0,490.05
21711,FOLDING UMBRELLA WHITE/RED POLKADOT,0.16556291390728478,60.43046357615894,4.9,79.0,29.0,30.0,489.40000000000003
21899,GARAGE KEY FOB,1.2086092715231789,441.1423841059603,0.7091379310344827,558.0,36.0,44.0,489.2
20910,VINTAGE PHOTO ALBUM PARIS DAYS,0.13245033112582782,48.34437086092716,6.321428571428571,62.0,19.0,20.0,488.79999999999995
84827,ASS DES PHONE SPONGE CRAFT STICKER,1.6970198675496688,619.4122516556291,0.5513333333333333,749.0,141.0,153.0,488.49
51020B,STRIPY DESIGN SHOWER CAP,1.794701986754967,655.066225165563,0.962,583.0,161.0,174.0,488.11999999999995
22322,BIRD DECORATION GREEN  SPOT,0.9503311258278145,346.8708609271523,0.8499999999999999,452.0,37.0,44.0,487.9
35964,FOLKART CLIP ON STARS,1.663907284768212,607.3261589403974,0.835344827586207,603.0,90.0,102.0,487.53
85091,CANDY SPOT BREAD BASKETS,0.5579470198675497,203.65066225165563,3.485714285714286,171.0,215.0,219.0,487.35
84846A,SCENTED CANDLE IN DIGITALIS TIN,0.3841059602649007,140.19867549668874,2.1,183.0,18.0,21.0,487.20000000000005
72586,SET OF 6 HALLOWEEN GHOST T-LIGHTS,1.9205298013245033,700.9933774834437,0.42,914.0,106.0,119.0,487.2
35972,DAISY FOLKART HEART DECORATION,0.6440397350993378,235.0745033112583,1.25,307.0,38.0,43.0,486.25
20652,BLUE SPOTTY LUGGAGE TAG ,1.7483443708609272,638.1456953642385,1.2062222222222223,514.0,405.0,417.0,486.0
17084N,FAIRY DREAMS INCENSE ,3.9586092715231787,1444.8923841059602,0.20776119402985074,1865.0,137.0,165.0,485.86
23413,VINTAGE COFFEE GRINDER BOX,0.16887417218543047,61.63907284768212,4.880434782608695,79.0,15.0,16.0,485.7
20865,PATCHWORK PENCIL CASE BUTTERFLY ,0.40894039735099336,149.26324503311258,2.059,190.0,83.0,86.0,485.49
84952B,BLACK LOVE BIRD T-LIGHT HOLDER,0.5149006622516556,187.9387417218543,3.0742857142857143,175.0,103.0,107.0,485.36
21160,KEEP OUT GIRLS DOOR HANGER ,1.2632450331125828,461.08443708609275,1.2712244897959184,426.0,189.0,198.0,485.22999999999996
85215,ASSORTED CHEESE FRIDGE MAGNETS,1.25,456.25,0.6474468085106383,594.0,67.0,76.0,484.99
22263,FELT EGG COSY LADYBIRD ,1.195364238410596,436.3079470198675,0.855111111111111,505.0,190.0,198.0,484.34
21740,COSY SLIPPER SHOES LARGE RED,0.271523178807947,99.10596026490066,2.95,130.0,14.0,16.0,483.80000000000007
84875D,BLUE SQUARE COMPACT MIRROR,0.6142384105960265,224.19701986754967,1.722972972972973,255.0,30.0,34.0,483.75
85185D,FROG SOCK PUPPET,0.2781456953642384,101.523178807947,2.9322222222222227,132.0,18.0,20.0,483.6000000000001
84913B,MINT GREEN ROSE TOWEL,0.17218543046357615,62.847682119205295,4.65,82.0,8.0,9.0,483.6
23660,HENRIETTA HEN MUG ,0.48509933774834435,177.0612582781457,1.65,232.0,18.0,21.0,483.45000000000005
20864,DENIM PATCH PENCIL CASE BUTTERFLY,0.40894039735099336,149.26324503311258,2.0514814814814817,191.0,86.0,89.0,483.33
84798B,PURPLE FOXGLOVE ARTIIFCIAL FLOWER,0.5331125827814569,194.58609271523176,2.0777777777777775,216.0,217.0,221.0,482.70000000000005
85071D,CHARLIE+LOLA MY ROOM DOOR SIGN,1.3874172185430464,506.407284768212,1.0934831460674157,481.0,141.0,151.0,482.34
22861,EASTER TIN CHICKS IN GARDEN,0.48344370860927155,176.45695364238412,1.65,231.0,41.0,44.0,481.8
22038,BOTANICAL LAVENDER GIFT WRAP ,1.903973509933775,694.9503311258278,0.4182222222222222,912.0,16.0,29.0,481.0
20794,BLUE  TILE HOOK,0.31456953642384106,114.81788079470199,2.5354838709677416,150.0,16.0,18.0,480.9
84592,CROCHET ROSE PURSE WITH SUEDE BACK,0.26986754966887416,98.50165562913907,2.95,129.0,12.0,14.0,480.8500000000001
84984B,RED PEONY CUSHION COVER ,0.5115894039735099,186.73013245033113,3.9300000000000006,154.0,264.0,268.0,480.85
84218,BOX/12 CHICK & EGG IN BASKET,0.4205298013245033,153.4933774834437,1.947142857142857,199.0,28.0,31.0,479.7
21666,RIDGED GLASS T-LIGHT HOLDER,1.2218543046357615,445.97682119205297,0.65,586.0,43.0,52.0,479.7
90160D,PINK BOUDICCA LARGE BRACELET,0.11423841059602649,41.69701986754967,6.950000000000001,55.0,13.0,14.0,479.55
23169,CLASSIC GLASS SWEET JAR,0.19701986754966888,71.91225165562915,4.092857142857143,94.0,28.0,29.0,479.45
84989B,75 BLACK FAIRY CAKE CASES,1.630794701986755,595.2400662251656,0.538695652173913,743.0,143.0,154.0,479.34999999999997
72267,PREMIUM CHURCH CANDLE,0.40894039735099336,149.26324503311258,2.08,189.0,44.0,47.0,479.34000000000003
84917,WHITE HAND TOWEL WITH BUTTERFLY,0.3029801324503311,110.58774834437085,3.738235294117647,122.0,39.0,41.0,477.85
22892,SALT AND PEPPER SHAKERS TOADSTOOLS,0.6506622516556292,237.49172185430464,1.2426923076923078,309.0,65.0,70.0,477.57
84706D,CHERRY BLOSSOM TABLE CLOCK ,0.3576158940397351,130.5298013245033,3.9499999999999997,129.0,62.0,65.0,477.2
72750C,"F.FAIRY S/3 CANDLE/GLASS, ROSE",0.3841059602649007,140.19867549668874,2.75,160.0,93.0,96.0,476.4
84875B,GREEN SQUARE COMPACT MIRROR,0.6076158940397351,221.77980132450332,1.4642857142857142,275.0,32.0,36.0,476.25
21311,SET/4 BIRD MIRROR MAGNETS ,1.1291390728476822,412.135761589404,1.125921052631579,428.0,52.0,60.0,476.11
35600D,PINK AND WHITE CHRISTMAS TREE 180CM,0.23178807947019867,84.60264900662251,5.866666666666666,85.0,57.0,59.0,476.00000000000006
23021,GLASS BONNE JAM JAR,0.19370860927152317,70.70364238410596,4.134,92.0,19.0,20.0,475.95000000000005
79030G,TUMBLER NEW ENGLAND,2.019867549668874,737.251655629139,0.39,972.0,130.0,144.0,475.79999999999995
21665,TRIANGULAR RIDGED GLASS POSY HOLDER,1.2682119205298013,462.8973509933775,0.6430232558139536,600.0,88.0,97.0,475.1
84762A,WHITE PICNIC BARBECUE BUCKET,0.08940397350993377,32.632450331125824,10.15,40.0,10.0,11.0,474.9
22697,TEACUP AND SAUCER REGENCY GREEN,0.28807947019867547,105.14900662251655,2.8576923076923078,136.0,80.0,82.0,472.5
23180,MUM'S KITCHEN CLOCK,0.17218543046357615,62.847682119205295,4.766666666666667,81.0,9.0,10.0,471.90000000000003
22951,72 CAKE CASES DOLLY GIRL DESIGN,1.5612582781456954,569.8592715231788,0.5448000000000001,723.0,296.0,307.0,471.84999999999997
22541,MINI JIGSAW LEAP FROG,1.9735099337748345,720.3311258278146,0.4214634146341464,924.0,225.0,239.0,471.56
85144,JARDIN ETCHED GLASS BUTTER DISH,0.11258278145695365,41.092715231788084,7.191935483870967,53.0,12.0,13.0,471.4
23527,WALL ART ANIMALS AND NATURE ,0.24503311258278146,89.43708609271523,3.6726923076923077,110.0,60.0,62.0,471.0
85020,ROUND PINK HEART MIRROR,0.3708609271523179,135.36423841059602,2.1,180.0,31.0,34.0,470.4
21620,S/4 ROSE    BOTANICAL  CANDLE,0.20860927152317882,76.14238410596028,3.7371794871794872,101.0,19.0,20.0,469.5
16238,PARTY TIME PENCIL ERASERS,3.6953642384105962,1348.8079470198677,0.2250735294117647,1731.0,67.0,93.0,469.42
16202B,PASTEL BLUE PHOTO ALBUM ,1.7119205298013245,624.8509933774834,3.191111111111111,313.0,615.0,627.0,469.21
72800C,S/4 PINK DINNER CANDLE SILVER FLOCK,0.6440397350993378,235.0745033112583,2.2619230769230767,228.0,214.0,219.0,468.87
22897,OVEN MITT APPLE DESIGN,0.5579470198675497,203.65066225165563,1.4366666666666668,266.0,50.0,54.0,468.65
16239,BALLERINA HEART DECORATION.,0.5596026490066225,204.2549668874172,2.6884615384615387,195.0,345.0,349.0,468.4
23377,PACK OF 12 DOLLY GIRL TISSUES,1.9867549668874172,725.1655629139073,0.39,964.0,45.0,59.0,468.0
84675,FROG KING WATERING CAN,0.30960264900662254,113.00496688741723,2.910227272727273,139.0,31.0,33.0,467.65000000000003
21002,ROSE DU SUD DRAWSTRING BAG,0.18211920529801323,66.47350993377484,4.25,88.0,25.0,26.0,467.5
23136,IVORY WIRE SWEETHEART LETTER TRAY,0.21026490066225165,76.74668874172185,3.7290909090909095,101.0,10.0,11.0,467.05
21459,YELLOW EASTER EGG HUNT START POST,0.4139072847682119,151.07615894039736,1.9418918918918917,197.0,50.0,53.0,465.9
23218,LAUREL STAR ANTIQUE GOLD,0.6158940397350994,224.80132450331126,1.383939393939394,285.0,65.0,69.0,465.81
21128,GOLD FISHING GNOME,0.15894039735099338,58.01324503311258,6.3967857142857145,67.0,15.0,16.0,464.71000000000004
84596J,MIXED NUTS LIGHT GREEN BOWL,1.119205298013245,408.5099337748344,0.9570588235294117,462.0,74.0,82.0,464.03000000000003
85129C,BEADED CRYSTAL HEART BLUE SMALL,0.6125827814569537,223.59271523178808,1.320204081632653,291.0,34.0,38.0,463.85
20845,ZINC HEART LATTICE 2 WALL PLANTER,0.12086092715231789,44.11423841059603,6.35,59.0,19.0,20.0,463.55
47310M,"SMALL POP BOX,FUNKY MONKEY",0.6639072847682119,242.32615894039736,1.2287234042553192,314.0,52.0,57.0,462.85
85109,PINK BOUDOIR T-LIGHT HOLDER,6.958609271523179,2539.8923841059604,0.69,1357.0,2609.0,2658.0,462.15000000000003
51020A,SUMMER FUN DESIGN SHOWER CAP,2.1556291390728477,786.8046357615895,0.8189795918367347,693.0,241.0,256.0,462.05999999999995
22407,MONEY BOX FIRST ADE DESIGN,0.6357615894039735,232.05298013245033,1.2430909090909092,306.0,48.0,52.0,461.76
84926E,FLOWERS TILE COASTER,1.783112582781457,650.8360927152318,0.6260416666666667,721.0,109.0,121.0,461.63
20696,FLORAL SOFT CAR TOY,0.20364238410596028,74.3294701986755,3.75,100.0,11.0,12.0,461.25
85226C,BLUE PULL BACK RACING CAR,1.576158940397351,575.2980132450332,0.5480597014925374,724.0,255.0,266.0,461.2
23691,WRAP KEEP CALM BIRTHDAY,1.8625827814569536,679.842715231788,0.4183333333333333,901.0,129.0,142.0,460.5
72132,COLUMBIAN CUBE CANDLE,0.9072847682119205,331.158940397351,1.684074074074074,314.0,173.0,179.0,460.2
23455,SMALL PARLOUR PICTURE FRAME,0.271523178807947,99.10596026490066,2.877878787878788,131.0,27.0,29.0,459.56
22193,RED WALL CLOCK,0.09933774834437085,36.258278145695364,7.65,49.0,0.0,1.0,459.0
22191,IVORY WALL CLOCK,0.09933774834437085,36.258278145695364,7.65,49.0,0.0,1.0,459.0
23561,SET OF 6 RIBBONS PARTY,0.2764900662251656,100.91887417218544,2.8592307692307695,133.0,68.0,70.0,458.63
21884,CAKES AND BOWS GIFT  TAPE,2.0397350993377485,744.5033112582782,0.5538235294117647,820.0,166.0,180.0,457.36
84247L,FAWN AND MUSHROOM GREETING CARD,1.8013245033112584,657.4834437086093,0.42,885.0,23.0,36.0,456.96
85203,HANGING WOOD AND FELT BUTTERFLY ,1.8029801324503312,658.0877483443709,0.4189830508474576,886.0,51.0,64.0,454.5
72225C,LAVENDER SCENT CAKE CANDLE,3.107615894039735,1134.2798013245033,0.2694285714285714,1451.0,409.0,431.0,454.09
72789,BASKET/8 SCENTED LOVE TOKEN CANDLES,0.20033112582781457,73.12086092715232,3.75,99.0,12.0,13.0,453.75
90209B,GREEN ENAMEL+GLASS HAIR COMB,0.4105960264900662,149.86754966887418,2.026315789473684,192.0,87.0,90.0,453.6
84653,GREEN ROSE QUILT ,0.016556291390728478,6.043046357615895,45.2,8.0,2.0,2.0,453.5
72801G,S/4 BURGUNDY WINE DINNER CANDLES,1.2864238410596027,469.544701986755,1.170952380952381,448.0,541.0,550.0,453.33
21536,DAIRY MAID  SMALL  MILK JUG,0.35596026490066224,129.9254966887417,2.1,176.0,10.0,12.0,451.5
23548,WRAP MAGIC FOREST ,1.7798013245033113,649.6274834437086,0.42,879.0,0.0,12.0,451.5
17012F,ORIGAMI SANDLEWOOD INCENSE/CAND SET,0.8162251655629139,297.92218543046357,1.0957446808510638,369.0,69.0,75.0,451.45
21881,CUTE CATS TAPE,1.9586092715231789,714.8923841059603,0.5952307692307692,775.0,169.0,183.0,450.75
90203,SILVER CHARM NECKLACE 70CM,0.09933774834437085,36.258278145695364,7.5,49.0,7.0,8.0,450.0
21507,ELEPHANT BIRTHDAY CARD ,1.7880794701986755,652.6490066225166,0.45819444444444446,844.0,52.0,65.0,449.88
84924A,WAKE UP COCKEREL CALENDAR SIGN ,0.19370860927152317,70.70364238410596,3.9113043478260865,95.0,8.0,9.0,449.88
84865,NEW BAROQUE BLACK PHOTO ALBUM,0.10596026490066225,38.675496688741724,7.75,50.0,7.0,8.0,449.65
84683,CLASSICAL ROSE CANDLESTAND,0.8427152317880795,307.591059602649,1.13,369.0,94.0,100.0,449.05
22452,MEASURING TAPE RUSSIAN DOLL PINK,0.25165562913907286,91.8543046357616,2.95,125.0,13.0,15.0,448.4000000000001
21847,GREEN  DIAMANTE PEN IN GIFT BOX,0.41721854304635764,152.28476821192055,4.145652173913044,136.0,110.0,113.0,448.2
23560,SET OF 6 RIBBONS COUNTRY STYLE,0.26986754966887416,98.50165562913907,2.87,131.0,55.0,57.0,447.07
21256,"FRENCH BOTTLE, BRASSERIE DES ARTIST",0.46688741721854304,170.41390728476821,1.6385714285714283,228.0,47.0,50.0,446.09999999999997
35810B,ENAMEL BLUE RIM COFFEE CONTAINER,0.5082781456953642,185.52152317880794,1.669,236.0,22.0,26.0,446.03000000000003
72800D,4 BLUE DINNER CANDLES SILVER FLOCK,0.3394039735099338,123.88245033112584,2.5011363636363635,157.0,33.0,35.0,445.35
21393,BLUE POLKADOT PUDDING BOWL,4.245033112582782,1549.4370860927154,1.6266666666666667,690.0,2808.0,2838.0,445.05
16012,FOOD/DRINK SPONGE STICKERS,3.506622516556291,1279.9172185430464,0.21,1746.0,92.0,117.0,444.78
17164D,ASS COL SMALL SAND FROG P'WEIGHT,1.8940397350993377,691.3245033112582,0.415,913.0,320.0,333.0,444.48
23074,EMBOSSED HEART TRINKET BOX,0.3658940397350993,133.55132450331126,2.0634285714285716,180.0,33.0,36.0,444.02000000000004
20661,BLUE SPOTTY PURSE ,0.7168874172185431,261.66390728476824,2.8603225806451613,214.0,232.0,237.0,443.3500000000001
23125,6PC WOOD PLATE SET DISPOSABLE,0.6705298013245033,244.7433774834437,1.236875,315.0,320.0,325.0,443.25
21399,BLUE  SPOTTY  COFFEE MUG,0.3758278145695364,137.1771523178808,2.072,182.0,52.0,55.0,443.1
84972L,GIANT PINK HEART MEMO HOLDER,0.18543046357615894,67.68211920529801,3.95,93.0,8.0,9.0,442.40000000000003
84948,SILVER HANGING T-LIGHT HOLDER DOME,0.44370860927152317,161.95364238410596,1.65,222.0,24.0,27.0,442.2
47574A,ENGLISH ROSE SCENTED HANGING FLOWER,0.7284768211920529,265.89403973509934,1.7254098360655739,278.0,111.0,116.0,442.0
82613C,"METAL SIGN,CUPCAKE SINGLE HOOK",0.8708609271523179,317.86423841059604,1.1214084507042255,376.0,36.0,42.0,441.7
85184C,SET 4 VALENTINE DECOUPAGE HEART BOX,0.25,91.25,3.0673333333333335,122.0,19.0,21.0,441.53000000000003
21403,BLUE EGG  SPOON,3.5612582781456954,1299.859271523179,0.23055555555555554,1679.0,89.0,114.0,440.58
23045,PAPER LANTERN 5 POINT STAR MOON ,0.17549668874172186,64.05629139072848,4.15,88.0,31.0,32.0,439.90000000000003
62096A,PINK/YELLOW FLOWERS HANDBAG,0.5579470198675497,203.65066225165563,1.3576923076923075,274.0,33.0,37.0,439.45
84809A,WHITE CHRYSANTHEMUMS ART FLOWER,0.4288079470198676,156.51490066225168,2.0077777777777777,197.0,73.0,76.0,439.14
16161M,WRAP  PINK FLOCK,1.7384105960264902,634.5198675496689,0.41794871794871796,871.0,29.0,41.0,439.0
82605,OLD DOC RUSSEL METAL SIGN,0.34602649006622516,126.29966887417218,2.1,173.0,12.0,14.0,438.90000000000003
84569C,PACK 4 FLOWER/BUTTERFLY PATCHES,0.5811258278145696,212.11092715231788,1.25,291.0,22.0,26.0,438.75
20804,GLASS CHICKEN BUTTER DISH,0.4685430463576159,171.0182119205298,1.6416666666666666,228.0,124.0,127.0,438.15
20868,SILVER FABRIC MIRROR,1.3062913907284768,476.796357615894,0.7671739130434783,557.0,178.0,187.0,437.66
21540,DAIRY MAID CERAMIC BUTTER DISH,0.173841059602649,63.45198675496689,4.237179487179487,87.0,13.0,14.0,437.25
20689,RETRO SISTERS EXPRESSO CUPS,0.6622516556291391,241.72185430463577,5.598148148148148,147.0,281.0,286.0,436.00000000000006
20787,BLUE RETRO BAR STOOL,0.018211920529801324,6.647350993377483,39.45,9.0,2.0,2.0,435.45000000000005
23425,STORAGE TIN HOME SWEET HOME,0.3923841059602649,143.2201986754967,2.052857142857143,187.0,15.0,18.0,435.43
72586,"S/6 HALLOWEEN GHOST T LIGHTS, 5CM H",1.7152317880794703,626.0596026490067,0.42000000000000004,863.0,410.0,422.0,435.12
23565,EGG CUP MILKMAID HELGA ,0.5761589403973509,210.2980132450331,1.25,290.0,39.0,43.0,435.0
23509,MINI PLAYING CARDS FUN FAIR ,1.7218543046357615,628.476821192053,0.4178181818181818,867.0,291.0,303.0,433.2
37444A,YELLOW BREAKFAST CUP AND SAUCER,4.443708609271523,1621.953642384106,1.6500000000000001,701.0,1548.0,1579.0,433.16
23043,PAPER LANTERN 9 POINT HOLLY STAR L,0.11423841059602649,41.69701986754967,6.25,58.0,18.0,19.0,431.25
84858B,BLUE RIVIERA HANDBAG,0.5397350993377483,197.00331125827813,2.816666666666667,187.0,191.0,195.0,431.0
90154,LAZER CUT NECKLACE W PASTEL BEADS,0.09602649006622517,35.049668874172184,8.666666666666666,45.0,91.0,92.0,430.7
90161B,ANT COPPER TURQ BOUDICCA BRACELET,0.14403973509933773,52.574503311258276,4.950000000000001,73.0,11.0,12.0,430.65
85169C,EAU DE NIL LOVE BIRD CANDLE,0.6572847682119205,239.908940397351,1.2131578947368422,314.0,96.0,101.0,429.97
72127,COLUMBIAN CANDLE ROUND ,0.5927152317880795,216.341059602649,1.2375409836065574,296.0,39.0,43.0,429.64
90184C,BLACK CHUNKY BEAD BRACELET W STRAP,0.07947019867549669,29.00662251655629,8.95,40.0,6.0,7.0,429.59999999999997
20653,CHERRY BLOSSOM LUGGAGE TAG,3.1903973509933774,1164.4950331125829,1.286451612903226,673.0,1408.0,1430.0,428.89
23379,PACK OF 12 RED APPLE TISSUES,1.945364238410596,710.0579470198676,0.38862745098039214,956.0,259.0,273.0,428.01
16045,POPART WOODEN PENCILS ASST,15.397350993377483,5620.0331125827815,0.04767123287671233,7678.0,500.0,608.0,428.0
84966B,BLUE KASHMIRI BOXED MIRROR,0.054635761589403975,19.942052980132452,16.0,25.0,33.0,33.0,428.0
84801A,PINK HYDRANGEA ART FLOWER,0.4503311258278146,164.37086092715234,1.976,204.0,119.0,122.0,427.44000000000005
21455,PAINTED YELLOW WOODEN DAISY,0.8311258278145696,303.3609271523179,0.85,422.0,27.0,33.0,426.7
17012D,ORIGAMI ROSE INCENSE/CANDLE SET ,0.7052980132450332,257.4337748344371,1.25,321.0,41.0,46.0,426.7
22344,PARTY PIZZA DISH PINK POLKADOT,1.836092715231788,670.1738410596026,0.620943396226415,735.0,150.0,163.0,426.28999999999996
23522,DOG AND BALL WALL ART,0.41721854304635764,152.28476821192055,2.26,184.0,300.0,303.0,425.88
85230G,ORANGE VOTIVE CANDLE,2.781456953642384,1015.2317880794702,0.2691304347826087,1373.0,136.0,155.0,425.75999999999993
16168M,FUNKY MONKEY GIFT BAG MEDIUM,2.6125827814569536,953.592715231788,0.389811320754717,1106.0,221.0,239.0,425.16
21167,WHITE SAGE INCENSE,3.4072847682119205,1243.658940397351,0.209,1725.0,130.0,154.0,424.68
20715,LITTLE FLOWER SHOPPER BAG,0.6622516556291391,241.72185430463577,1.06,338.0,0.0,5.0,424.0
84876B,GREEN HEART COMPACT MIRROR,0.5413907284768212,197.60761589403975,1.5178571428571428,255.0,62.0,66.0,423.75
22124,SET OF 2 TEA TOWELS PING MICROWAVE,0.29635761589403975,108.1705298013245,2.54974358974359,146.0,23.0,25.0,422.97
16008,SMALL FOLDING SCISSOR(POINTED EDGE),5.200331125827814,1898.120860927152,0.15623529411764706,2465.0,258.0,294.0,422.96
22686,"FRENCH BLUE METAL DOOR SIGN, No",0.5579470198675497,203.65066225165563,1.25,285.0,31.0,35.0,421.25
22840,"CAKE TIN, ROUND, VINTAGE RED,CREAM",0.09768211920529801,35.65397350993378,7.55,49.0,23.0,24.0,421.05
23058,CHRISTMAS HANGING SNOWFLAKE,0.804635761589404,293.6920529801325,1.1129545454545455,363.0,32.0,38.0,421.02000000000004
84597C,RETRO PINK BALL ASHTRAY ,0.5827814569536424,212.71523178807945,1.2277777777777779,294.0,33.0,37.0,420.8
47581B,FAIRY CAKE WICKER PICNIC BASKET ,0.054635761589403975,19.942052980132452,12.75,28.0,2.0,2.0,420.75
23117,POPPY FIELDS CHOPPING BOARD,0.14072847682119205,51.365894039735096,4.95,72.0,7.0,8.0,420.75
37476,CONDIMENT TRAY 4 BOWLS AND 4 SPOONS,0.0728476821192053,26.58940397350993,9.84185185185185,37.0,6.0,7.0,420.28
84596K,JELLY BABIES YELLOW SMALL BOWL,0.5927152317880795,216.341059602649,1.2440625,295.0,54.0,58.0,420.14
20700,GREEN CAT FLORAL CUSHION COVER ,0.4768211920529801,174.03973509933775,3.125,167.0,203.0,206.0,420.0
84967C,GREEN KASHMIRI OCCASIONAL TABLE,0.014900662251655629,5.438741721854305,67.4625,6.0,11.0,11.0,419.85
84770,ROUND GEORGIAN SILVER MIRROR,0.22350993377483444,81.58112582781457,3.825,103.0,33.0,35.0,419.25000000000006
17129F,BLUE GLASS GEMS IN BAG,1.033112582781457,377.08609271523176,0.8116,482.0,111.0,118.0,418.38
90120D,WHITE MURANO TWIST BRACELET,0.16887417218543047,61.63907284768212,4.1375,86.0,29.0,30.0,418.25
20621,ECONOMY PASSPORT COVER ,0.3294701986754967,120.25662251655629,2.1,169.0,80.0,82.0,417.90000000000003
72750A,FLOWER FAIRY SET OF 3 LILY CANDLES,0.34105960264900664,124.48675496688743,2.45,159.0,169.0,171.0,417.7
20851,ZINC HEART LATTICE TRAY OVAL ,0.5529801324503312,201.83774834437088,5.755357142857143,132.0,236.0,240.0,417.7
84859B,BLUE DISCO HANDBAG,0.46192052980132453,168.60099337748346,2.402,187.0,221.0,224.0,417.43
72780,BLACK SILOUETTE CANDLE PLATE,0.8493377483443708,310.00827814569533,0.8409302325581395,429.0,64.0,70.0,417.33
23336,EGG FRYING PAN PINK ,0.3294701986754967,120.25662251655629,2.1120312500000002,169.0,12.0,14.0,415.97
47422,ASSORTED MONKEY SUCTION CUP HOOK,1.781456953642384,650.2317880794702,0.41363636363636364,887.0,122.0,134.0,415.92
20943,SET/6 GINGERBREAD STAR T-LIGHTS,0.5496688741721855,200.6291390728477,1.25,283.0,22.0,26.0,415.0
84510F,SET OF 4 NEW ENGLAND COASTERS ,1.8079470198675496,659.9006622516556,1.2193548387096773,520.0,782.0,795.0,415.0
20654,FIRST CLASS LUGGAGE TAG ,0.5612582781456954,204.85927152317882,1.2410588235294118,287.0,22.0,26.0,414.63
85169D,PINK LOVE BIRD CANDLE,0.6192052980132451,226.00993377483445,1.208888888888889,306.0,50.0,54.0,413.98
72799B,PURPLE PILLAR CANDLE BLACK FLOCK,0.5182119205298014,189.1473509933775,1.8166666666666669,228.0,337.0,341.0,413.35
22322,BIRD DECORATION GREEN POLKADOT,0.804635761589404,293.6920529801325,0.85,416.0,26.0,32.0,413.09999999999997
85227,SET/6 3D KIT CARDS FOR KIDS,0.902317880794702,329.3460264900662,0.8427586206896551,442.0,192.0,198.0,412.84999999999997
90160B,RED BOUDICCA LARGE BRACELET,0.09933774834437085,36.258278145695364,6.756521739130435,52.0,11.0,12.0,412.55
23459,DOLLY CABINET 2 DRAWERS ,0.054635761589403975,19.942052980132452,12.5,28.0,2.0,2.0,412.5
90184B,AMETHYST CHUNKY BEAD BRACELET W STR,0.076158940397351,27.79801324503311,8.95,39.0,5.0,6.0,411.7
23023,RIDGED BONNE JAM JAR T-LIGHT HOLDER,0.4304635761589404,157.11920529801324,1.7039130434782608,215.0,55.0,58.0,411.44
84798A,PINK FOXGLOVE ARTIIFCIAL FLOWER,0.3079470198675497,112.40066225165563,2.5,150.0,202.0,204.0,409.50000000000006
16169F,WRAP BLIZZARD,1.6142384105960266,589.1970198675497,0.42,838.0,39.0,50.0,409.5
20857,BLUE ROSE PATCH PURSE PINK BUTTERFL,0.4105960264900662,149.86754966887418,1.65,213.0,11.0,14.0,409.2
22031,BOTANICAL LAVENDER BIRTHDAY CARD,1.5943708609271523,581.9453642384105,0.43899999999999995,814.0,13.0,24.0,409.17
20694,FLORAL PINK MONSTER,0.18543046357615894,67.68211920529801,3.7084615384615387,96.0,19.0,20.0,408.48
90195A,PURPLE GEMSTONE BRACELET,0.08443708609271523,30.81953642384106,8.257692307692308,43.0,5.0,6.0,408.45
22323,BAG FOR CHILDREN VINTAGE PINK ,0.15894039735099338,58.01324503311258,4.25,83.0,0.0,1.0,408.0
22324,BAG FOR CHILDREN VINTAGE BLUE ,0.15894039735099338,58.01324503311258,4.25,83.0,0.0,1.0,408.0
23422,PANTRY HOOK BALLOON WHISK ,0.32450331125827814,118.44370860927152,2.08,169.0,22.0,24.0,407.68
35240,ENAMEL BLUE RIM OVAL TRAY SET/2,0.07947019867549669,29.00662251655629,8.49,41.0,3.0,4.0,407.52
23415,HOME SWEET HOME HOOK,0.5397350993377483,197.00331125827813,1.3699999999999999,268.0,28.0,32.0,405.6
22776,"CAKESTAND, 3 TIER, LOVEHEART",0.076158940397351,27.79801324503311,9.328571428571427,39.0,22.0,23.0,405.5
84508B,STRIPES DESIGN TEDDY,0.2632450331125828,96.08443708609272,2.55,137.0,8.0,10.0,405.45
84595B,LARGE TRIFLE DESIGN L BLUE BOWL,0.3791390728476821,138.38576158940398,3.05,151.0,115.0,118.0,405.15
62094B,TURQ ICE CREAM BUM BAG ,0.4155629139072848,151.68046357615896,2.281481481481481,182.0,60.0,63.0,405.05
21663,VINTAGE GLASS SUGAR CADDY,0.11423841059602649,41.69701986754967,5.93,59.0,10.0,11.0,404.55
22346,PARTY PIZZA DISH GREEN POLKADOT,1.663907284768212,607.3261589403974,0.6035,709.0,176.0,188.0,404.31
84984A,GREEN PEONY CUSHION COVER,0.42218543046357615,154.0976821192053,3.8000000000000003,142.0,182.0,185.0,403.75
22204,MILK PAN BLUE POLKADOT,0.20364238410596028,74.3294701986755,3.4523809523809526,104.0,10.0,11.0,403.75
90010B,BLACK/WHITE GLASS/SILVER BRACELET,0.07450331125827815,27.193708609271525,8.95,39.0,12.0,13.0,402.75
20793,BLUE TILED TRAY,0.4519867549668874,164.9751655629139,6.35,114.0,268.0,271.0,402.75
84857C,PINK MONTE CARLO HANDBAG,0.3195364238410596,116.63079470198676,2.8857142857142857,142.0,48.0,50.0,402.54999999999995
21336,GOLD WASHBAG,2.9602649006622515,1080.4966887417218,2.715,446.0,1062.0,1083.0,401.64
21379,CAMPHOR WOOD PORTOBELLO MUSHROOM,0.8245033112582781,300.94370860927154,1.1331111111111112,364.0,123.0,129.0,401.52
84932B,SMALL PINK PEONY FOLDING STOOL,0.3129139072847682,114.2135761589404,3.105882352941176,136.0,78.0,80.0,401.3
71270,PHOTO CLIP LINE,0.5298013245033113,193.37748344370863,1.2719999999999998,276.0,33.0,37.0,401.21
79071B,ENGLISH ROSE METAL WASTE BIN,0.2251655629139073,82.18543046357617,2.95,118.0,11.0,13.0,401.20000000000005
20997,ROSE DU SUD CUSHION COVER ,0.13410596026490065,48.948675496688736,4.95,70.0,7.0,8.0,400.95
20618,QUEEN OF THE SKIES PASSPORT COVER ,0.3195364238410596,116.63079470198676,2.0889189189189192,167.0,14.0,16.0,400.38
90143,SILVER BRACELET W PASTEL FLOWER,0.08940397350993377,32.632450331125824,7.222222222222222,48.0,8.0,9.0,400.0
16243B,BROWN COZY SQUARE PHOTO ALBUM,0.3394039735099338,123.88245033112584,1.95,178.0,0.0,2.0,399.75
21882,SKULLS TAPE,1.5248344370860927,556.5645695364238,0.5783333333333334,694.0,100.0,111.0,398.73
21001,ROSE DU SUD WASHBAG ,0.11092715231788079,40.48841059602649,5.95,58.0,7.0,8.0,398.65000000000003
85142,JARDIN ETCHED GLASS GINGER JAR,0.08278145695364239,30.21523178807947,7.95,44.0,5.0,6.0,397.5
20701,PINK CAT FLORAL CUSHION COVER ,0.46688741721854304,170.41390728476821,3.173076923076923,164.0,197.0,200.0,397.5
72128,COLUMBIAN CANDLE ROUND,1.1357615894039734,414.5529801324503,0.8048148148148148,507.0,88.0,96.0,397.46
90195B,BLACK GEMSTONE BRACELET,0.07450331125827815,27.193708609271525,8.65,40.0,8.0,9.0,396.75
90149,SILVER FLOWR PINK SHELL NECKLACE,0.09933774834437085,36.258278145695364,7.337142857142857,50.0,76.0,77.0,395.28000000000003
84726,LILLIES CANVAS PICTURE,0.38576158940397354,140.80298013245033,2.17,180.0,215.0,218.0,394.85
84563A,PINK & WHITE BREAKFAST TRAY,0.152317880794702,55.59602649006622,5.131818181818182,74.0,11.0,12.0,394.40000000000003
22343,PARTY PIZZA DISH RED WHITE SPOT ,0.7682119205298014,280.3973509933775,0.85,406.0,262.0,267.0,394.4
20662,FIRST CLASS HOLIDAY PURSE ,1.153973509933775,421.20033112582786,2.9388,268.0,358.0,366.0,394.27000000000004
21553,CERAMIC BIRDHOUSE FINCH BLUE  LARGE,0.12417218543046357,45.3228476821192,5.877777777777778,62.0,22.0,23.0,393.6
84951A,SET OF 4 PISTACHIO LOVEBIRD COASTER,0.6506622516556292,237.49172185430464,1.3051219512195122,302.0,41.0,46.0,393.32
20889,JARDIN DE FEMME SCENTED CANDLE,1.086092715231788,396.42384105960264,2.029166666666667,313.0,502.0,510.0,392.0
20753,RETRO PINK SPOT WASHING UP GLOVES,0.30960264900662254,113.00496688741723,2.057894736842105,166.0,21.0,23.0,391.1
47562,ENGLISH ROSE IRONING BOARD COVER,0.17218543046357615,62.847682119205295,3.75,92.0,6.0,7.0,390.0
84016,FLAG OF ST GEORGE CAR FLAG,1.619205298013245,591.0099337748344,0.41847826086956524,840.0,192.0,203.0,389.76
85136B,BLUE SHARK HELICOPTER,0.08112582781456953,29.61092715231788,7.95,43.0,4.0,5.0,389.55
47591B,SCOTTIES DES CHILD'S APRON,0.39072847682119205,142.6158940397351,1.65,208.0,20.0,23.0,389.4
21371,MIRRORED WALL ART POPPIES,0.609271523178808,222.3841059602649,1.2841463414634147,294.0,41.0,45.0,389.4
16044,POP-ART FLUORESCENT PENS,10.251655629139073,3741.8543046357618,0.24,2792.0,18818.0,18890.0,388.8
35004S,SET OF 3 SILVER FLYING DUCKS,0.2251655629139073,82.18543046357617,4.425,96.0,32.0,34.0,388.4
84007,MAGIC GARDEN MOUNT FUJI,0.25165562913907286,91.8543046357616,2.55,134.0,20.0,22.0,387.6
40046A,RED DAISY PAPER LAMPSHADE,0.5314569536423841,193.9817880794702,1.2388235294117647,280.0,45.0,49.0,387.57
84804A,CREAM DELPHINIUM ARTIFICIAL FLOWER,0.35596026490066224,129.9254966887417,2.6876470588235297,155.0,99.0,101.0,387.53000000000003
23537,WALL ART I LOVE LONDON ,0.1423841059602649,51.97019867549669,4.8236842105263165,73.0,24.0,25.0,387.3
20838,FRENCH LATTICE CUSHION COVER ,0.6473509933774835,236.28311258278146,1.1817948717948719,316.0,27.0,32.0,387.29
23103,BELL HEART DECORATION,0.41721854304635764,152.28476821192055,1.6277777777777775,216.0,191.0,194.0,387.0
72800C,4 PINK DINNER CANDLE SILVER FLOCK,0.42549668874172186,155.3062913907285,2.2190476190476187,187.0,40.0,43.0,385.51
22698,TEACUP AND SAUCER REGENCY PINK,0.23841059602649006,87.01986754966887,2.816666666666667,124.0,95.0,97.0,384.0
22838,"CAKE TIN, 3 TIER RED/IVORY",0.046357615894039736,16.920529801324502,14.399999999999999,24.0,13.0,13.0,383.4
84306,S/3 PINK SQUARE PLANTERS ROSES,0.057947019867549666,21.15066225165563,10.95,31.0,6.0,6.0,383.24999999999994
46776B,WOVEN BERRIES CUSHION COVER ,0.3211920529801324,117.23509933774834,4.3950000000000005,115.0,116.0,118.0,383.1
22785,SQUARECUSHION COVER PINK UNION JACK,0.24834437086092714,90.6456953642384,6.103793103448275,86.0,41.0,43.0,382.14
79030D,"TUMBLER, BAROQUE",0.793046357615894,289.4619205298013,1.505625,310.0,385.0,391.0,382.11
84509A,ENGLISH ROSE PLACEMATS,0.1771523178807947,64.66059602649007,3.718,93.0,19.0,20.0,382.05
22446,PIN CUSHION RUSSIAN DOLL PINK,0.18874172185430463,68.8907284768212,3.3500000000000005,101.0,10.0,11.0,381.90000000000003
85090,CANDY SPOT APRON,0.1357615894039735,49.55298013245033,4.65,73.0,5.0,6.0,381.3
90035B,"PEARL & SHELL 42""NECKL. PINK",0.07119205298013245,25.985099337748345,10.185,36.0,74.0,74.0,380.89
20659,ECONOMY LUGGAGE TAG,0.47516556291390727,173.43543046357615,1.352197802197802,253.0,15.0,18.0,380.81
72750B,"F.FAIRY S/3 CANDLE/GLASS,LAVENDER",0.3195364238410596,116.63079470198676,2.3944444444444444,156.0,163.0,165.0,380.35
84802B,PURPLE ANEMONE ARTIFICIAL FLOWER,0.6705298013245033,244.7433774834437,1.53125,283.0,202.0,207.0,379.65000000000003
85167A,WHITE GRAND BAROQUE PHOTO FRAME,0.28807947019867547,105.14900662251655,3.5,123.0,80.0,82.0,379.5
85097B,BLUE ROCKING SINGING CANARY,0.1672185430463576,61.03476821192053,3.75,90.0,11.0,12.0,378.75
22032,BOTANICAL LILY GREETING CARD,1.4950331125827814,545.6870860927152,0.4183783783783783,808.0,13.0,23.0,378.42
72801E,S/4 FESTIVE GREEN DINNER CANDLES,1.1870860927152318,433.2864238410596,1.170952380952381,430.0,544.0,552.0,378.33
85211,S/4 GROOVY CAT MAGNETS,0.46192052980132453,168.60099337748346,1.5029629629629628,237.0,32.0,35.0,377.96999999999997
35969,FOLKART CROWN TABLE DECORATIONS,0.7450331125827815,271.9370860927152,1.4594999999999998,305.0,71.0,76.0,376.74
85007,SET OF 3 VINTAGE TEA TIME BOXES,0.23013245033112584,83.99834437086093,3.9,104.0,30.0,32.0,376.35
23457,LARGE PARLOUR PICTURE FRAME,0.12748344370860928,46.53145695364239,4.933333333333334,69.0,10.0,11.0,375.75
21252,SET OF MEADOW  FLOWER STICKERS,0.26655629139072845,97.29304635761588,2.743125,133.0,53.0,55.0,375.65000000000003
16218,CARTOON  PENCIL SHARPENERS,7.491721854304636,2734.478476821192,0.098,3735.0,291.0,343.0,375.6
22286,DECORATION WOBBLY RABBIT METAL ,1.2466887417218544,455.04139072847687,0.6699999999999999,583.0,102.0,111.0,375.57
21418,STARFISH SOAP DISH,0.26655629139072845,97.29304635761588,2.3544444444444443,144.0,14.0,16.0,375.35
71403,"PINK/WHITE ""KEEP CLEAN"" BULLET BIN",0.21026490066225165,76.74668874172185,2.95,114.0,18.0,19.0,374.65000000000003
84951B,SET OF 4 BLACK LOVEBIRD COASTERS,0.5894039735099338,215.13245033112582,1.3107894736842105,286.0,52.0,56.0,374.54
84422,PINK/BLUE DISC/MIRROR STRING,1.240066225165563,452.6241721854305,0.7132,563.0,414.0,423.0,374.31
84661B,BLACK SQUARE TABLE CLOCK,0.34271523178807944,125.091059602649,2.191923076923077,169.0,42.0,44.0,374.29
72803B,OCEAN SCENT CANDLE JEWELLED DRAWER,0.1456953642384106,53.17880794701986,4.25,79.0,12.0,13.0,374.0
23128,DOLLCRAFT BOY JEAN-PAUL ,0.1357615894039735,49.55298013245033,4.883333333333334,71.0,46.0,47.0,373.9
20781,GOLD EAR MUFF HEADPHONES,0.12748344370860928,46.53145695364239,5.230975609756097,67.0,8.0,9.0,373.17
22135,LADLE LOVE HEART PINK,1.5480132450331126,565.024834437086,0.4179310344827586,822.0,162.0,173.0,372.54
84680,CLASSICAL ROSE URN,0.15562913907284767,56.8046357615894,7.06764705882353,63.0,49.0,50.0,372.3
47021G,SET/6 BEAD COASTERS GAUZE BAG GOLD,1.044701986754967,381.3162251655629,1.0443478260869565,427.0,134.0,141.0,371.65
22345,PARTY PIZZA DISH BLUE POLKADOT,1.7086092715231789,623.6423841059603,0.5912,726.0,155.0,167.0,371.46
46126A,ELVIS WALLHANGING / CURTAIN,0.4917218543046358,179.47847682119206,1.25,268.0,60.0,63.0,371.25
16219,HOUSE SHAPE PENCIL SHARPENER,5.30794701986755,1937.4006622516556,0.12515151515151515,2782.0,405.0,442.0,371.01
23039,T-LIGHT HOLDER SILVER HEART HANDLE,0.31788079470198677,116.02649006622516,1.9369565217391302,173.0,24.0,26.0,370.79999999999995
84563B,BLUE & WHITE BREAKFAST TRAY,0.15894039735099338,58.01324503311258,4.40945945945946,81.0,10.0,11.0,370.20000000000005
84931A,PINK SCOTTIE DOG W FLOWER PATTERN,0.24172185430463577,88.22847682119206,2.5404255319148934,132.0,10.0,12.0,369.6
21375,LARGE CAMPHOR WOOD FIELD MUSHROOM ,0.15397350993377484,56.200331125827816,4.798275862068966,77.0,14.0,15.0,368.25
21520,BOOZE & WOMEN GREETING CARD ,1.4735099337748345,537.8311258278146,0.4173529411764706,803.0,35.0,45.0,368.04
35915A,CREAM KNITTED HEN,0.4768211920529801,174.03973509933775,1.27,262.0,0.0,3.0,365.76
84901,BLACK FACE LAMB WITH PANTS,0.16225165562913907,59.22185430463576,3.737142857142857,89.0,4.0,5.0,365.34
22447,PIN CUSHION BABUSHKA BLUE,0.19370860927152317,70.70364238410596,3.2051724137931035,105.0,12.0,13.0,364.65000000000003
85204,HANGING WOOD AND FELT FLOWER,3.5596026490066226,1299.2549668874171,0.2962962962962963,1481.0,272.0,297.0,364.62
90161D,ANT COPPER PINK BOUDICCA BRACELET,0.12251655629139073,44.71854304635762,4.847916666666667,68.0,10.0,11.0,363.85
22511,DOORSTOP RUSSIAN DOLL RETROSPOT,0.16556291390728478,60.43046357615894,3.7294285714285715,90.0,15.0,16.0,363.48
46776A,WOVEN BUBBLE GUM CUSHION COVER,0.31456953642384106,114.81788079470199,4.3950000000000005,114.0,116.0,118.0,363.3
46776F,WOVEN ROSE GARDEN CUSHION COVER ,0.2847682119205298,103.94039735099338,4.514705882352941,107.0,124.0,126.0,363.0
84905,PINK BUTTERFLY CUSHION COVER ,0.24006622516556292,87.62417218543047,4.079411764705883,104.0,39.0,41.0,362.55
35922,EASTER BUNNY WREATH,0.12582781456953643,45.9271523178808,4.916666666666667,68.0,18.0,19.0,362.2
90082B,DIAMANTE BOW BROOCH RED COLOUR,0.09437086092715231,34.4453642384106,6.349999999999999,52.0,8.0,9.0,361.95
90198B,VINTAGE ROSE BEAD BRACELET BLACK,0.14072847682119205,51.365894039735096,4.25,78.0,10.0,11.0,361.25
22559,SEASIDE FRISBEE ,0.5016556291390728,183.10430463576157,1.231904761904762,273.0,55.0,59.0,360.51
21678,PAISLEY PATTERN  STICKERS,0.8526490066225165,311.2168874172185,0.8193478260869564,436.0,76.0,82.0,358.78999999999996
23429,RED RETRO KITCHEN WALL CLOCK,0.0728476821192053,26.58940397350993,8.15,40.0,5.0,6.0,358.6
22259,FELT FARM ANIMAL HEN,0.7913907284768212,288.8576158940397,1.155142857142857,354.0,114.0,120.0,358.46
21017,RED BIRD HOUSE TREE DECORATION,0.9072847682119205,331.158940397351,0.8025641025641026,454.0,142.0,148.0,358.28
16216,LETTER SHAPE PENCIL SHARPENER,6.846026490066225,2498.7996688741723,0.12607594936708863,3148.0,787.0,835.0,358.18
84707B,PINK JEWELLED MIRROR TRINKET TRAY,0.07781456953642384,28.4023178807947,9.31409090909091,39.0,10.0,11.0,357.65999999999997
47579,TEA TIME BREAKFAST BASKET,0.2814569536423841,102.73178807947019,2.1,156.0,15.0,17.0,357.0
22555,PLASTERS IN TIN MR STRONG ,0.37748344370860926,137.7814569536424,1.6318181818181818,205.0,110.0,113.0,357.0
37482P,CUBIC MUG PINK POLKADOT,0.8807947019867549,321.49006622516555,1.028181818181818,395.0,98.0,104.0,356.52
84918,CREAM CUSHION COVER WITH FLOWERS,0.17052980132450332,62.243377483443716,6.235714285714286,71.0,57.0,58.0,355.85
84509B,FAIRY CAKE PLACEMATS,0.16556291390728478,60.43046357615894,3.713636363636364,90.0,21.0,22.0,355.8
84800M,MEDIUM WHITE/PINK ROSE ART FLOWER,0.41225165562913907,150.47185430463577,1.5853846153846154,218.0,37.0,40.0,355.53000000000003
35004P,SET OF 3 PINK FLYING DUCKS,0.1390728476821192,50.7615894039735,5.040476190476191,71.0,18.0,19.0,354.6
21729,SMALL MARAKESH METAL  LANTERN ,0.18874172185430463,68.8907284768212,3.2291666666666665,103.0,29.0,30.0,354.5
22039,BOTANICAL LILY GIFT WRAP,1.4072847682119205,513.658940397351,0.41466666666666663,787.0,62.0,72.0,353.0
78033,FLAG OF ST GEORGE CHAIR,0.12086092715231789,44.11423841059603,5.464285714285714,64.0,20.0,21.0,352.75
79191B,RETRO PLASTIC POLKA TRAY,0.7466887417218543,272.5413907284768,0.8458490566037735,401.0,86.0,91.0,351.66999999999996
72487,ROSES WHITE ROUND CANDLE,1.3675496688741722,499.15562913907286,0.9776923076923077,505.0,551.0,561.0,351.62
84809B,PINK CHRYSANTHEMUMS ART FLOWER,0.4900662251655629,178.87417218543047,1.7875,224.0,211.0,214.0,351.6
18094C,WHITE AND BLUE CERAMIC OIL BURNER,0.5165562913907285,188.54304635761588,1.1884615384615385,282.0,24.0,28.0,351.6
23337,EGG FRYING PAN MINT ,0.27980132450331124,102.1274834437086,2.08,157.0,9.0,11.0,351.52000000000004
84741C,CITRUS GARLAND FELT FLOWERS ,0.2980132450331126,108.7748344370861,1.95,167.0,13.0,15.0,351.0
21529,RED RETROSPOT TOASTRACK,0.17218543046357615,62.847682119205295,3.4214285714285713,96.0,12.0,13.0,349.8
35471A,SET OF 3 BIRD L.BLUE FEATHER,0.5960264900662252,217.5496688741722,1.1857142857142857,303.0,39.0,43.0,349.2
72750A,"F.FAIRY S/3 CANDLE/GLASS,LILY/VALLY",0.29304635761589404,106.96192052980132,2.45,148.0,174.0,176.0,349.15000000000003
85168B,BLACK BAROQUE CARRIAGE CLOCK,0.061258278145695365,22.35927152317881,9.679565217391303,34.0,6.0,6.0,348.66999999999996
23057,GEMSTONE CHANDELIER T-LIGHT HOLDER,0.1291390728476821,47.13576158940397,4.835714285714286,70.0,71.0,72.0,347.7
47563A,RETRO LONGBOARD IRONING BOARD COVER,0.3708609271523179,135.36423841059602,1.9758064516129032,185.0,24.0,27.0,347.5
16258A,SWIRLY CIRCULAR RUBBERS IN BAG,1.6986754966887416,620.0165562913907,0.4244736842105263,855.0,103.0,115.0,347.19
84402D,PINK DRESS JEWELLERY STAND ,0.6142384105960265,224.19701986754967,1.6136363636363635,264.0,138.0,142.0,346.85
46000R,POLYESTER FILLER PAD 45x30cm,0.3956953642384106,144.42880794701986,1.45,223.0,21.0,24.0,346.55
23576,SNACK TRAY RED VINTAGE DOILY,0.30629139072847683,111.79635761589404,1.94,170.0,37.0,39.0,346.34999999999997
23150,IVORY SWEETHEART SOAP DISH,0.23013245033112584,83.99834437086093,2.49,130.0,10.0,12.0,346.11
17129D,CLEAR COLOUR GLASS GEMS IN BAG,0.8576158940397351,313.02980132450335,0.7615789473684211,453.0,167.0,173.0,344.53999999999996
21736,GOLD SCROLL GLASS T-LIGHT HOLDER,0.2947019867549669,107.56622516556291,2.0256521739130435,163.0,32.0,34.0,343.02
79336,LIGHT PINK FLOCK GLASS CANDLEHOLDER,1.3774834437086092,502.78145695364236,0.85625,542.0,342.0,352.0,342.83
17181,CIRCLE OF FRIENDS CANDLE HOLDER,0.4867549668874172,177.66556291390728,2.1533333333333333,203.0,72.0,75.0,341.7
21757,LIGHTHOUSE PRINTED METAL SIGN,0.11423841059602649,41.69701986754967,4.95,65.0,5.0,6.0,341.55
37444C,PINK BREAKFAST CUP AND SAUCER ,2.642384105960265,964.4701986754967,1.9923529411764709,492.0,1108.0,1126.0,341.48
20615,BLUE SPOTTY PASSPORT COVER,0.3675496688741722,134.15562913907286,2.067948717948718,180.0,69.0,72.0,341.2
84509C,SET OF 4 POLKADOT PLACEMATS ,0.15894039735099338,58.01324503311258,3.725,88.0,17.0,18.0,340.8
20666,ECONOMY HOLIDAY PURSE,1.4420529801324504,526.3493377483444,2.679090909090909,313.0,509.0,519.0,340.65000000000003
22813,PACK 3 BOXES BIRD PANETTONE ,0.29304635761589404,106.96192052980132,2.551428571428571,145.0,107.0,109.0,340.33
23044,PAPER LANTERN 9 POINT HOLLY STAR S,0.1357615894039735,49.55298013245033,4.15,77.0,20.0,21.0,340.3
75149N,STRING CRYSTALS NATURAL,0.4503311258278146,164.37086092715234,1.25,256.0,30.0,33.0,340.0
21027,NINJA RABBIT PINK,0.45695364238410596,166.78807947019868,1.2420833333333332,259.0,21.0,24.0,339.3
82076,BEECH WOOD PHOTO FRAME ,0.44867549668874174,163.76655629139074,1.25,256.0,67.0,70.0,338.75
79323S,SILVER CHERRY LIGHTS,0.09768211920529801,35.65397350993378,6.395454545454545,53.0,32.0,33.0,338.45000000000005
37444B,BLUE BREAKFAST CUP AND SAUCER ,3.3046357615894038,1206.1920529801323,2.6182352941176474,480.0,1424.0,1447.0,338.44
84926D,LA PALMIERA TILE COASTER,1.2615894039735098,460.4801324503311,0.7589743589743589,551.0,95.0,104.0,337.89
84081,WHITE CERAMIC PARTY SET (5PCS),0.15562913907284767,56.8046357615894,4.078,83.0,41.0,42.0,337.58
84497,BUTTONS AND STRIPES NOTEBOOK ,0.1490066225165563,54.38741721854305,3.75,85.0,9.0,10.0,337.5
20903,VINTAGE KEEPSAKE BOX TRAVELOGUE,0.17052980132450332,62.243377483443716,5.655263157894736,74.0,36.0,37.0,337.25
20976,12 PENCILS SMALL TUBE POSY,0.8576158940397351,313.02980132450335,0.65,491.0,49.0,55.0,336.7
23127,DOLLCRAFT GIRL NICOLE,0.11258278145695365,41.092715231788084,4.95,64.0,14.0,15.0,336.6
23661,MILK MAIDS MUG ,0.33774834437086093,123.27814569536424,1.6499999999999997,193.0,19.0,21.0,336.6
85086A,CANDY SPOT HEART DECORATION,0.6556291390728477,239.30463576158942,0.85,375.0,23.0,28.0,336.59999999999997
82081,PINK HEARTS PHOTO ALBUM,0.2632450331125828,96.08443708609272,3.0416666666666665,126.0,38.0,40.0,336.25
21004,ROSE DU SUD CHILDS APRON,0.13079470198675497,47.74006622516556,4.25,75.0,6.0,7.0,335.75
84915,HAND TOWEL PINK FLOWER AND DAISY,0.3443708609271523,125.69536423841059,4.08,124.0,105.0,107.0,335.5
84249D,FAIRY CAKE GREETINGS CARD,1.3394039735099337,488.88245033112577,0.4189090909090909,764.0,41.0,50.0,335.46
84292,ROSE PINK METAL FOLDING CHAIR,0.0695364238410596,25.38079470198675,7.95,40.0,10.0,10.0,333.90000000000003
22029,SPACE BOY BIRTHDAY CARD,1.3327814569536425,486.4652317880795,0.41886792452830185,762.0,46.0,55.0,333.78000000000003
17109A,FLOWER FAIRY INCENSE LILY,1.173841059602649,428.45198675496687,1.1861538461538461,425.0,374.0,382.0,333.61
47583B,SET OF 3 WICKER BASKET TEA AND CAKE,0.04470198675496689,16.316225165562912,21.958333333333332,19.0,31.0,31.0,332.6
72801C,4 ROSE PINK DINNER CANDLES,0.8741721854304636,319.07284768211923,1.0904545454545453,382.0,224.0,230.0,332.15999999999997
20695,FLORAL BLUE MONSTER,0.1357615894039735,49.55298013245033,4.173076923076923,77.0,19.0,20.0,332.0
23484,HEART TRELLIS TRIPLE T-LIGHT HOLDER,0.19536423841059603,71.30794701986756,2.870952380952381,111.0,22.0,23.0,331.42
85024B,EAU DE NILE JEWELLED PHOTOFRAME,0.3609271523178808,131.73841059602648,1.6404761904761902,200.0,135.0,138.0,330.90000000000003
23420,PANTRY HOOK TEA STRAINER ,0.2632450331125828,96.08443708609272,2.08,152.0,22.0,24.0,330.72
37464,ROBOT MUG IN DISPLAY BOX,0.4552980132450331,166.1837748344371,1.2419148936170212,259.0,35.0,38.0,330.07
72814,SET/3 CHRISTMAS BRIAR CANDLES,0.1456953642384106,53.17880794701986,3.75,84.0,16.0,17.0,330.0
84925A,WAKE UP COCKEREL WALL THERMOMETER,0.29304635761589404,106.96192052980132,2.493333333333333,146.0,160.0,162.0,328.95
72811,SMALL ZINC/GLASS CANDLEHOLDER,0.7301324503311258,266.49834437086093,1.2994999999999999,320.0,154.0,159.0,328.77
47592A,CAROUSEL DES CHILD'S OVERALL,0.2582781456953642,94.27152317880794,2.1,150.0,23.0,25.0,327.6
23236,DOILEY BISCUIT TIN,0.1986754966887417,72.51655629139073,2.8592307692307695,113.0,51.0,52.0,327.59999999999997
35912B,WHITE/PINK CHICK DECORATION,0.4685430463576159,171.0182119205298,1.2353846153846153,263.0,81.0,84.0,326.39
21309,LOUVRE CHALKBOARD,0.08112582781456953,29.61092715231788,9.16,40.0,76.0,77.0,325.6
90209A,PURPLE ENAMEL+GLASS HAIR COMB,0.28642384105960267,104.54470198675497,1.9949999999999999,162.0,74.0,76.0,325.5
90120B,BLUE MURANO TWIST BRACELET,0.12748344370860928,46.53145695364239,4.166666666666667,75.0,13.0,14.0,325.5
22045,SPACE BOY GIFT WRAP,1.283112582781457,468.33609271523176,0.42,747.0,50.0,59.0,325.5
85087,CANDY SPOT CUSHION COVER,0.1870860927152318,68.2864238410596,2.947142857142857,108.0,23.0,24.0,325.11000000000007
23521,WALL ART CAT AND BIRD ,0.19536423841059603,71.30794701986756,2.7544444444444447,114.0,29.0,30.0,324.98
82011C,BATHROOM SCALES FOOTPRINTS IN SAND,0.15728476821192053,57.408940397350996,3.673809523809524,88.0,12.0,13.0,324.25
23521,CAT AND BIRD WALL ART,0.4470198675496689,163.16225165562915,2.005,202.0,503.0,506.0,323.64
84898F,YELLOW FLOWERS FELT HANDBAG KIT,0.25496688741721857,93.06291390728478,2.1,149.0,11.0,13.0,323.40000000000003
20655,QUEEN OF SKIES LUGGAGE TAG,0.4370860927152318,159.53642384105962,1.2656382978723404,251.0,14.0,17.0,321.02
23205,CHARLOTTE BAG ALPHABET  DESIGN,0.6622516556291391,241.72185430463577,0.838181818181818,380.0,91.0,96.0,320.5
85112,S/3 TEAR DROP CUT GLASS DECORATION,0.7102649006622517,259.24668874172187,1.2173913043478262,326.0,260.0,265.0,320.25
85070,ANT WHITE SWEETHEART TABLE W 3 DRAW,0.004966887417218543,1.8129139072847682,106.66666666666667,3.0,0.0,0.0,320.0
21038,SET/4 MODERN VINTAGE COTTON NAPKINS,0.2582781456953642,94.27152317880794,2.1124489795918366,149.0,10.0,12.0,319.8
84801B,WHITE HYDRANGEA ART FLOWER,0.3344370860927152,122.06953642384106,2.009375,174.0,71.0,73.0,319.8
90148,LONG SILVER NECKLACE PASTEL FLOWER,0.041390728476821195,15.107615894039736,12.75,24.0,3.0,3.0,318.75
21243,PINK POLKADOT PLATE ,0.3344370860927152,122.06953642384106,1.6766666666666667,191.0,96.0,98.0,318.34
23523,WALL ART TREASURE AHOY ,0.14403973509933773,52.574503311258276,3.708181818181818,84.0,13.0,14.0,317.97
23116,VEGETABLE GARDEN CHOPPING BOARD,0.11589403973509933,42.30132450331126,4.902941176470589,66.0,37.0,38.0,317.70000000000005
84881,BLUE WIRE SPIRAL CANDLE HOLDER,0.08278145695364239,30.21523178807947,6.35,49.0,4.0,5.0,317.5
84933C,LARGE BLUE ORIENTAL FOLDING STOOL,0.2251655629139073,82.18543046357617,4.716666666666667,93.0,147.0,149.0,317.0
90002D,FLOWER BURST SILVER RING CRYSTAL,0.15066225165562913,54.991721854304636,3.7261904761904763,86.0,46.0,47.0,316.25
47597,NEW ENGLAND TEATOWELS,0.2052980132450331,74.93377483443709,2.55,121.0,10.0,11.0,316.2
23421,PANTRY HOOK SPATULA,0.25165562913907286,91.8543046357616,2.08,149.0,22.0,24.0,316.16
16207B,PINK HEART RED HANDBAG,0.34933774834437087,127.50827814569537,2.5200000000000005,159.0,143.0,145.0,315.96000000000004
90201B,BLACK ENAMEL FLOWER RING,0.1771523178807947,64.66059602649007,2.95,105.0,15.0,16.0,315.65000000000003
47504G,ENGLISH ROSE TAPE MEASURE,0.423841059602649,154.7019867549669,1.2459574468085106,249.0,25.0,28.0,315.44
23037,CANDLE HOLDER SILVER MADELINE,0.3195364238410596,116.63079470198676,1.7299999999999998,184.0,22.0,24.0,315.29
17011F,ORIGAMI SANDLEWOOD INCENSE+FLOWER,0.6291390728476821,229.63576158940398,1.4233333333333333,284.0,209.0,213.0,315.15
90198A,VINTAGE ROSE BEAD BRACELET RASPBERR,0.12251655629139073,44.71854304635762,4.25,73.0,9.0,10.0,314.5
84933A,LARGE GREEN PEONY FOLDING STOOL,0.21688741721854304,79.16390728476821,4.716666666666666,92.0,161.0,163.0,314.34999999999997
22395,PAPERWEIGHT VINTAGE PAISLEY,0.3543046357615894,129.32119205298014,1.937272727272727,183.0,28.0,30.0,313.86
46000U,POLYESTER FILLER PAD 30CMx30CM,0.4155629139072848,151.68046357615896,1.25,246.0,22.0,25.0,313.75
20902,VINTAGE KEEPSAKE BOX PARIS DAYS,0.11423841059602649,41.69701986754967,6.003333333333333,59.0,34.0,35.0,313.34999999999997
23130,MISELTOE HEART WREATH ,0.13245033112582782,48.34437086092716,4.07,77.0,79.0,80.0,312.8
85170B,SET/6 BLACK BIRD T-LIGHT CANDLES,0.3923841059602649,143.2201986754967,1.885757575757576,195.0,58.0,61.0,312.78000000000003
20940,SET/6 GARDEN GNOME T-LIGHT CANDLES,0.1870860927152318,68.2864238410596,2.905555555555556,108.0,36.0,37.0,312.55
23339,EGG FRYING PAN BLUE ,0.24834437086092714,90.6456953642384,2.08,148.0,10.0,12.0,312.0
85202,HANGING WOOD AND FELT HEART,1.2334437086092715,450.2069536423841,0.4194,733.0,37.0,46.0,311.46
35967,FOLK ART METAL STAR T-LIGHT HOLDER,1.3013245033112584,474.9834437086093,0.39610169491525427,774.0,40.0,49.0,310.08
35911A,MULTICOLOUR RABBIT EGG WARMER,0.4304635761589404,157.11920529801324,1.503809523809524,229.0,28.0,31.0,309.65
84933B,LARGE PINK PEONY FOLDING STOOL,0.2251655629139073,82.18543046357617,3.408333333333333,110.0,159.0,161.0,309.15
22844,VINTAGE DOG FOOD CONTAINER,0.059602649006622516,21.75496688741722,8.61,36.0,39.0,39.0,308.64
84711A,SILVER OVAL SHAPE TRINKET BOX,0.05132450331125828,18.733443708609272,9.95,31.0,4.0,4.0,308.45
21946,PARTY TIME DESIGN FLANNEL,0.9586092715231788,349.8923841059603,0.7833333333333333,473.0,199.0,206.0,307.81
84706A,ENGLISH ROSE TABLE CLOCK,0.2251655629139073,82.18543046357617,5.449999999999999,87.0,135.0,137.0,307.2
23478,WOODLAND LARGE PINK FELT HEART,0.4602649006622517,167.99668874172187,1.2289999999999999,261.0,253.0,256.0,307.18
20688,BEAUTY SPEED EXPRESSO CUPS,0.7649006622516556,279.1887417218543,4.45,177.0,604.0,609.0,306.9
90180A,BLACK+WHITE NECKLACE W TASSEL,0.057947019867549666,21.15066225165563,9.58157894736842,33.0,7.0,7.0,306.25
90160A,PURPLE BOUDICCA LARGE BRACELET,0.0728476821192053,26.58940397350993,6.95,44.0,8.0,9.0,305.8
23575,SNACK TRAY PAISLEY PARK,0.271523178807947,99.10596026490066,1.9375,160.0,41.0,43.0,305.4
21943,CAKES AND RABBITS DESIGN FLANNEL ,0.640728476821192,233.8658940397351,0.8353658536585366,374.0,36.0,40.0,304.83
23131,MISELTOE HEART WREATH WHITE,0.1291390728476821,47.13576158940397,4.050000000000001,76.0,84.0,85.0,304.5
90175C,BLUE GLASS CHUNKY CHARM BRACELET,0.056291390728476824,20.546357615894042,8.95,34.0,6.0,6.0,304.3
62095B,TURQOISE ICE CREAM SUNHAT,0.478476821192053,174.64403973509934,1.456315789473684,245.0,117.0,120.0,304.09000000000003
84838,ANT WHITE HIGH RISE BIRD BOX,0.08112582781456953,29.61092715231788,7.666666666666667,44.0,108.0,109.0,304.0
79303B,BLUE STAR BLOCK TABLE LAMP,0.17052980132450332,62.243377483443716,2.95,103.0,188.0,189.0,303.85
22786,PILLOWCUSHION COVER PINK UNION JACK,0.08443708609271523,30.81953642384106,5.95,51.0,7.0,8.0,303.45
21306,SET/4 DAISY MIRROR MAGNETS,1.1076158940397351,404.27980132450335,1.0250877192982457,444.0,70.0,78.0,302.9
72801G,4 BURGUNDY WINE DINNER CANDLES,0.8758278145695364,319.67715231788077,1.1203125,378.0,190.0,196.0,302.69
72753D,S/3 FLWR FAIRY SUMMER CANDLES,0.23841059602649006,87.01986754966887,2.1,144.0,92.0,94.0,302.40000000000003
85147,JARDIN ETCHED GLASS CANDLEHLDR LONG,0.10099337748344371,36.86258278145696,4.95,61.0,9.0,10.0,301.95
90035C,"PEARL & SHELL 42""NECKL. IVORY",0.046357615894039736,16.920529801324502,10.75,28.0,33.0,33.0,301.0
22453,MEASURING TAPE RUSSIAN DOLL BLUE,0.16887417218543047,61.63907284768212,2.95,102.0,10.0,11.0,300.90000000000003
22852,ENAMEL DOG BOWL CREAM,0.12582781456953643,45.9271523178808,4.206666666666667,74.0,96.0,97.0,300.48
84535A,ENGLISH ROSE NOTEBOOK A6 SIZE,0.9519867549668874,347.4751655629139,0.6453061224489796,519.0,197.0,204.0,300.15000000000003
21132,SILVER STANDING GNOME   ,0.11920529801324503,43.50993377483444,4.043103448275862,73.0,10.0,11.0,300.0
23396,LA JARDIN BOTANIQUE CUSHION COVER,0.13245033112582782,48.34437086092716,3.75,80.0,7.0,8.0,300.0
84984C,ORIENTAL BLUE CUSHION COVER ,0.3609271523178808,131.73841059602648,3.192857142857143,144.0,206.0,209.0,299.7
84673B,BLUE FLY SWAT,0.695364238410596,253.80794701986756,0.76025,409.0,34.0,39.0,299.46
23440,PAINT YOUR OWN EGGS IN CRATE,0.271523178807947,99.10596026490066,2.022,157.0,272.0,274.0,299.36
17001,HEAVENS SCENT FRAGRANCE OILS ASSTD,2.0049668874172184,731.8129139072847,0.27956521739130435,1144.0,385.0,399.0,299.34999999999997
23466,TUSCAN VILLA DOVECOTE BIRD FEEDER,0.061258278145695365,22.35927152317881,8.205882352941176,37.0,7.0,7.0,299.25
79190A,RETRO PLASTIC 70'S TRAY,1.1771523178807948,429.6605960264901,0.42,715.0,38.0,46.0,298.62
84522,PINK PARTY SUNGLASSES,0.2947019867549669,107.56622516556291,1.9125,168.0,97.0,99.0,298.5
82095,HEART BUTTONS JEWELLERY BOX,0.06456953642384106,23.567880794701985,7.65,39.0,3.0,3.0,298.35
21028,NINJA RABBIT BLACK,0.3923841059602649,143.2201986754967,1.387,227.0,23.0,26.0,297.64
84627,CANDY STRIPE ROSE C/COVER ,0.08278145695364239,30.21523178807947,5.95,50.0,14.0,15.0,297.5
90145,SILVER HOOP EARRINGS WITH FLOWER,0.08278145695364239,30.21523178807947,5.95,50.0,6.0,7.0,297.5
20670,VIP HOLIDAY PURSE,1.099337748344371,401.2582781456954,2.955454545454546,261.0,382.0,390.0,296.48
84877B,GREEN ROUND COMPACT MIRROR,0.3758278145695364,137.1771523178808,1.5833333333333333,208.0,49.0,52.0,296.25
21420,OYSTER TRINKET BOX,0.18874172185430463,68.8907284768212,3.0415384615384613,106.0,28.0,29.0,295.62
21697,SET 5 MINI DOUGHNUT FRIDGE MAGNET ,0.6158940397350994,224.80132450331126,1.4914285714285713,275.0,365.0,369.0,295.08000000000004
23126,DOLLCRAFT GIRL AMELIE KIT,0.10927152317880795,39.884105960264904,4.8500000000000005,64.0,56.0,57.0,294.7
84533B,FAIRY CAKES ROUND NESTING BOXES,0.08609271523178808,31.423841059602648,5.813157894736842,52.0,7.0,8.0,293.8
16244A,MAXWELL 2 TONE PINK 60 PAGE PHOTO A,0.23509933774834438,85.8112582781457,3.483333333333333,111.0,158.0,160.0,293.0
72801F,S/4 FESTIVE RED DINNER CANDLES,0.38741721854304634,141.40728476821192,1.25,238.0,24.0,27.0,292.5
84800S,SMALL WHITE/PINK ROSE ART FLOWER,0.6423841059602649,234.47019867549668,1.0989473684210527,327.0,144.0,148.0,292.03999999999996
22952,SET 72 CAKE CASES VINTAGE CHRISTMAS,1.1125827814569536,406.092715231788,0.5175000000000001,626.0,1257.0,1265.0,291.6
72130,COLUMBIAN CANDLE ROUND,1.2268211920529801,447.78973509933775,0.5742307692307692,624.0,107.0,116.0,291.57
21401,BLUE PUDDING SPOON,2.2980132450331126,838.774834437086,0.24717391304347824,1303.0,53.0,69.0,291.06
20826,SILVER APERITIF GLASS,0.5877483443708609,214.52814569536423,1.3478571428571429,282.0,108.0,112.0,290.72
85169B,BLACK LOVE BIRD CANDLE,0.46357615894039733,169.20529801324503,1.1958695652173912,266.0,30.0,33.0,290.24
23410,CURIO CABINET LINEN AND LACE ,0.059602649006622516,21.75496688741722,8.027777777777779,37.0,5.0,5.0,290.1
47503G,ASS FLORAL PRINT TAPE MEASURE,0.3890728476821192,142.01158940397352,1.2424,239.0,38.0,41.0,289.19
90120A,PINK MURANO TWIST BRACELET,0.11258278145695365,41.092715231788084,4.25,70.0,11.0,12.0,289.0
84802A,WHITE ANEMONE ARTIFICIAL FLOWER,0.28311258278145696,103.33609271523179,1.6900000000000002,175.0,31.0,33.0,288.99
82011B,BATHROOM SCALES RUBBER DUCKS,0.1390728476821192,50.7615894039735,3.6679487179487182,83.0,10.0,11.0,287.8
23047,PAPER LANTERN 5 POINT SEQUIN STAR,0.08278145695364239,30.21523178807947,5.75,51.0,5.0,6.0,287.5
90192,JADE DROP EARRINGS W FILIGREE,0.09602649006622517,35.049668874172184,4.95,60.0,7.0,8.0,287.1
17091B,JASMINE TEA INCENSE IN TIN,0.4370860927152318,159.53642384105962,1.2227272727272727,255.0,38.0,41.0,286.8
23695,DOILY THANK YOU CARD,1.163907284768212,424.82615894039736,0.41727272727272724,713.0,59.0,67.0,286.62
84760S,SMALL HANGING GLASS+ZINC LANTERN,0.326158940397351,119.04801324503312,1.45,203.0,23.0,25.0,285.65
23430,BLUE RETRO KITCHEN WALL CLOCK,0.057947019867549666,21.15066225165563,8.15,36.0,5.0,5.0,285.25
37413,ICON MUG REVOLUTIONARY,1.1605960264900663,423.61754966887423,0.4112345679012346,718.0,70.0,78.0,283.71
84247N,PACK/12 BLUE FOLKART CARDS,0.15894039735099338,58.01324503311258,2.95,99.0,15.0,16.0,283.20000000000005
20950,SET/6  ANGEL T-LIGHTS WHITE/GOLD,1.0794701986754967,394.00662251655626,0.4577272727272727,656.0,44.0,52.0,282.96999999999997
22546,MINI JIGSAW FIDO,1.1125827814569536,406.092715231788,0.42000000000000004,695.0,265.0,273.0,282.24
21880,RED AND WHITE SPOT TAPE,0.7185430463576159,262.2682119205298,0.65,449.0,40.0,45.0,282.1
85179A,GREEN BITTY LIGHT CHAIN,0.23013245033112584,83.99834437086093,3.5561538461538467,109.0,29.0,31.0,281.31
21402,RED  EGG  SPOON,2.630794701986755,960.2400662251655,0.24524271844660192,1399.0,63.0,81.0,280.98
90010E,AMBER GLASS/SILVER BRACELET,0.052980132450331126,19.337748344370862,8.591666666666665,34.0,4.0,4.0,279.95
84625B,BLCK NEW BAROQUE CANDLESTICK CANDLE,0.2980132450331126,108.7748344370861,2.3323529411764707,153.0,43.0,45.0,279.0
62096B,PURPLE/TURQ FLOWERS HANDBAG,0.34602649006622516,126.29966887417218,1.3840425531914893,214.0,21.0,23.0,278.75
90014A,SILVER/MOP ORBIT NECKLACE,0.046357615894039736,16.920529801324502,9.95,29.0,4.0,4.0,278.59999999999997
21025,SPACE FROG,0.3658940397350993,133.55132450331126,1.3455555555555554,223.0,24.0,27.0,278.5
20663,QUEEN OF THE SKIES HOLIDAY PURSE ,1.716887417218543,626.6639072847682,2.742,338.0,764.0,776.0,277.19
44235,ASS COL CIRCLE MOBILE ,1.2450331125827814,454.4370860927152,0.4125,742.0,504.0,513.0,276.96
23579,SNACK TRAY I LOVE LONDON,0.24668874172185432,90.04139072847683,1.9375,152.0,42.0,44.0,276.15
84966C,GREEN KASHMIRI BOXED MIRROR,0.0380794701986755,13.899006622516556,12.0,24.0,46.0,46.0,276.0
46118,FUNKY MONKEY CUSHION COVER,0.5364238410596026,195.79470198675494,0.85,339.0,37.0,41.0,275.4
35920,FOUR RABBIT EASTER DECORATIONS,1.7632450331125828,643.5844370860927,1.1949999999999998,519.0,932.0,944.0,275.25
84977,WIRE FLOWER T-LIGHT HOLDER,0.36423841059602646,132.94701986754967,1.25,231.0,14.0,17.0,275.0
79051A,SMOKEY GREY COLOUR D.O.F. GLASS,1.150662251655629,419.9917218543046,0.44384615384615383,688.0,81.0,89.0,274.99
84673A,PINK FLY SWAT,0.7566225165562914,276.1672185430464,0.6466666666666667,462.0,71.0,76.0,274.01
35637C,PINK STRING CURTAIN WITH POLE,0.1605960264900662,58.61754966887417,4.11875,84.0,50.0,51.0,273.34999999999997
21030,SPACE CADET RED,0.36258278145695366,132.34271523178808,1.27075,228.0,19.0,22.0,272.37
84429A,MEDIUM PINK BUDDHA HEAD ,0.152317880794702,55.59602649006622,2.95,97.0,12.0,13.0,271.40000000000003
84192,ASSORTED COLOUR METAL CAT ,0.3741721854304636,136.5728476821192,1.2402564102564102,235.0,35.0,38.0,271.1
90010A,MIDNIGHT BLUE GLASS/SILVER BRACELET,0.05132450331125828,18.733443708609272,8.489285714285714,33.0,7.0,7.0,271.0
85131D,BEADED CRYSTAL HEART PINK ON STICK,0.8079470198675497,294.90066225165566,0.77,438.0,94.0,100.0,270.94
90036D,"FLOWER GLASS GARLAND NECKL.36""BLACK",0.056291390728476824,20.546357615894042,7.95,36.0,6.0,6.0,270.3
47351B,BLUE  VOILE LAMPSHADE,0.16225165562913907,59.22185430463576,2.9214285714285717,101.0,52.0,53.0,269.90000000000003
72793,BLACK BOX MIRROR LANTERN,0.09105960264900662,33.23675496688742,5.5600000000000005,55.0,31.0,32.0,268.75
90201A,PURPLE ENAMEL FLOWER RING,0.15066225165562913,54.991721854304636,2.95,97.0,17.0,18.0,268.45000000000005
23203,JUMBO BAG VINTAGE DOILEY ,0.2367549668874172,86.41556291390728,2.0316666666666667,146.0,166.0,168.0,268.44
21698,MOCK LOBSTER FRIDGE MAGNET,0.7450331125827815,271.9370860927152,0.6843750000000001,446.0,41.0,46.0,268.34
35638B,PINK/BLUE STRING CURTAIN ,0.19039735099337748,69.49503311258279,3.45,100.0,91.0,92.0,268.25
85039C,S/4 BLACK MINI ROSE CANDLE IN BOWL,0.6837748344370861,249.57781456953643,1.364102564102564,302.0,82.0,87.0,267.96999999999997
90082A,DIAMANTE BOW BROOCH GREEN COLOUR,0.0695364238410596,25.38079470198675,6.35,45.0,7.0,7.0,266.7
16202A,PASTEL PINK PHOTO ALBUM ,1.0927152317880795,398.841059602649,3.694210526315789,232.0,408.0,416.0,266.45
20847,ZINC HEART LATTICE CHARGER LARGE,0.11754966887417219,42.90562913907285,3.75,76.0,14.0,15.0,266.25
84482,BUTTONS DESIGN JEWELLERY BOX,0.11754966887417219,42.90562913907285,3.75,76.0,7.0,8.0,266.25
23481,PEARLISED IVORY HEART SMALL ,0.35927152317880795,131.1341059602649,1.2429999999999999,230.0,33.0,36.0,266.21
35981C,WHITE SNOW SCANDINAVIAN STOCKING ,0.9321192052980133,340.22350993377484,0.4870769230769231,591.0,43.0,50.0,266.14
23489,"GARLAND, VINTAGE BELLS",0.152317880794702,55.59602649006622,2.89,98.0,21.0,22.0,265.88
84926A,WAKE UP COCKEREL TILE COASTER,1.0778145695364238,393.4023178807947,0.6785714285714286,538.0,60.0,68.0,265.59
37482P,CUBIC MUG PINK POLKA DOT,0.17218543046357615,62.847682119205295,2.55,111.0,12.0,13.0,265.2
85195,HANGING HEART BASKET,0.24006622516556292,87.62417218543047,2.074375,145.0,101.0,103.0,265.14
35968,FOLK ART METAL HEART T-LIGHT HOLDER,1.1605960264900663,423.61754966887423,0.3768421052631579,750.0,49.0,57.0,264.04
84576,BLUE CAT BISCUIT BARREL PINK HEART,0.1390728476821192,50.7615894039735,4.173809523809524,78.0,17.0,18.0,264.0
37343,POLKADOT MUG PINK ,0.2947019867549669,107.56622516556291,1.5754545454545452,185.0,43.0,45.0,262.86
47586A,PINK FAIRY CAKE CUSHION COVER,0.3294701986754967,120.25662251655629,2.1249999999999996,168.0,45.0,47.0,262.65
90201C,RED ENAMEL FLOWER RING,0.14735099337748345,53.783112582781456,2.95,95.0,12.0,13.0,262.55
84509G,FAIRY CAKE PLACEMATS ,0.12417218543046357,45.3228476821192,3.711904761904762,78.0,22.0,23.0,262.05
84806A,PINK CANDYSTUFT ARTIFICIAL FLOWER,0.5281456953642384,192.773178807947,1.135,291.0,63.0,67.0,261.90999999999997
23194,GYMKHANNA TREASURE BOOK BOX,0.1986754966887417,72.51655629139073,2.189285714285714,129.0,9.0,10.0,261.84000000000003
84623,PINK GINGHAM ROSE FLOOR CUSHION,0.08774834437086093,32.02814569536424,6.7,49.0,19.0,20.0,261.35
21196,ROUND WHITE CONFETTI IN TUBE,0.26158940397350994,95.48013245033113,1.65,170.0,29.0,31.0,260.7
90184A,AMBER CHUNKY BEAD BRACELET W STRAP,0.048013245033112585,17.524834437086092,8.95,31.0,6.0,6.0,259.55
90120C,GREEN MURANO TWIST BRACELET,0.10099337748344371,36.86258278145696,4.25,66.0,9.0,10.0,259.25
84924F,PSYCHEDELIC METAL SIGN CALENDAR,1.6109271523178808,587.9884105960265,1.7650000000000001,408.0,966.0,977.0,259.15
90124A,PINK MURANO TWIST NECKLACE,0.04304635761589404,15.711920529801324,9.95,28.0,4.0,4.0,258.7
16254,TRANSPARENT ACRYLIC TAPE DISPENSER,1.509933774834437,551.1258278145696,0.898,554.0,841.0,852.0,258.36
23032,DOORKNOB CRACKED GLAZE IVORY,0.28807947019867547,105.14900662251655,1.6099999999999999,181.0,267.0,269.0,258.3
20800,LARGE GLASS SUNDAE DISH CLEAR,1.6490066225165563,601.8874172185431,1.4,464.0,3050.0,3062.0,258.2
85129B,BEADED CRYSTAL HEART GREEN SMALL,0.347682119205298,126.90397350993378,1.3066666666666666,220.0,25.0,27.0,258.08
84613C,BLUE NEW BAROQUE FLOCK CANDLESTICK,0.10264900662251655,37.466887417218544,4.580000000000001,64.0,43.0,44.0,258.06
22268,DECORATION SITTING BUNNY,2.2102649006622515,806.7466887417218,0.20534883720930233,1402.0,136.0,151.0,257.60999999999996
22287,DECORATION WOBBLY CHICKEN,0.8625827814569537,314.8427152317881,0.6506896551724138,492.0,103.0,109.0,256.11
77081,FLOWER WINDMILL,0.36258278145695366,132.34271523178808,1.228888888888889,232.0,73.0,76.0,255.51000000000002
46775E,CANDY POP CHUNKY KNITTED THROW ,0.024834437086092714,9.064569536423841,16.95,16.0,3.0,3.0,254.25
23137,ZINC WIRE SWEETHEART LETTER TRAY,0.13245033112582782,48.34437086092716,3.4539999999999997,84.0,23.0,24.0,253.24
90032,IVORY SHELL HEART NECKLACE,0.07450331125827815,27.193708609271525,6.101428571428571,47.0,8.0,9.0,253.17000000000002
90085,CRYSTAL STILETTO PHONE CHARM,0.4917218543046358,179.47847682119206,0.85,325.0,107.0,110.0,252.45
22134,MINI LADLE LOVE HEART RED ,1.0430463576158941,380.7119205298014,0.4636363636363636,641.0,169.0,176.0,252.24
85033S,SET/6 SILVER REINDEER T-LIGHTS,0.40066225165562913,146.24172185430464,0.975,274.0,33.0,36.0,252.2
90178A,AMBER CHUNKY GLASS+BEAD NECKLACE,0.0347682119205298,12.690397350993376,11.95,23.0,4.0,4.0,250.95
21341,KASBAH LANTERN WITH GLASS ,0.09271523178807947,33.841059602649004,4.623333333333334,60.0,25.0,26.0,250.8
90175D,TIGRIS EYE CHUNKY CHARM BRACELET,0.046357615894039736,16.920529801324502,8.95,31.0,6.0,6.0,250.6
20836,FRENCH PAISLEY CUSHION COVER,0.3708609271523179,135.36423841059602,1.1209090909090909,246.0,14.0,17.0,250.00000000000003
84671B,CROCHET BEAR WITH BLUE STRIPES,0.16225165562913907,59.22185430463576,2.55,108.0,15.0,16.0,249.9
85089,CANDY SPOT BUNNY,0.14403973509933773,52.574503311258276,2.886842105263158,95.0,12.0,13.0,249.45000000000005
16052,TEATIME PUSH DOWN RUBBER,1.3410596026490067,489.4867549668874,0.3871428571428571,795.0,286.0,295.0,249.35
79030A,"TUMBLER, ENGLISH ROSE",0.25,91.25,1.65,166.0,16.0,18.0,249.15
84952A,CLEAR LOVE BIRD T-LIGHT HOLDER,0.1390728476821192,50.7615894039735,3.807857142857143,82.0,30.0,31.0,249.11
45016,DECORATIVE NET CANOPY LEOPARD,0.12086092715231789,44.11423841059603,3.611111111111111,78.0,39.0,40.0,248.75
22328,"ROUND SNACK BOXES ,SET 4, FRUITS ",0.1390728476821192,50.7615894039735,2.95,93.0,47.0,48.0,247.8
23015,CORDIAL GLASS JUG,0.04966887417218543,18.129139072847682,8.25,33.0,7.0,7.0,247.5
23476,WOODLAND LARGE RED FELT HEART,0.32781456953642385,119.65231788079471,1.25,219.0,13.0,15.0,247.5
23168,CLASSIC SUGAR DISPENSER,0.3576158940397351,130.5298013245033,1.1975,233.0,47.0,50.0,247.32
23474,WOODLAND SMALL BLUE FELT HEART,0.4917218543046358,179.47847682119206,0.83,329.0,28.0,31.0,246.51000000000002
35914,PINK CHICK EGG WARMER + EGG CUP,0.2897350993377483,105.75331125827815,1.6,182.0,24.0,26.0,246.25
84924D,LA PALMIERA METAL SIGN CALENDAR,1.2582781456953642,459.27152317880797,3.1666666666666665,269.0,629.0,638.0,246.0
21321,GLASS CHALICE BLUE  LARGE ,0.17880794701986755,65.26490066225165,2.480769230769231,115.0,52.0,53.0,245.25
90201D,GREEN ENAMEL FLOWER RING,0.13741721854304637,50.15728476821192,2.95,92.0,18.0,19.0,244.85000000000002
35979,SIX STRING SCANDINAVIAN HEART DECS,0.13741721854304637,50.15728476821192,2.95,92.0,15.0,16.0,244.85000000000002
22175,PINK OWL DECORATION,0.15894039735099338,58.01324503311258,2.55,107.0,0.0,1.0,244.8
84508C,BLUE CIRCLES DESIGN TEDDY,0.15894039735099338,58.01324503311258,2.55,107.0,9.0,10.0,244.8
22176,BLUE OWL DECORATION,0.15894039735099338,58.01324503311258,2.55,107.0,0.0,1.0,244.8
72739B,WHITE CHOCOLATE SCENT CANDLE,0.5811258278145696,212.11092715231788,0.89,345.0,179.0,183.0,244.35
47481,50CM METAL STRING WITH  7 CLIPS,0.5231788079470199,190.96026490066225,0.8451428571428571,336.0,104.0,108.0,244.11999999999998
21388,IVORY HANGING DECORATION  CHICKEN,0.47516556291390727,173.43543046357615,0.85,319.0,29.0,32.0,243.95
84906,PINK B'FLY C/COVER W BOBBLES,0.06788079470198675,24.776490066225165,5.95,46.0,10.0,10.0,243.95
20615,BLUE POLKADOT PASSPORT COVER,0.39072847682119205,142.6158940397351,1.5602500000000001,214.0,33.0,36.0,243.84
22257,FELT FARM ANIMAL SHEEP,0.5331125827814569,194.58609271523176,1.1885185185185188,286.0,123.0,127.0,243.14
35833P,4 PINK FLOCK CHRISTMAS BALLS,0.26655629139072845,97.29304635761588,1.3755813953488372,188.0,16.0,18.0,241.75
23149,ANTIQUE IVORY WIRE BOWL SMALL,0.1605960264900662,58.61754966887417,2.49,108.0,11.0,12.0,241.53
16156L,"WRAP, CAROUSEL",0.9519867549668874,347.4751655629139,0.42,643.0,23.0,30.0,241.5
79190D,RETRO PLASTIC DAISY TRAY,0.9519867549668874,347.4751655629139,0.42,643.0,26.0,33.0,241.5
18096C,WHITE ROUND PORCELAIN TLIGHT HOLDER,0.17549668874172186,64.05629139072848,2.503846153846154,113.0,53.0,54.0,241.5
90191,SILVER LARIAT 40CM,0.052980132450331126,19.337748344370862,10.65,30.0,9.0,9.0,241.4
85103, SILVER T-LIGHT SETTING,0.061258278145695365,22.35927152317881,6.696666666666667,41.0,12.0,12.0,240.15
23495,SET OF 3 PANTRY WOODEN SPOONS,0.31788079470198677,116.02649006622516,1.25,215.0,30.0,32.0,240.0
84984D,ORIENTAL RED CUSHION COVER ,0.2185430463576159,79.76821192052981,3.97,100.0,134.0,136.0,239.8
21722,SWEET PUDDING STICKER SHEET,0.46688741721854304,170.41390728476821,0.85,317.0,58.0,61.0,239.7
23324,RUSTIC STRAWBERRY JAMPOT LARGE ,0.1986754966887417,72.51655629139073,2.0416666666666665,133.0,63.0,64.0,238.56
23028,DOORKNOB CRACKED GLAZE BLUE,0.2682119205298013,97.89735099337747,1.5833333333333333,176.0,341.0,343.0,238.5
46776C,WOVEN FROST CUSHION COVER,0.16887417218543047,61.63907284768212,4.538888888888889,82.0,60.0,61.0,238.5
47578A,ENGLISH ROSE SMALL SCENTED FLOWER,0.46357615894039733,169.20529801324503,0.85,315.0,20.0,23.0,238.0
84629,WHITE 3 FRAME BIRDS AND TREE ,0.039735099337748346,14.503311258278146,12.796153846153846,24.0,6.0,6.0,237.8
90081A,LILY BROOCH AMETHYST COLOUR,0.07947019867549669,29.00662251655629,4.95,54.0,6.0,7.0,237.6
44217M,MULTICOLOUR FEATHERS CURTAIN,0.11920529801324503,43.50993377483444,3.616666666666667,78.0,91.0,92.0,236.40000000000003
17012E,ORIGAMI OPIUM INCENSE/CANDLE SET ,0.3973509933774834,145.03311258278146,2.2375,180.0,238.0,241.0,236.39999999999998
20616,CHERRY BLOSSOM PASSPORT COVER,0.31125827814569534,113.6092715231788,1.6552272727272728,185.0,35.0,37.0,236.18
79328,BLUE FLOCK GLASS CANDLEHOLDER,0.9701986754966887,354.1225165562914,0.6109090909090908,538.0,169.0,176.0,235.38
75178,ASSTD COL BUTTERFLY/CRYSTAL W/CHIME,0.7864238410596026,287.04470198675494,1.0943749999999999,362.0,248.0,254.0,235.19
22954,HEN PARTY CORDON BARRIER TAPE,0.31125827814569534,113.6092715231788,1.25,213.0,23.0,25.0,235.0
20855,PINK PATCH PURSE BLUE HEART,0.23509933774834438,85.8112582781457,1.65,161.0,16.0,18.0,234.29999999999998
84597B,RETRO BROWN BALL ASHTRAY ,0.3228476821192053,117.83940397350993,1.2289473684210528,219.0,29.0,31.0,234.15
23567,EGG CUP HENRIETTA HEN PINK,0.30960264900662254,113.00496688741723,1.25,213.0,26.0,28.0,233.75
22129,PARTY CONES CANDY DECORATION,0.4900662251655629,178.87417218543047,1.4375,249.0,359.0,362.0,233.27999999999997
37483,ENGLISH ROSE MUG IN GIFT BOX,0.2367549668874172,86.41556291390728,2.46,133.0,151.0,153.0,232.89
23475,WOODLAND SMALL PINK FELT HEART,0.46357615894039733,169.20529801324503,0.83,319.0,20.0,23.0,232.4
16212,FUNKY GIRLZ ASST MAGNETIC MEMO PAD,0.5910596026490066,215.73675496688742,0.65,407.0,56.0,60.0,232.04999999999998
79338,DARK PINK FLOCK GLASS CANDLEHOLDER,0.9056291390728477,330.5546357615894,0.8879999999999999,431.0,313.0,319.0,231.99
23447,PINK BUNNY EASTER EGG BASKET,0.26158940397350994,95.48013245033113,1.5999999999999999,173.0,305.0,307.0,231.9
22842,"BISCUIT TIN, RED,IVORY, VINTAGE",0.061258278145695365,22.35927152317881,6.521428571428571,41.0,21.0,21.0,230.55
84926F,PSYCHEDELIC TILE COASTER,0.7698675496688742,281.00165562913907,0.9886666666666667,377.0,84.0,89.0,230.5
23446,BLUE BUNNY EASTER EGG BASKET,0.2599337748344371,94.87582781456953,1.5833333333333333,173.0,347.0,349.0,230.25
20736,PINK MINI TAPE MEASURE ,0.4735099337748344,172.83112582781456,0.8427777777777777,320.0,115.0,118.0,230.1
84461,12 PINK HEN+CHICKS IN BASKET,0.1490066225165563,54.38741721854305,2.55,103.0,12.0,13.0,229.5
20795,LARGE BLUE PROVENCAL CERAMIC BALL,0.19205298013245034,70.09933774834437,2.0758823529411763,130.0,35.0,36.0,228.84
90146,FINE SILVER NECKLACE W PASTEL FLOWE,0.057947019867549666,21.15066225165563,7.232142857142857,38.0,9.0,9.0,228.75
84661A,WHITE SQUARE TABLE CLOCK,0.3360927152317881,122.67384105960265,1.9088,179.0,47.0,49.0,228.54
35096A,BLUE VICTORIAN FABRIC HEART BOX,1.1754966887417218,429.05629139072846,0.4131578947368421,721.0,529.0,537.0,228.39
20987,GEISHA GIRL CHOPSTICKS SET/5,0.19370860927152317,70.70364238410596,1.95,135.0,41.0,42.0,228.15
23036,T-LIGHT HOLDER SILVER PETIT FOUR ,0.30132450331125826,109.98344370860927,1.25,210.0,27.0,29.0,227.5
72781,BLACK SILOUETTE CANDLE PLATE ,0.1986754966887417,72.51655629139073,2.0414285714285714,133.0,53.0,54.0,227.4
84927F,PSYCHEDELIC TILE HOOK,0.5364238410596026,195.79470198675494,1.0675471698113208,303.0,34.0,38.0,227.25
20906,VINTAGE NOTEBOOK BEAUTY GIRL,0.12748344370860928,46.53145695364239,2.95,89.0,9.0,10.0,227.15000000000003
10123C,HEARTS WRAPPING TAPE ,1.0397350993377483,379.50331125827813,0.6217391304347827,552.0,138.0,145.0,226.76000000000002
72750D,F.FAIRY S/3 CANDLE/GLASS,0.18211920529801323,66.47350993377484,2.6772727272727272,111.0,38.0,39.0,226.5
23522,WALL ART DOG AND BALL ,0.14735099337748345,53.783112582781456,2.6500000000000004,101.0,19.0,20.0,226.29
47471,RAINBOW PEGS PHOTO CLIP STRING,0.6307947019867549,230.24006622516555,0.6836585365853659,410.0,92.0,96.0,226.23000000000002
84532B,FAIRY CAKES RECTANGLUAR BOXES,0.06291390728476821,22.9635761589404,5.95,44.0,3.0,3.0,226.1
23003,TRAVEL CARD WALLET VINTAGE ROSE ,0.8956953642384106,326.92880794701983,0.41886792452830185,625.0,116.0,122.0,225.78
85033G,SET/6 GOLD REINDEER T-LIGHT CANDLES,0.33278145695364236,121.46523178807946,1.4444444444444444,205.0,54.0,56.0,225.55
20869,GOLD FABRIC MIRROR,0.7599337748344371,277.37582781456956,0.713125,441.0,186.0,191.0,225.49
17038,PORCELAIN BUDAH INCENSE HOLDER,4.178807947019868,1525.2649006622516,0.093,2864.0,218.0,247.0,225.4
TEST001,This is a test product.,0.08278145695364239,30.21523178807947,4.5,58.0,7.0,8.0,225.0
84529C,YELLOW KNITTED KIDS RUCKSACK,0.054635761589403975,19.942052980132452,6.75,38.0,8.0,8.0,222.75
44234,ASSORTED CIRCULAR MOBILE,1.913907284768212,698.5761589403974,0.20795454545454548,1296.0,312.0,325.0,221.88
37508,NEW ENGLAND CERAMIC CAKE SERVER,0.14403973509933773,52.574503311258276,2.55,102.0,6.0,7.0,221.85
84219,BOX/12 MOTHER & CHICK IN BASKET/BOW,0.15894039735099338,58.01324503311258,2.5269230769230764,107.0,33.0,34.0,220.79999999999998
21144,PINK POODLE HANGING DECORATION ,0.8360927152317881,305.17384105960264,0.5044186046511628,550.0,54.0,60.0,220.79
90070,RUBY GLASS CLUSTER BRACELET,0.061258278145695365,22.35927152317881,5.95,43.0,8.0,8.0,220.15
72739C,DARK CHOCOLATE SCENTCANDLE,0.4817880794701987,175.85264900662253,1.0318181818181817,292.0,164.0,167.0,219.75
84499,BLACK FLOWER CANDLE PLATE,0.4867549668874172,177.66556291390728,0.829,327.0,88.0,91.0,219.66
16258B,DAISY ERASERS IN BAG,1.6788079470198676,612.7649006622516,0.2885714285714286,1030.0,604.0,616.0,219.34
90090,PINK CRYSTAL HEART PHONE CHARM,0.4271523178807947,155.91059602649008,0.85,303.0,55.0,58.0,219.3
90014C,SILVER/BLACK ORBIT NECKLACE,0.03642384105960265,13.294701986754966,9.95,26.0,6.0,6.0,218.89999999999998
85168A,WHITE BAROQUE CARRIAGE CLOCK,0.03642384105960265,13.294701986754966,9.95,26.0,4.0,4.0,218.89999999999998
90058A,CRYSTAL STUD EARRINGS CLEAR DISPLAY,0.9536423841059603,348.0794701986755,0.38,677.0,69.0,76.0,218.88
72225D,VANILLA SCENT CAKE CANDLE ,1.5894039735099337,580.1324503311258,0.26599999999999996,1044.0,744.0,755.0,218.88
20661,BLUE POLKADOT PURSE ,0.5860927152317881,213.92384105960264,3.4283333333333332,177.0,374.0,378.0,218.82000000000002
84993B,75 BLACK PETIT FOUR CASES,0.8625827814569537,314.8427152317881,0.41999999999999993,612.0,44.0,50.0,218.82
22845,VINTAGE CAT FOOD CONTAINER,0.056291390728476824,20.546357615894042,6.462000000000001,40.0,42.0,42.0,218.14
90157,RIVIERA NECKLACE,0.0728476821192053,26.58940397350993,4.95,52.0,7.0,8.0,217.8
17013B,ORIGAMI JASMINE INCENSE IN TUBE,0.42218543046357615,154.0976821192053,0.845,302.0,15.0,18.0,217.6
17011C,ORIGAMI LAVENDER INCENSE+FLOWER,0.5529801324503312,201.83774834437088,0.65,394.0,0.0,4.0,217.1
22588,CARDHOLDER GINGHAM HEART,0.16887417218543047,61.63907284768212,2.325,115.0,278.0,279.0,216.9
90196A,PURPLE GEMSTONE NECKLACE 45CM,0.028145695364238412,10.273178807947021,12.75,20.0,5.0,5.0,216.75
90185C,BLACK DIAMANTE EXPANDABLE RING,0.08443708609271523,30.81953642384106,4.25,60.0,9.0,10.0,216.75
35645,VINTAGE BEAD PINK JEWEL BOX,0.08443708609271523,30.81953642384106,4.25,60.0,5.0,6.0,216.75
22899,CHILDRENS APRON DOLLY GIRL ,0.17052980132450332,62.243377483443716,2.1,122.0,25.0,26.0,216.3
23360,SET 8 CANDLES VINTAGE DOILEY,0.20198675496688742,73.72516556291392,1.907142857142857,139.0,107.0,108.0,216.29999999999998
84807,RED POPPY ARTIFICIAL FLOWER,0.38576158940397354,140.80298013245033,1.5414285714285714,214.0,266.0,269.0,215.93
20799,PINK MILKSHAKE GLASS,0.2764900662251656,100.91887417218544,2.0,159.0,120.0,122.0,215.5
84902,PINK KNITTED COW STUFFED TOY,0.09602649006622517,35.049668874172184,3.728181818181818,69.0,5.0,6.0,215.34
23141,TRIPLE WIRE HOOK PINK HEART,0.11258278145695365,41.092715231788084,3.5900000000000003,76.0,15.0,16.0,215.0
22834,MINI HAND WARMER BABUSHKA DESIGN,0.17880794701986755,65.26490066225165,2.05,126.0,68.0,69.0,214.8
72801D,4 SKY BLUE DINNER CANDLES,0.6009933774834437,219.36258278145695,1.1745454545454546,306.0,222.0,226.0,214.71
84621,BLUE GINGHAM ROSE FLOOR CUSHION ,0.04470198675496689,16.316225165562912,7.950000000000001,32.0,5.0,5.0,214.65
62086A,PINK RETRO BIG FLOWER BAG,0.18211920529801323,66.47350993377484,1.95,131.0,26.0,27.0,214.5
23580,SNACK TRAY HAPPY FOREST  ,0.18211920529801323,66.47350993377484,1.9499999999999997,131.0,14.0,15.0,214.5
22447,PIN CUSHION RUSSIAN DOLL BLUE,0.10596026490066225,38.675496688741724,3.35,76.0,13.0,14.0,214.4
90114,SUMMER DAISIES BAG CHARM,0.1390728476821192,50.7615894039735,2.55,100.0,40.0,41.0,214.2
84457,SET/3 RABBITS FLOWER SKIPPPING ROPE,0.41721854304635764,152.28476821192055,0.8500000000000001,299.0,22.0,25.0,214.2
20980,36 PENCILS TUBE POSY,0.28311258278145696,103.33609271523179,1.25,203.0,20.0,22.0,213.75
84371,BIG PINK POODLE,0.046357615894039736,16.920529801324502,15.212499999999999,24.0,44.0,44.0,213.7
84705C,PINK FLOCK PHOTO FRAME ,0.26490066225165565,96.68874172185431,2.9500000000000006,128.0,203.0,205.0,213.6
51012C,"FEATHER DUSTER, COAL BLACK",0.2814569536423841,102.73178807947019,1.25,203.0,30.0,32.0,212.5
84247C,PACK/12 BLUE REINDEER CARD,0.11920529801324503,43.50993377483444,2.95,86.0,23.0,24.0,212.40000000000003
84725,FREESTYLE CANVAS ART PICTURE,0.22019867549668873,80.37251655629139,2.039285714285714,140.0,44.0,46.0,212.25
21639,ASSORTED TUTTI FRUTTI KEYRING,0.41225165562913907,150.47185430463577,0.8499999999999999,298.0,54.0,57.0,211.64999999999998
85094,CANDY SPOT EGG WARMER RABBIT,1.0082781456953642,368.02152317880797,0.5226190476190476,593.0,68.0,75.0,211.43
90210B,CLEAR ACRYLIC FACETED BANGLE,0.15728476821192053,57.408940397350996,2.5970588235294123,105.0,26.0,27.0,211.25
20818,GOLD TEDDY BEAR,0.13079470198675497,47.74006622516556,3.522727272727273,82.0,24.0,25.0,211.25
21395,BLUE SPOTTY BEAKER ,0.17880794701986755,65.26490066225165,1.95,129.0,12.0,13.0,210.6
47310M,SMALL POP BOX FUNKY MONKEY,0.2847682119205298,103.94039735099338,1.356857142857143,196.0,38.0,40.0,210.48
21032,SPACE CADET WHITE,0.2764900662251656,100.91887417218544,1.3575,193.0,22.0,24.0,210.48
85131B,BEADED CRYSTAL HEART GREEN ON STICK,0.5463576158940397,199.4205298013245,0.9141666666666667,330.0,91.0,95.0,210.17999999999998
21268,VINTAGE BLUE TINSEL REEL,0.6341059602649006,231.44867549668874,0.5839024390243903,445.0,71.0,75.0,209.58
20901,VINTAGE KEEPSAKE BOX PINK FLOWER,0.054635761589403975,19.942052980132452,6.35,40.0,5.0,5.0,209.54999999999998
20827,GOLD APERITIF GLASS,0.28642384105960267,104.54470198675497,1.63375,179.0,109.0,111.0,209.36
35818P,"ACRYLIC JEWEL ICICLE, PINK",0.9089403973509934,331.7632450331126,0.38,661.0,153.0,159.0,208.62
47574B,ENGLISH ROSE SCENTED HANGING HEART,0.08112582781456953,29.61092715231788,4.25,59.0,5.0,6.0,208.25
90123A,PINK HEART OF GLASS BRACELET,0.057947019867549666,21.15066225165563,5.95,42.0,5.0,5.0,208.25
23413,DECORATIVE VINTAGE COFFEE  BOX,0.0728476821192053,26.58940397350993,4.9,52.0,12.0,13.0,208.2
17129F,DEEP BLUE GLASS GEMS IN BAG,0.5231788079470199,190.96026490066225,0.7388235294117648,359.0,84.0,88.0,208.12
37485,ENGLISH ROSE TEA SET IN GIFT BOX,0.08112582781456953,29.61092715231788,4.5975,57.0,25.0,26.0,207.69
21493, VINTAGE DESIGN GIFT TAGS,0.40397350993377484,147.45033112582783,0.8499999999999999,295.0,51.0,54.0,207.4
85131C,BEADED CRYSTAL HEART BLUE ON STICK,0.5099337748344371,186.12582781456956,0.9914814814814815,306.0,83.0,87.0,207.34
16256B,FLOWER PENCIL/RUBBER+5 MINI PENCILS,0.8162251655629139,297.92218543046357,0.42000000000000004,596.0,57.0,63.0,207.06
84690,S/2 BEACH HUT STOOLS,0.04304635761589404,15.711920529801324,7.950000000000001,31.0,6.0,6.0,206.70000000000002
22984,"CARD, GINGHAM ROSE ",0.8145695364238411,297.317880794702,0.42000000000000004,595.0,8.0,14.0,206.64
84247K,"FOLK ART GREETING CARD,pack/12",0.11589403973509933,42.30132450331126,2.9500000000000006,85.0,22.0,23.0,206.5
20814,SILVER FINCH DECORATION,0.30960264900662254,113.00496688741723,1.2025,217.0,96.0,98.0,206.39000000000001
47343A,FUSCHIA FLOWER PURSE WITH BEADS,0.33112582781456956,120.86092715231788,1.1875,226.0,50.0,52.0,206.26
84882,GREEN WIRE STANDING CANDLE HOLDER,0.09105960264900662,33.23675496688742,3.75,67.0,5.0,6.0,206.25
21734,SMALL MARAKESH LANTERN ON STICK,0.09105960264900662,33.23675496688742,3.75,67.0,13.0,14.0,206.25
20652,BLUE POLKADOT LUGGAGE TAG ,0.2632450331125828,96.08443708609272,1.3844444444444444,186.0,19.0,21.0,206.01
21095,SET/6 POSIES PAPER PLATES,0.40066225165562913,146.24172185430464,0.85,293.0,30.0,33.0,205.7
84805A,CREAM CLIMBING HYDRANGA ART FLOWER,0.24006622516556292,87.62417218543047,2.6214285714285714,129.0,146.0,148.0,205.35
90210D,PURPLE ACRYLIC FACETED BANGLE,0.21688741721854304,79.16390728476821,2.2,134.0,70.0,72.0,204.65
90185D,CRYSTAL DIAMANTE EXPANDABLE RING,0.07947019867549669,29.00662251655629,4.25,58.0,9.0,10.0,204.0
84927E,FLOWERS TILE HOOK,0.8096026490066225,295.5049668874172,1.6648000000000003,298.0,227.0,233.0,203.34
21367,MIRRORED WALL ART GENTS,0.32450331125827814,118.44370860927152,1.7422222222222221,184.0,36.0,38.0,202.85999999999999
84870C,GREEN GEISHA GIRL ,0.08940397350993377,32.632450331125824,3.75,66.0,9.0,10.0,202.5
84870B,BLUE GEISHA GIRL ,0.08940397350993377,32.632450331125824,3.75,66.0,8.0,9.0,202.5
72756, FAIRY CAKE CANDLES,0.2533112582781457,92.45860927152319,1.37,184.0,194.0,196.0,202.05
35817P,"ACRYLIC JEWEL SNOWFLAKE,PINK",0.6721854304635762,245.3476821192053,1.3444444444444443,302.0,329.0,334.0,202.02
35991,SET/6 BLACK SNOWFLAKE T-LIGHTS ,0.640728476821192,233.8658940397351,0.5755102040816327,451.0,44.0,48.0,201.91
84723,CHERRY BLOSSOM CANVAS ART PICTURE,0.08940397350993377,32.632450331125824,5.95,52.0,28.0,29.0,201.3
16202C,BEIGE PHOTO ALBUM,0.15562913907284767,56.8046357615894,3.0300000000000002,97.0,37.0,38.0,201.29999999999998
72754A,FLOWER FAIRY POTPOURRI CUSHION LILY,0.48344370860927155,176.45695364238412,1.066,288.0,316.0,319.0,201.24
35824B,"HANGING FLOWERS+MIRROR,BLUE",0.8725165562913907,318.4685430463576,0.38,647.0,623.0,629.0,200.26000000000002
16201A,PASTEL PINK PHOTO ALBUM,0.16556291390728478,60.43046357615894,2.55,109.0,46.0,47.0,199.8
84706F,RED PEONY TABLE CLOCK,0.054635761589403975,19.942052980132452,5.420588235294117,43.0,5.0,5.0,199.35
71053,WHITE MOROCCAN METAL LANTERN,0.07781456953642384,28.4023178807947,4.8549999999999995,54.0,15.0,16.0,199.17
84711B,PINK OVAL SHAPE TRINKET BOX,0.033112582781456956,12.08609271523179,9.95,25.0,3.0,3.0,199.0
90124B,BLUE MURANO TWIST NECKLACE,0.033112582781456956,12.08609271523179,9.95,25.0,4.0,4.0,199.0
35833G,4 GOLD FLOCK CHRISTMAS BALLS,0.20860927152317882,76.14238410596028,1.436206896551724,163.0,18.0,19.0,198.0
21950,SET OF 6 DOTS CHOPSTICKS,0.30629139072847683,111.79635761589404,1.155,220.0,540.0,542.0,197.05
22849,"BREAD BIN, DINER STYLE, MINT",0.02152317880794702,7.855960264900662,15.45,16.0,7.0,7.0,196.35
21369,MIRRORED WALL ART SPLODGES,0.2119205298013245,77.35099337748345,1.9852941176470589,140.0,28.0,29.0,195.0
22326,"ROUND SNACK BOXES ,SET4, WOODLAND ",0.10927152317880795,39.884105960264904,2.9500000000000006,82.0,80.0,81.0,194.70000000000002
84927D,LA PALMIERA TILE HOOK,1.5711920529801324,573.4850993377484,1.3616666666666666,459.0,528.0,539.0,194.61
17014D,ORIGAMI ROSE INCENSE CONES,0.7880794701986755,287.6490066225166,1.015,376.0,408.0,414.0,194.28
46776E,WOVEN CANDY CUSHION COVER ,0.15397350993377484,56.200331125827816,4.277272727272727,81.0,76.0,77.0,193.95000000000002
21372,MIRRORED WALL ART TABLE LAMP,0.23344370860927152,85.20695364238411,1.7413513513513514,156.0,24.0,26.0,193.23000000000002
47504F,ENGLISH ROSE TORCH,0.8708609271523179,317.86423841059604,1.5423076923076922,321.0,579.0,585.0,193.1
90161A,ANT COPPER RED BOUDICCA BRACELET,0.06456953642384106,23.567880794701985,4.95,49.0,11.0,11.0,193.05
21582,KINGS CHOICE SMALL TUBE MATCHES,0.19370860927152317,70.70364238410596,1.65,146.0,33.0,34.0,193.04999999999998
90208,PAIR OF ENAMEL FLOWER CLUSTER SLIDE,0.1357615894039735,49.55298013245033,2.49375,100.0,48.0,49.0,192.9
35921,EASTER BUNNY HANGING GARLAND,0.25496688741721857,93.06291390728478,1.25,193.0,19.0,21.0,192.5
90087,CRYSTAL SEA HORSE PHONE CHARM,0.45695364238410596,166.78807947019868,0.9728571428571429,293.0,69.0,72.0,191.76
90129B,TURQUOISE GLASS TASSLE BAG CHARM ,0.1076158940397351,39.27980132450331,2.95,82.0,24.0,25.0,191.75000000000003
47503H,ASS FLORAL PRINT SPIRIT LEVEL ,0.2433774834437086,88.83278145695364,1.3813725490196078,179.0,19.0,21.0,191.53
90030B,RED KUKUI COCONUT SEED NECKLACE,0.20198675496688742,73.72516556291392,2.3026315789473686,127.0,21.0,22.0,191.3
90196B,BLACK GEMSTONE NECKLACE 45CM,0.024834437086092714,9.064569536423841,12.75,19.0,4.0,4.0,191.25
35962,SET/12 ZINC CHRISTMAS DECORATIONS,0.15066225165562913,54.991721854304636,2.1,114.0,18.0,19.0,191.10000000000002
22841,"CAKE TIN, ROUND, VINTAGE MINT,IVORY",0.04470198675496689,16.316225165562912,7.45,33.0,27.0,27.0,190.65
71028B,SILVER BLUE EGG T-LIGHT HOLDER,0.7996688741721855,291.8791390728477,0.85625,413.0,233.0,239.0,189.89
23229,DONKEY TAIL GAME ,0.08940397350993377,32.632450331125824,3.66,67.0,65.0,66.0,189.54000000000002
21400,RED PUDDING SPOON,1.7003311258278146,620.6208609271523,0.22,1188.0,44.0,56.0,189.54
79303D,LILAC FLOWER BLOCK TABLE LAMP,0.10596026490066225,38.675496688741724,2.95,81.0,63.0,64.0,188.8
90122C,TURQUOISE CRYSTAL+GLASS BRACELET,0.06291390728476821,22.9635761589404,4.95,48.0,9.0,9.0,188.1
20837,FRENCH FLORAL CUSHION COVER ,0.2731788079470199,99.71026490066225,1.1844444444444444,205.0,15.0,17.0,188.07000000000002
21460,GREEN EASTER EGG HUNT START POST,0.15894039735099338,58.01324503311258,1.95,122.0,17.0,18.0,187.2
90185B,AMETHYST DIAMANTE EXPANDABLE RING,0.0728476821192053,26.58940397350993,4.25,56.0,12.0,13.0,187.0
90016B,GOLD/M.O.P PENDANT ORBIT NECKLACE,0.03642384105960265,13.294701986754966,8.5,28.0,3.0,3.0,187.0
21543,BUTTERFLY WATER TRANSFER TATTOOS ,0.4420529801324503,161.34933774834437,0.8346153846153845,311.0,236.0,239.0,186.95
84893,ANT WHITE IRON BASKET,0.054635761589403975,19.942052980132452,5.883333333333334,41.0,10.0,10.0,186.35000000000002
23436,GIFT BAG LARGE VINTAGE CHRISTMAS,0.24503311258278146,89.43708609271523,1.25,189.0,42.0,44.0,185.0
84803A,PINK ALLIUM  ARTIFICIAL FLOWER,0.1804635761589404,65.86920529801324,1.69,140.0,18.0,19.0,184.21
84744,S/6 SEW ON CROCHET FLOWERS,0.2433774834437086,88.83278145695364,1.25,189.0,24.0,26.0,183.75
84509C,SET OF 4 DOTTY PLACEMATS ,0.08940397350993377,32.632450331125824,3.6884615384615387,67.0,27.0,28.0,183.3
90035A,"PEARL & SHELL 42""NECKL. GREEN",0.028145695364238412,10.273178807947021,10.75,22.0,5.0,5.0,182.75
17090A,LAVENDER INCENSE 40 CONES IN TIN,0.28642384105960267,104.54470198675497,1.2038461538461538,208.0,40.0,42.0,182.65
16053,POPART COL BALLPOINT PEN ASST,7.1158940397351,2597.301324503311,0.16499999999999998,2805.0,3941.0,3991.0,182.58
35819B,"ACRYLIC HANGING JEWEL,BLUE",0.6307947019867549,230.24006622516555,0.543125,460.0,61.0,65.0,182.19
72799D,BLUE PILLAR CANDLE SILVER FLOCK,0.1076158940397351,39.27980132450331,2.9214285714285717,82.0,28.0,29.0,182.15
85128,PLANTPOT SINGLE HOOK PISTACHIO,0.2731788079470199,99.71026490066225,1.395,189.0,503.0,505.0,182.09
37379B,BLUE CHERRY BLOSSOM CUP & SAUCER,1.8576158940397351,678.0298013245033,0.8833333333333333,620.0,2783.0,2796.0,181.5
22545,MINI JIGSAW BUNNIES AT HOME,0.7152317880794702,261.0596026490066,0.42,557.0,0.0,5.0,181.44
84962,SET/3 COLOUR PAINTED KASHMIRI STOOL,0.004966887417218543,1.8129139072847682,59.95,4.0,3.0,3.0,179.85000000000002
84509E,SET OF 4 CAROUSEL PLACEMATS ,0.21688741721854304,79.16390728476821,2.408,128.0,82.0,84.0,179.81
90210A,GREY ACRYLIC FACETED BANGLE,0.1291390728476821,47.13576158940397,2.6333333333333333,95.0,31.0,32.0,179.70000000000002
23697,A PRETTY THANK YOU CARD,0.7251655629139073,264.68543046357615,0.41777777777777775,563.0,59.0,64.0,179.64000000000001
84464,S/60 PINK FLUFFY CHICKS IN BOX,0.1357615894039735,49.55298013245033,2.4954545454545456,100.0,63.0,64.0,179.1
16043,POP ART PUSH DOWN RUBBER ,3.5463576158940397,1294.4205298013246,0.31,1445.0,1596.0,1621.0,179.04000000000002
90029,NEW BAROQUE SMALL NECKLACE BLACK,0.0347682119205298,12.690397350993376,8.5,27.0,8.0,8.0,178.5
90122A,PINK CRYSTAL+GLASS BRACELET,0.059602649006622516,21.75496688741722,4.95,47.0,8.0,8.0,178.20000000000002
23126,DOLLCRAFT GIRL AMELIE,0.059602649006622516,21.75496688741722,4.95,47.0,6.0,6.0,178.2
84985B,SET OF 72 BLACK PAPER DOILIES ,0.20198675496688742,73.72516556291392,1.45,159.0,37.0,38.0,176.89999999999998
22839,"CAKE TIN, 3 TIER MINT/IVORY",0.02152317880794702,7.855960264900662,14.399999999999999,17.0,14.0,14.0,176.75
35838A,S/6 MULTICOLOUR ORNAMENETAL CANDLE,0.28311258278145696,103.33609271523179,1.2111111111111112,207.0,77.0,79.0,176.75
22384,LUNCHBAG PINK RETROSPOT,0.1771523178807947,64.66059602649007,1.65,140.0,23.0,24.0,176.54999999999998
84966A,PINK KASHMIRI BOXED MIRROR,0.019867549668874173,7.251655629139073,17.333333333333332,14.0,16.0,16.0,176.0
21018,BIRD BOX CHRISTMAS TREE DECORATION,0.34271523178807944,125.091059602649,0.85,271.0,22.0,24.0,175.95
84509C,DOTTY PLACEMATS ,0.08609271523178808,31.423841059602648,3.6611111111111114,66.0,31.0,32.0,175.8
21370,MIRRORED WALL ART FOXY,0.07947019867549669,29.00662251655629,5.32625,52.0,25.0,26.0,175.35
90036C,"FLOWER GLASS GARLAND NECKL.36""BLUE",0.03642384105960265,13.294701986754966,7.95,29.0,7.0,7.0,174.9
35793,S/3 PUPPIES CHRISTMAS DECORATIONS,0.1672185430463576,61.03476821192053,2.016666666666667,123.0,35.0,36.0,174.05
84877D,BLUE ROUND COMPACT MIRROR,0.1672185430463576,61.03476821192053,2.25,116.0,40.0,41.0,173.75
17084P,DRAGONS BLOOD INCENSE,1.4470198675496688,528.1622516556291,0.20807692307692308,1127.0,151.0,161.0,173.54
75011,BLUE DAISY MOBILE,0.2996688741721854,109.37913907284768,1.3900000000000001,198.0,80.0,82.0,172.51
90210C,RED   ACRYLIC FACETED BANGLE,0.1870860927152318,68.2864238410596,2.138888888888889,126.0,80.0,81.0,171.95000000000002
21368,MIRRORED WALL ART LADIES,0.3195364238410596,116.63079470198676,1.2166666666666666,219.0,38.0,40.0,171.75
22345,PARTY PIZZA DISH BLUE RETROSPOT,0.3344370860927152,122.06953642384106,0.85,268.0,31.0,33.0,171.7
84706C,PINK FLOCK TABLE CLOCK ,0.1390728476821192,50.7615894039735,3.6999999999999997,83.0,62.0,63.0,170.8
84706B,FAIRY CAKES TABLE CLOCK,0.03145695364238411,11.4817880794702,8.95,25.0,4.0,4.0,170.04999999999998
47347B,BLUE FLOWER T-LIGHT HOLDER,0.39072847682119205,142.6158940397351,1.1257142857142857,252.0,232.0,235.0,169.72
90014B,GOLD M PEARL  ORBIT NECKLACE,0.028145695364238412,10.273178807947021,9.95,23.0,3.0,3.0,169.14999999999998
35818B,"ACRYLIC JEWEL ICICLE, BLUE",0.6672185430463576,243.53476821192055,0.5387500000000001,475.0,214.0,219.0,168.38
90122B,JADE CRYSTAL+GLASS BRACELET,0.056291390728476824,20.546357615894042,4.95,46.0,7.0,7.0,168.3
85205A,IVORY FELT EASTER RABBIT GARLAND,0.10927152317880795,39.884105960264904,2.55,88.0,7.0,8.0,168.29999999999998
79403,FROSTED WHITE BASE ,0.326158940397351,119.04801324503312,0.85,265.0,26.0,28.0,167.45
90178B,PURPLE CHUNKY GLASS+BEAD NECKLACE,0.023178807947019868,8.460264900662251,11.95,19.0,3.0,3.0,167.29999999999998
90036A,FLOWER GARLAND NECKLACE RED,0.0347682119205298,12.690397350993376,7.95,28.0,4.0,4.0,166.95000000000002
22330,72 ROUND PINK DOILIES,0.19039735099337748,69.49503311258279,1.45,155.0,29.0,30.0,166.75
37506,NEW ENGLAND MILK JUG W GIFT BOX,0.046357615894039736,16.920529801324502,5.95,38.0,3.0,3.0,166.6
90119,METALIC LEAVES BAG CHARMS,0.11092715231788079,40.48841059602649,2.485,90.0,13.0,14.0,166.17
21394,RED SPOTTY BEAKER ,0.14072847682119205,51.365894039735096,1.95,115.0,11.0,12.0,165.75
21102,"CANDLE IN JAR COLLAGE , VANILLA",0.1076158940397351,39.27980132450331,2.55,88.0,16.0,17.0,165.75
21530,DAIRY MAID CERAMIC TOASTRACK,0.09271523178807947,33.841059602649004,2.95,76.0,10.0,11.0,165.20000000000002
84526,GIANT BLACK SUNGLASSES,0.1390728476821192,50.7615894039735,1.95,114.0,13.0,14.0,163.79999999999998
90159,COTE D'AZURE NECKLACE,0.054635761589403975,19.942052980132452,4.95,45.0,6.0,6.0,163.35
85024C,PINK SMALL JEWELLED PHOTOFRAME,0.16390728476821192,59.826158940397356,1.65,135.0,9.0,10.0,163.35
35809B,ENAMEL BLUE RIM TEA CONTAINER,0.13410596026490065,48.948675496688736,2.0422727272727275,109.0,13.0,14.0,162.48
16207A,PINK STRAWBERRY HANDBAG ,0.09105960264900662,33.23675496688742,2.95,75.0,8.0,9.0,162.25000000000003
84529A,PINK KNITTED KIDS RUCKSACK,0.039735099337748346,14.503311258278146,6.75,33.0,7.0,7.0,162.0
72801C,S/4 ROSE PINK DINNER CANDLES,0.2731788079470199,99.71026490066225,1.2092,203.0,45.0,47.0,161.85
90040B,MURANO STYLE GLASS BRACELET BLACK,0.076158940397351,27.79801324503311,3.5,63.0,6.0,7.0,161.0
22889,NUMBER TILE VINTAGE FONT No ,0.24006622516556292,87.62417218543047,1.77125,157.0,142.0,144.0,160.38
23305,SET 4 PICNIC CUTLERY BLUEBERRY,0.1357615894039735,49.55298013245033,1.9500000000000002,113.0,31.0,32.0,159.9
85185C,COW  SOCK PUPPET,0.08940397350993377,32.632450331125824,2.95,74.0,8.0,9.0,159.3
90162B,ANT SILVER LIME GREEN BOUDICCA RING,0.08940397350993377,32.632450331125824,2.95,74.0,9.0,10.0,159.3
85165,CANDY PINK FRENCH BOUDOIR CLOCK,0.026490066225165563,9.668874172185431,9.95,22.0,3.0,3.0,159.2
90125A,PINK BERTIE GLASS BEAD BAG CHARM,0.23178807947019867,84.60264900662251,1.5791666666666666,164.0,59.0,61.0,159.0
22864,MUG AND COASTER SET RED CIRCLES,0.6258278145695364,228.4271523178808,0.42,521.0,870.0,874.0,158.76
90019A,SILVER M.O.P ORBIT BRACELET,0.052980132450331126,19.337748344370862,4.95,44.0,3.0,3.0,158.4
21193,WHITE HONEYCOMB PAPER FAN ,0.1390728476821192,50.7615894039735,2.0726666666666667,111.0,47.0,48.0,158.36
16012,FOOD/DRINK SPUNGE STICKERS,1.2566225165562914,458.6672185430464,0.20749999999999996,1051.0,224.0,233.0,158.19
22853,ENAMEL CAT BOWL CREAM,0.08609271523178808,31.423841059602648,3.15,71.0,50.0,51.0,157.8
90155,RESIN NECKLACE W PASTEL BEADS,0.0347682119205298,12.690397350993376,7.5,29.0,4.0,4.0,157.5
16156L,WRAP CAROUSEL,0.6208609271523179,226.61423841059602,0.42,519.0,29.0,33.0,157.5
23545,WRAP RED DOILEY,0.6208609271523179,226.61423841059602,0.42,519.0,0.0,4.0,157.5
10123G,ARMY CAMO WRAPPING TAPE,3.718543046357616,1357.26821192053,0.5592307692307693,1102.0,1804.0,1830.0,157.18
16054,POPART RECT PENCIL SHARPENER ASST,1.9950331125827814,728.1870860927152,0.16054054054054054,1506.0,101.0,115.0,156.9
23143,ZINC WIRE KITCHEN ORGANISER,0.041390728476821195,15.107615894039736,7.175000000000001,32.0,6.0,6.0,156.8
79030D,TUMBLER BAROQUE,0.6655629139072847,242.93046357615893,0.39,558.0,46.0,51.0,156.78
23468,TUSCAN VILLA BIRD TABLE ,0.03145695364238411,11.4817880794702,8.25,26.0,4.0,4.0,156.75
17178,FLAT PALM T-LIGHT HOLDER,0.22019867549668873,80.37251655629139,1.234,180.0,27.0,29.0,156.65
84926C,FAIRY CAKES TILE COASTER,0.20695364238410596,75.53807947019868,1.25,174.0,18.0,19.0,156.25
84531B,BLUE KNITTED EGG COSY,0.30960264900662254,113.00496688741723,1.1289473684210527,224.0,22.0,24.0,155.60999999999999
85123A,CREAM HANGING HEART T-LIGHT HOLDER,0.09437086092715231,34.4453642384106,2.892857142857143,77.0,47.0,48.0,155.35
23416,CHAMBRE HOOK,0.20364238410596028,74.3294701986755,1.16,179.0,28.0,29.0,155.07
21031,SPACE CADET BLACK,0.20860927152317882,76.14238410596028,1.2832,172.0,22.0,23.0,154.91
22587,"FELTCRAFT HAIRBAND, S/2, RED/BLUE",0.33774834437086093,123.27814569536424,0.8283333333333333,273.0,235.0,237.0,154.68
82585,SWEET VALENCIA CANDLE+CUP,0.21688741721854304,79.16390728476821,1.2417391304347825,179.0,43.0,45.0,154.63
90013A,MIDNIGHT BLUE VINTAGE EARRINGS,0.06788079470198675,24.776490066225165,3.75,57.0,7.0,7.0,153.75
84855,BLOKEY SILVER TOOL SET,0.05132450331125828,18.733443708609272,4.95,44.0,7.0,7.0,153.45000000000002
72140E,BEST DAD CANDLE LETTERS,0.3576158940397351,130.5298013245033,0.8344444444444444,280.0,81.0,84.0,153.35999999999999
84029D,LEOPARD PRINT HOT WATER BOTTLE,0.076158940397351,27.79801324503311,3.6833333333333336,61.0,29.0,30.0,153.3
90185A,AMBER DIAMANTE EXPANDABLE RING,0.059602649006622516,21.75496688741722,4.25,51.0,11.0,11.0,153.0
90063A,WHITE VINT ART DECO CRYSTAL NECKLAC,0.029801324503311258,10.87748344370861,8.5,25.0,3.0,3.0,153.0
21226,POCKET MIRROR WOODLAND,0.20198675496688742,73.72516556291392,1.25,172.0,26.0,27.0,152.5
22289,HANGING METAL CHICKEN DECORATION,0.20198675496688742,73.72516556291392,1.25,172.0,34.0,35.0,152.5
23484,HEART TRELLISTRIPLE T-LIGHT HOLDER,0.09271523178807947,33.841059602649004,2.81,78.0,31.0,32.0,152.24
48175,DOOR MAT CAMOUFLAGE,0.06291390728476821,22.9635761589404,4.0,54.0,0.0,0.0,152.0
72801D,S/4 SKY BLUE DINNER CANDLES,0.2599337748344371,94.87582781456953,1.2092,198.0,45.0,47.0,151.85
84531A,PINK KNITTED EGG COSY,0.2996688741721854,109.37913907284768,1.131,220.0,20.0,22.0,151.70999999999998
22536,MAGIC DRAWING SLATE FIDO,0.5960264900662252,217.5496688741722,0.42,509.0,37.0,41.0,151.2
16202E,BLACK PHOTO ALBUM ,0.13410596026490065,48.948675496688736,2.723076923076923,95.0,23.0,24.0,150.6
79161A,ST GEORGE SET OF 10 PARTY LIGHTS,0.08443708609271523,30.81953642384106,2.95,72.0,11.0,12.0,150.45000000000002
90098,NECKLACE+BRACELET PINK BUTTERFLY,0.09768211920529801,35.65397350993378,2.55,84.0,12.0,13.0,150.45
17107D,FLOWER FAIRY 5 DRAWER LINERS,0.09768211920529801,35.65397350993378,2.55,84.0,8.0,9.0,150.45
90093,CLEAR CRYSTAL STAR PHONE CHARM,0.33112582781456956,120.86092715231788,0.8633333333333333,265.0,43.0,45.0,150.44
21461,BLUE EASTER EGG HUNT START POST,0.12748344370860928,46.53145695364239,1.95,109.0,17.0,18.0,150.15
17011A,ORIGAMI VANILLA INCENSE+FLOWER ,0.4205298013245033,153.4933774834437,1.3166666666666667,241.0,198.0,201.0,150.0
82093,HEART SHAPE BUTTON FRAME ,0.16556291390728478,60.43046357615894,2.3214285714285716,114.0,46.0,47.0,150.0
21310,CAPIZ CHANDELIER,0.008278145695364239,3.0215231788079473,29.95,7.0,3.0,3.0,149.75
84452,METAL RABBIT LADDER EASTER ,0.2913907284768212,106.35761589403972,0.85,250.0,21.0,23.0,149.6
23256,KIDS CUTLERY SPACEBOY ,0.059602649006622516,21.75496688741722,4.15,51.0,6.0,6.0,149.4
23254,KIDS CUTLERY DOLLY GIRL ,0.059602649006622516,21.75496688741722,4.15,51.0,6.0,6.0,149.4
23196,RETRO LEAVES MAGNETIC NOTEPAD,0.17052980132450332,62.243377483443716,1.45,147.0,21.0,22.0,149.35
17108D,FLOWER FAIRY SUMMER BOUQUET SACHET,0.5877483443708609,214.52814569536423,0.42,505.0,41.0,45.0,149.1
90000A,RASPBERRY ANT COPPER FLOWER NECKLAC,0.041390728476821195,15.107615894039736,5.95,36.0,3.0,3.0,148.75
90000D,COPPER/OLIVE GREEN FLOWER NECKLACE,0.041390728476821195,15.107615894039736,5.950000000000001,36.0,6.0,6.0,148.75
90016A,SILVER/M.O.P PENDANT ORBIT NECKLACE,0.03642384105960265,13.294701986754966,8.027777777777779,29.0,11.0,11.0,148.75
40001, WHITE BAMBOO RIBS LAMPSHADE,0.347682119205298,126.90397350993378,0.8200000000000001,278.0,222.0,224.0,148.26
90129C,GREEN GLASS TASSLE BAG CHARM,0.08278145695364239,30.21523178807947,2.95,72.0,16.0,17.0,147.5
84720,DOT MATRIX CANVAS ART PICTURE,0.057947019867549666,21.15066225165563,6.883333333333333,39.0,46.0,46.0,147.05
84510C,SET OF 4 POLKADOT COASTERS,0.19039735099337748,69.49503311258279,1.3136842105263158,163.0,14.0,15.0,146.17
20796,SMALL BLUE PROVENCAL CERAMIC BALL,0.1456953642384106,53.17880794701986,1.65,127.0,20.0,21.0,145.2
20672,PINK TEATIME PRINT BOWL,0.19205298013245034,70.09933774834437,1.25,167.0,17.0,18.0,145.0
84313A,PINK TV TRAY TABLE ,0.056291390728476824,20.546357615894042,4.25,49.0,6.0,6.0,144.5
47518F,ICON PLACEMAT POP ART ELVIS,1.490066225165563,543.8741721854304,0.16838709677419353,1271.0,159.0,169.0,144.3
35610B,BLACK CHRISTMAS FLOCK DROPLET ,0.29635761589403975,108.1705298013245,1.1314285714285715,219.0,71.0,73.0,144.07
85095,THREE CANVAS LUGGAGE TAGS,0.1490066225165563,54.38741721854305,2.200909090909091,111.0,32.0,33.0,143.85999999999999
90048,GREEN WITH METAL BAG CHARM,0.048013245033112585,17.524834437086092,4.95,42.0,18.0,18.0,143.55
47591A,CAROUSEL DES CHILD'S APRON,0.14403973509933773,52.574503311258276,1.65,126.0,16.0,17.0,143.54999999999998
23292,SPACE BOY CHILDRENS CUP,0.2152317880794702,78.55960264900662,1.21,180.0,172.0,174.0,143.3
90036E,"FLOWER GLASS GARLD NECKL36""AMETHYST",0.029801324503311258,10.87748344370861,7.95,26.0,4.0,4.0,143.1
84564,6 SEGMENT COLOURED SNACK BOWL ,0.029801324503311258,10.87748344370861,7.949999999999999,26.0,8.0,8.0,143.1
21353,SILVER SLEIGHBELL  WREATH,0.029801324503311258,10.87748344370861,7.95,26.0,7.0,7.0,143.1
82587,TEXRIO TOMATOES CANDLE+CUP,0.19536423841059603,71.30794701986756,1.2384848484848483,170.0,16.0,17.0,142.94
90123B,TURQUOISE HEART OF GLASS BRACELET,0.039735099337748346,14.503311258278146,5.95,35.0,5.0,5.0,142.8
90123C,GREEN HEART OF GLASS BRACELET,0.039735099337748346,14.503311258278146,5.95,35.0,5.0,5.0,142.8
35980C,REDWHITE STRIPE SCANDINAVIAN HEART ,0.6208609271523179,226.61423841059602,0.38,546.0,53.0,57.0,142.5
84877A,PINK ROUND COMPACT MIRROR,0.076158940397351,27.79801324503311,3.5714285714285716,62.0,18.0,19.0,142.5
22510,DOORSTOP RUSSIAN DOLL GINGHAM,0.06291390728476821,22.9635761589404,3.75,55.0,6.0,6.0,142.5
82553,POP'S GREASY SPOON METAL SIGN,0.1423841059602649,51.97019867549669,1.65,125.0,31.0,32.0,141.9
23694,PAISLEY PARK CARD,0.5761589403973509,210.2980132450331,0.4175,502.0,53.0,57.0,141.84
37422,WHITE WITH BLACK CATS BOWL,0.5695364238410596,207.88079470198676,0.8181481481481482,356.0,188.0,192.0,141.68
90186A,AMETHYST HOOP EARRING FLORAL LEAF,0.07947019867549669,29.00662251655629,2.95,70.0,11.0,12.0,141.60000000000002
90018A,SILVER M.O.P ORBIT DROP EARRINGS,0.054635761589403975,19.942052980132452,4.25,48.0,4.0,4.0,140.25
21003,ROSE DU SUD CUSHION COVER,0.03642384105960265,13.294701986754966,6.35,32.0,6.0,6.0,139.7
23091,METAL HERB GERDEN CONTAINER,0.039735099337748346,14.503311258278146,6.078,35.0,18.0,18.0,139.68
90124C,GREEN MURANO TWIST NECKLACE,0.023178807947019868,8.460264900662251,9.95,21.0,3.0,3.0,139.29999999999998
90180B,PURPLE AMETHYST NECKLACE W TASSEL,0.023178807947019868,8.460264900662251,9.95,21.0,2.0,2.0,139.29999999999998
20968,GREEN FLORAL FELTCRAFT SHOULDER BAG,0.061258278145695365,22.35927152317881,3.75,55.0,7.0,7.0,138.75
84247E,PACK OF 12 CHRISTMAS FUN CARDS,0.07781456953642384,28.4023178807947,2.95,69.0,18.0,19.0,138.65
22195,HEART MEASURING SPOONS LARGE,0.1390728476821192,50.7615894039735,1.65,124.0,29.0,30.0,138.6
23304,SET 4 PICNIC CUTLERY CHERRY ,0.11754966887417219,42.90562913907285,1.9500000000000002,105.0,21.0,22.0,138.45
90086,CRYSTAL FROG PHONE CHARM,0.3129139072847682,114.2135761589404,1.1026315789473684,228.0,54.0,56.0,138.32999999999998
23417,BATHROOM HOOK,0.23178807947019867,84.60264900662251,1.1345454545454545,193.0,26.0,28.0,137.76
72754B,F FAIRY POTPOURRI CUSHIONS LAVENDER,0.2814569536423841,102.73178807947019,1.17,210.0,70.0,72.0,137.54
90123D,WHITE HEART OF GLASS BRACELET,0.0380794701986755,13.899006622516556,5.95,34.0,17.0,17.0,136.85000000000002
85026B,EAU DE NILE JEWELLED T-LIGHT HOLDER,0.26655629139072845,97.29304635761588,0.85,239.0,24.0,26.0,136.85
22869,NUMBER TILE COTTAGE GARDEN 1,0.11589403973509933,42.30132450331126,1.95,104.0,14.0,15.0,136.5
35824P,"HANGING FLOWERS+MIRROR,PINK",0.5364238410596026,195.79470198675494,0.75,361.0,681.0,685.0,136.44
10120,DOGGY RUBBER,1.0728476821192052,391.5894039735099,0.21,966.0,54.0,62.0,136.07999999999998
90214A,"LETTER ""A"" BLING KEY RING",0.21026490066225165,76.74668874172185,1.2073333333333334,178.0,16.0,17.0,135.71
90036B,"FLOWER GLASS GARLAND NECKL.36""GREEN",0.028145695364238412,10.273178807947021,7.949999999999999,25.0,7.0,7.0,135.15
90002A,FLOWER BURST SILVER RING OPAL,0.059602649006622516,21.75496688741722,3.75,54.0,8.0,8.0,135.0
20952,PORCELAIN CHERUB BELL SMALL,0.5314569536423841,193.9817880794702,0.42000000000000004,481.0,239.0,243.0,134.82
22870,NUMBER TILE COTTAGE GARDEN 2,0.11423841059602649,41.69701986754967,1.9500000000000002,103.0,14.0,15.0,134.54999999999998
21157,RED RETROSPOT WASHBAG,0.10596026490066225,38.675496688741724,2.1,96.0,15.0,16.0,134.4
90081C,LILY BROOCH OLIVE COLOUR,0.04470198675496689,16.316225165562912,4.950000000000001,41.0,7.0,7.0,133.65
84231,EASTER BUNNY WITH BASKET ON BACK,0.33774834437086093,123.27814569536424,0.65,308.0,18.0,20.0,132.6
79192A,RETRO PLASTIC 70'S TRAY,0.17549668874172186,64.05629139072848,1.25,160.0,21.0,22.0,132.5
84510C,SET OF 4 POLKADOTS COASTERS,0.1804635761589404,65.86920529801324,1.243448275862069,163.0,20.0,21.0,132.45
23066,SMALL JEWELLERY STAND,0.026490066225165563,9.668874172185431,8.25,24.0,7.0,7.0,132.0
23465,TUSCAN VILLA BIRD FEEDER,0.026490066225165563,9.668874172185431,8.25,24.0,6.0,6.0,132.0
45013,FOLDING SHOE TIDY,0.07947019867549669,29.00662251655629,2.9000000000000004,71.0,33.0,34.0,132.0
23081,GREEN METAL BOX TOP SECRET,0.026490066225165563,9.668874172185431,8.25,24.0,17.0,17.0,132.0
22344,PARTY PIZZA DISH PINK RETROSPOT,0.25662251655629137,93.66721854304635,0.85,235.0,35.0,37.0,131.75
37467,PIG MUG IN TWO COLOUR DESIGNS,0.3509933774834437,128.11258278145695,0.7185714285714286,299.0,32.0,34.0,131.44
77079,DOLPHIN WINDMILL,0.10264900662251655,37.466887417218544,2.12,94.0,22.0,23.0,131.44
48179,DOOR MAT SWEET HOME,0.046357615894039736,16.920529801324502,6.291666666666667,37.0,35.0,35.0,131.25
82011A,"BATHROOM SCALES, TROPICAL BEACH",0.057947019867549666,21.15066225165563,3.75,53.0,3.0,3.0,131.25
90013C,GREEN VINTAGE EARRINGS ,0.057947019867549666,21.15066225165563,3.75,53.0,5.0,5.0,131.25
90003D,CRYSTAL PAIR HEART HAIR SLIDES,0.057947019867549666,21.15066225165563,3.75,53.0,7.0,7.0,131.25
84527,FLAMES SUNGLASSES PINK LENSES,0.11754966887417219,42.90562913907285,1.9349999999999998,105.0,24.0,25.0,131.25
84555A,YELLOW VW BEETLE CERAMIC MONEY BOX,0.076158940397351,27.79801324503311,2.9250000000000003,69.0,16.0,17.0,130.9
84925E,FLOWERS WALL THERMOMETER,0.12417218543046357,45.3228476821192,2.2666666666666666,100.0,178.0,179.0,130.05
20899,VINTAGE NOTEBOOK RED ROSE,0.0728476821192053,26.58940397350993,2.95,67.0,17.0,18.0,129.8
17011D,ORIGAMI ROSE INCENSE+FLOWER,0.34271523178807944,125.091059602649,0.475,363.0,546.0,548.0,129.3
22241,"GARLAND , WOODEN  "" HAPPY EASTER""",0.17052980132450332,62.243377483443716,1.25,158.0,37.0,38.0,128.75
20821,GOLDIE LOOKING MIRROR,0.04304635761589404,15.711920529801324,4.95,40.0,10.0,10.0,128.70000000000002
84874B,BLUE TRAVEL FIRST AID KIT,0.1291390728476821,47.13576158940397,1.65,120.0,12.0,13.0,128.7
37330,BIG POLKADOT MUG,0.1291390728476821,47.13576158940397,1.5779999999999998,122.0,80.0,81.0,128.33999999999997
16119,FUNKY GIRL ADDRESS BOOK,0.44867549668874174,163.76655629139074,1.0014285714285713,286.0,253.0,256.0,128.21
90175B,PINK GLASS CHUNKY CHARM BRACELET,0.024834437086092714,9.064569536423841,8.028571428571428,24.0,8.0,8.0,127.8
72812,LARGE ZINC GLASS CANDLEHOLDER,0.09105960264900662,33.23675496688742,2.5060000000000002,81.0,12.0,13.0,127.68
22848,"BREAD BIN, DINER STYLE, PINK",0.013245033112582781,4.8344370860927155,16.28333333333333,12.0,5.0,5.0,127.6
90013D,PURPLE VINTAGE EARRINGS,0.056291390728476824,20.546357615894042,3.75,52.0,15.0,15.0,127.5
84782B,BLACK 3 TIER GLASS PLATE STAND,0.016556291390728478,6.043046357615895,12.75,15.0,5.0,5.0,127.5
90063B,BLACK VINT ART DEC CRYSTAL NECKLACE,0.024834437086092714,9.064569536423841,8.5,23.0,3.0,3.0,127.5
85018C,S/6 PAPER BOXES CURIOUS IMAGES ,0.059602649006622516,21.75496688741722,4.035,52.0,61.0,61.0,127.2
85179C,PINK BITTY LIGHT CHAIN,0.12748344370860928,46.53145695364239,2.6100000000000003,94.0,32.0,33.0,126.85
46137D,GREEN CHENILLE SHAGGY RUG,0.07119205298013245,25.985099337748345,2.9500000000000006,66.0,61.0,61.0,126.85
23303,SET 4 PICNIC CUTLERY FONDANT,0.1076158940397351,39.27980132450331,1.95,100.0,33.0,34.0,126.75
23020,GLASS SONGBIRD STORAGE JAR,0.018211920529801324,6.647350993377483,12.049999999999999,17.0,17.0,17.0,126.7
47593B,SCOTTIES DESIGN BABY BIB,0.1672185430463576,61.03476821192053,1.25,156.0,23.0,24.0,126.25
82607E,GLASS BONBON JAR. D'AMANDES,0.1672185430463576,61.03476821192053,1.25,156.0,12.0,13.0,126.25
84255B,ORANGE COCKTAIL GLASS LAMP,0.09933774834437085,36.258278145695364,2.1,93.0,20.0,21.0,126.00000000000001
22882,NUMBER TILE VINTAGE FONT 3,0.15066225165562913,54.991721854304636,1.8363999999999998,122.0,24.0,25.0,125.89
23065,LARGE JEWELLERY STAND,0.016556291390728478,6.043046357615895,12.5,16.0,10.0,10.0,125.0
84622,PINK GINGHAM ROSE CUSHION COVER,0.0347682119205298,12.690397350993376,5.95,33.0,7.0,7.0,124.95
84709A,SILVER OVAL JEWELLED MIRROR,0.0347682119205298,12.690397350993376,5.95,33.0,3.0,3.0,124.95
35816P,"ACRYLIC JEWEL ANGEL,PINK",0.48344370860927155,176.45695364238412,0.7528571428571428,342.0,225.0,228.0,124.88
10080,GROOVY CACTUS INFLATABLE,0.5016556291390728,183.10430463576157,0.5092592592592593,424.0,49.0,53.0,124.60999999999999
84661C,PINK SQUARE TABLE CLOCK,0.22682119205298013,82.78973509933775,1.3183333333333334,177.0,58.0,60.0,124.55000000000001
71496A,A4 WALL TIDY BLUE OFFICE,0.37748344370860926,137.7814569536424,0.5750000000000001,346.0,145.0,148.0,124.44000000000001
90125D,PURPLE BERTIE GLASS BEAD BAG CHARM,0.16887417218543047,61.63907284768212,1.7590909090909093,132.0,60.0,61.0,124.2
84927A,WAKE UP COCKEREL TILE HOOK,0.3609271523178808,131.73841059602648,1.5964,203.0,84.0,87.0,124.17
90162C,ANT SILVER FUSCHIA BOUDICCA RING,0.0695364238410596,25.38079470198675,2.95,66.0,8.0,8.0,123.90000000000002
22359,"GLASS JAR, KINGS CHOICE SOAP",0.0695364238410596,25.38079470198675,2.95,66.0,12.0,12.0,123.9
85185B,PINK HORSE SOCK PUPPET KIT,0.0695364238410596,25.38079470198675,2.95,66.0,9.0,9.0,123.9
35015,JACOBS LADDER SMALL,3.4172185430463577,1247.2847682119207,0.06,3224.0,198.0,222.0,123.84
17191A,ROSE FLOWER CANDLE+INCENSE 16X16CM,0.054635761589403975,19.942052980132452,3.75,52.0,6.0,6.0,123.75
20816,GOLD FLOWER CUSHION COVER ,0.039735099337748346,14.503311258278146,5.378571428571428,37.0,9.0,9.0,123.6
22850,BREAD BIN DINER STYLE BLACK,0.013245033112582781,4.8344370860927155,15.95,12.0,12.0,12.0,123.6
84228,HEN HOUSE W CHICK STANDING,0.5099337748344371,186.12582781456956,0.4175,472.0,119.0,123.0,123.36
84559D,3D SHEET OF SEA WORLD STICKERS,0.24006622516556292,87.62417218543047,0.85,227.0,20.0,22.0,123.25
21087,SET/6 POSIES PAPER CUPS,0.36423841059602646,132.94701986754967,0.5623809523809524,344.0,35.0,38.0,123.22
23454,SET OF 3 MINI HANGING PORTRAITS,0.052980132450331126,19.337748344370862,3.95,49.0,49.0,49.0,123.2
23457,LARGE PARLOUR FRAME,0.04470198675496689,16.316225165562912,4.725,42.0,65.0,65.0,122.85
22869,"NUMBER TILE COTTAGE GARDEN, 1",0.10430463576158941,38.07119205298014,1.95,99.0,76.0,77.0,122.85
22832,SWEETHEART WIRE WALL TIDY,0.019867549668874173,7.251655629139073,10.483333333333333,19.0,15.0,15.0,122.6
84367,LA STREGA CANVAS PICTURE ,0.12086092715231789,44.11423841059603,1.9499999999999997,106.0,18.0,19.0,122.55000000000001
79308B,MOSAIC CANDLE DISH BLUE PURPLE,0.23841059602649006,87.01986754966887,0.85,226.0,0.0,2.0,122.4
16168S,FUNKY MONKEY GIFT BAG SMALL,2.109271523178808,769.884105960265,0.1757142857142857,1480.0,774.0,789.0,121.86
79532,MOSAIC GLASS BALL CANDLEHOLDER,0.1605960264900662,58.61754966887417,1.25,153.0,22.0,23.0,121.25
22536,MAGIC SLATE FIDO,0.4768211920529801,174.03973509933775,0.42,455.0,0.0,3.0,120.96000000000001
22534,MAGIC SLATE SPACEBOY ,0.4768211920529801,174.03973509933775,0.42,455.0,0.0,3.0,120.96000000000001
22535,MAGIC SLATE BUNNIES AT HOME ,0.4768211920529801,174.03973509933775,0.42,455.0,0.0,3.0,120.96000000000001
84509F,NEW ENGLAND PLACEMATS,0.052980132450331126,19.337748344370862,3.75,51.0,14.0,14.0,120.0
23438,GIFT BAG LARGE SPOT ,0.15894039735099338,58.01324503311258,1.25,152.0,27.0,28.0,120.0
85166A,WHITE METAL BAROQUE PHOTO FRAME,0.11920529801324503,43.50993377483444,3.125,83.0,57.0,58.0,120.0
35911B,PINK/FLOWER RABBIT EGG WARMER ,0.09437086092715231,34.4453642384106,2.1,91.0,14.0,15.0,119.7
23463,VINTAGE ZINC WATERING CAN,0.019867549668874173,7.251655629139073,9.95,19.0,2.0,2.0,119.39999999999999
84656,WHITE ROSE C/COVER,0.033112582781456956,12.08609271523179,5.95,32.0,4.0,4.0,119.0
90151,SILVER/NATURAL SHELL NECKLACE,0.023178807947019868,8.460264900662251,8.5,22.0,5.0,5.0,119.0
23359,SET OF 12 T-LIGHTS VINTAGE DOILEY,0.10099337748344371,36.86258278145696,1.95,97.0,20.0,21.0,118.94999999999999
23280,FOLDING MIRROR HOT PINK ,0.2582781456953642,94.27152317880794,0.808,242.0,160.0,162.0,118.92000000000002
22972,CHILDRENS SPACEBOY MUG,0.11920529801324503,43.50993377483444,1.65,115.0,23.0,24.0,118.80000000000001
21228,"POCKET MIRROR ""GLAMOROUS""",0.15728476821192053,57.408940397350996,1.25,152.0,15.0,16.0,118.75
84872A,TEATIME FUNKY FLOWER BACKPACK FOR 2,0.011589403973509934,4.2301324503311255,16.95,11.0,2.0,2.0,118.65
35933,PINK STOCKING CHRISTMAS DECORATION,0.5165562913907285,188.54304635761588,0.38,498.0,53.0,57.0,118.56
44242B,PINK FEATHERS CURTAIN,0.17549668874172186,64.05629139072848,1.135,168.0,57.0,58.0,117.78
90214C,"LETTER ""C"" BLING KEY RING",0.18874172185430463,68.8907284768212,1.1402857142857141,174.0,17.0,18.0,117.53999999999999
35824C,"HANGING FLOWERS+MIRROR,CLEAR",0.3890728476821192,142.01158940397352,0.935,276.0,144.0,147.0,117.05
22877,NUMBER TILE COTTAGE GARDEN 9,0.09933774834437085,36.258278145695364,1.95,96.0,14.0,15.0,117.0
23244,STORAGE TIN VINTAGE LEAF,0.09933774834437085,36.258278145695364,1.95,96.0,21.0,22.0,117.0
47593A,CAROUSEL PONIES BABY BIB,0.19039735099337748,69.49503311258279,0.962,190.0,22.0,23.0,116.87
84858A,NATURAL RIVIERA HANDBAG,0.08609271523178808,31.423841059602648,5.278571428571429,55.0,65.0,66.0,116.7
72038P,PRICE'S CANDLE PEACH,1.7384105960264902,634.5198675496689,0.15222222222222223,1444.0,345.0,357.0,116.5
16206B,RED PURSE WITH PINK HEART,0.15894039735099338,58.01324503311258,1.23125,153.0,27.0,28.0,116.4
90144,SILVER DROP EARRINGS WITH FLOWER,0.05132450331125828,18.733443708609272,3.75,50.0,6.0,6.0,116.25
84751B,BLACK MEDIUM GLASS CAKE STAND,0.06291390728476821,22.9635761589404,3.0100000000000002,62.0,5.0,5.0,115.86
90030C,BROWN KUKUI COCONUT SEED NECKLACE,0.13410596026490065,48.948675496688736,1.9899999999999998,111.0,31.0,32.0,115.65
23209,LUNCH BAG VINTAGE DOILEY ,0.11589403973509933,42.30132450331126,1.65,113.0,65.0,66.0,115.5
22878,NUMBER TILE COTTAGE GARDEN No,0.09105960264900662,33.23675496688742,2.1,89.0,13.0,14.0,115.5
20848,ZINC HEART LATTICE CHARGER SMALL,0.06456953642384106,23.567880794701985,2.9500000000000006,63.0,13.0,13.0,115.05000000000001
22872,NUMBER TILE COTTAGE GARDEN 4,0.09768211920529801,35.65397350993378,1.95,96.0,14.0,15.0,115.05
23185,FRENCH STYLE STORAGE JAR JAM,0.5248344370860927,191.56456953642382,0.3516129032258064,522.0,36.0,40.0,114.85
90065A,WHITE VINTAGE CRYSTAL BRACELET,0.028145695364238412,10.273178807947021,6.75,28.0,8.0,8.0,114.75
90214S,"LETTER ""S"" BLING KEY RING",0.1837748344370861,67.07781456953643,1.1677142857142857,169.0,18.0,19.0,114.75
22885,NUMBER TILE VINTAGE FONT 6 ,0.14072847682119205,51.365894039735096,1.7725,120.0,29.0,30.0,114.19
23535,WALL ART BICYCLE SAFTEY ,0.0347682119205298,12.690397350993376,5.75,33.0,42.0,42.0,114.15
46776D,WOVEN SUNSET CUSHION COVER ,0.0380794701986755,13.899006622516556,4.95,37.0,7.0,7.0,113.85
22877,"NUMBER TILE COTTAGE GARDEN, 9",0.09602649006622517,35.049668874172184,1.95,95.0,99.0,100.0,113.1
22874,NUMBER TILE COTTAGE GARDEN 6,0.09602649006622517,35.049668874172184,1.95,95.0,14.0,15.0,113.1
85190,PINK FLOWER HANGING HEART ,0.22019867549668873,80.37251655629139,0.85,217.0,36.0,38.0,113.05
82607C,GLASS BONBON JAR. SUPERFINES,0.1490066225165563,54.38741721854305,1.25,147.0,12.0,13.0,112.5
84462,3 PINK HEN+CHICKS IN BASKET,0.16390728476821192,59.826158940397356,1.2353846153846153,156.0,70.0,71.0,112.35
44236,PINK/PURPLE CIRCLE CURTAIN,0.10596026490066225,38.675496688741724,2.868461538461539,82.0,27.0,28.0,112.32000000000001
90214K,"LETTER ""K"" BLING KEY RING",0.1804635761589404,65.86920529801324,1.186,167.0,13.0,14.0,112.25
20896,VINTAGE NOTEBOOK PINK FLOWER,0.06291390728476821,22.9635761589404,2.95,62.0,13.0,13.0,112.10000000000001
71510,SQUARE METAL CANDLEHOLDER BASE,0.29304635761589404,106.96192052980132,0.7935294117647059,260.0,76.0,78.0,112.05
17014A,ORIGAMI VANILLA INCENSE CONES,0.40894039735099336,149.26324503311258,0.7022222222222222,326.0,164.0,167.0,111.81
21412,VINTAGE GOLD TINSEL REEL,0.38576158940397354,140.80298013245033,0.5914285714285714,345.0,19.0,22.0,111.3
22873,"NUMBER TILE COTTAGE GARDEN, 5",0.09437086092715231,34.4453642384106,1.95,94.0,111.0,112.0,111.14999999999999
84288B,SET/2 BLUE  NOODLE BASKETS,0.09437086092715231,34.4453642384106,1.9499999999999997,94.0,12.0,13.0,111.14999999999999
84493,BLUE/PINK NEST STRIPE BOX,1.890728476821192,690.115894039735,1.5619999999999998,470.0,1349.0,1362.0,111.12
90170,DAISY HAIR BAND,0.11092715231788079,40.48841059602649,1.65,111.0,21.0,22.0,110.55000000000001
90024D,NEW BAROQUE B'FLY NECKLACE PINK,0.02152317880794702,7.855960264900662,8.5,21.0,2.0,2.0,110.5
20693,FLORAL DINOSAUR GREEN,0.04304635761589404,15.711920529801324,4.25,43.0,6.0,6.0,110.5
21004,ROSE DU SUD CHILDRENS APRON,0.04304635761589404,15.711920529801324,4.25,43.0,5.0,5.0,110.5
78026,SEAGRASS S/3 SQU LAUNDRY BOX,0.018211920529801324,6.647350993377483,10.0,18.0,0.0,0.0,110.0
23496,PANTRY KITCHEN THERMOMETER ,0.1456953642384106,53.17880794701986,1.25,146.0,17.0,18.0,110.0
84886,BLUE METAL WALL SHELF,0.018211920529801324,6.647350993377483,9.95,18.0,2.0,2.0,109.44999999999999
23578,SNACK TRAY RED GINGHAM,0.09271523178807947,33.841059602649004,1.95,93.0,13.0,14.0,109.2
22876,"NUMBER TILE COTTAGE GARDEN, 8",0.09271523178807947,33.841059602649004,1.95,93.0,123.0,124.0,109.19999999999999
22868,"NUMBER TILE COTTAGE GARDEN, 0 ",0.09271523178807947,33.841059602649004,1.95,93.0,123.0,124.0,109.19999999999999
22871,"NUMBER TILE COTTAGE GARDEN, 3 ",0.09271523178807947,33.841059602649004,1.95,93.0,123.0,124.0,109.19999999999999
22870,"NUMBER TILE COTTAGE GARDEN, 2",0.09271523178807947,33.841059602649004,1.95,93.0,123.0,124.0,109.19999999999999
22874,"NUMBER TILE COTTAGE GARDEN, 6",0.09271523178807947,33.841059602649004,1.95,93.0,123.0,124.0,109.19999999999999
22875,"NUMBER TILE COTTAGE GARDEN, 7",0.09271523178807947,33.841059602649004,1.95,93.0,123.0,124.0,109.19999999999999
22872,"NUMBER TILE COTTAGE GARDEN, 4",0.09271523178807947,33.841059602649004,1.95,93.0,123.0,124.0,109.19999999999999
72134,COLUMBIAN  CUBE CANDLE ,0.5298013245033113,193.37748344370863,0.6519047619047619,385.0,100.0,104.0,109.16
90129D,AMBER GLASS TASSLE BAG CHARM,0.061258278145695365,22.35927152317881,2.9500000000000006,62.0,14.0,14.0,109.15000000000002
90129E,PURPLE GLASS TASSLE BAG CHARM,0.061258278145695365,22.35927152317881,2.95,62.0,14.0,14.0,109.15
90158,ST TROPEZ NECKLACE,0.03642384105960265,13.294701986754966,4.95,37.0,6.0,6.0,108.9
90073,VINTAGE ENAMEL & CRYSTAL EARRINGS,0.03642384105960265,13.294701986754966,4.95,37.0,9.0,9.0,108.9
90173,PAIR BUTTERFLY HAIR CLIPS,0.048013245033112585,17.524834437086092,3.75,48.0,11.0,11.0,108.75
90199B,5 STRAND GLASS NECKLACE AMETHYST,0.028145695364238412,10.273178807947021,6.349999999999999,28.0,3.0,3.0,107.94999999999999
90214L,"LETTER ""L"" BLING KEY RING",0.18874172185430463,68.8907284768212,1.1837931034482758,171.0,23.0,24.0,107.94
23041,PAPER LANTERN 6 POINT SNOW STAR,0.04304635761589404,15.711920529801324,4.15,44.0,4.0,4.0,107.9
84899F,YELLOW PURPLE DAISY FELT PURSE KIT,0.1423841059602649,51.97019867549669,1.25,144.0,16.0,17.0,107.5
22868,NUMBER TILE COTTAGE GARDEN 0 ,0.09105960264900662,33.23675496688742,1.95,92.0,16.0,17.0,107.25
23455,SMALL PARLOUR FRAME,0.0695364238410596,25.38079470198675,2.6900000000000004,69.0,93.0,93.0,106.98000000000002
48103,DOORMAT KISS MY.......,0.03642384105960265,13.294701986754966,6.035,33.0,56.0,56.0,106.58
22135,MINI LADLE LOVE HEART PINK,0.40066225165562913,146.24172185430464,0.46555555555555556,396.0,24.0,27.0,106.56
71495B,CD WALL TIDY RED FLOWERS,0.4768211920529801,174.03973509933775,0.39999999999999997,466.0,130.0,133.0,106.56
22881,NUMBER TILE VINTAGE FONT 2,0.13410596026490065,48.948675496688736,1.747142857142857,118.0,30.0,31.0,106.39
23477,WOODLAND LARGE BLUE FELT HEART,0.14072847682119205,51.365894039735096,1.25,143.0,17.0,18.0,106.25
90194,SILVER LARIAT BLACK STONE EARRINGS,0.041390728476821195,15.107615894039736,4.25,42.0,5.0,5.0,106.25
90186B,CRYSTAL HOOP EARRING FLORAL LEAF,0.059602649006622516,21.75496688741722,2.95,61.0,10.0,10.0,106.20000000000002
22445,PENCIL CASE GINGHAM FOREST,0.059602649006622516,21.75496688741722,2.95,61.0,26.0,26.0,106.20000000000002
90108,BLUE BLOSSOM HAIR CLIP,0.1672185430463576,61.03476821192053,1.05,170.0,30.0,31.0,106.05
22433,WATERING CAN PINK BUNNY,0.08940397350993377,32.632450331125824,1.95,91.0,34.0,35.0,105.3
22875,NUMBER TILE COTTAGE GARDEN 7,0.08940397350993377,32.632450331125824,1.95,91.0,13.0,14.0,105.3
17090D,VANILLA INCENSE 40 CONES IN TIN,0.1456953642384106,53.17880794701986,1.2366666666666668,147.0,12.0,13.0,105.2
79144B,PAINTED LIGHTBULB STAR+ MOON,0.4288079470198676,156.51490066225168,0.4163414634146341,434.0,27.0,30.0,105.17999999999999
16169D,WRAP WINTER FOREST,0.4139072847682119,151.07615894039736,0.42,424.0,36.0,39.0,105.0
23574,PACKING CHARGE,0.023178807947019868,8.460264900662251,7.5,24.0,0.0,0.0,105.0
84199,GLOW IN DARK DOLPHINS,0.8460264900662252,308.7996688741722,0.20907692307692308,859.0,47.0,53.0,104.79
84458,S/3 RABBIT FLOWER/EGG/CARROT ROPE,0.20364238410596028,74.3294701986755,0.85,209.0,20.0,21.0,104.55
23151,ZINC SWEETHEART SOAP DISH,0.09768211920529801,35.65397350993378,1.953157894736842,96.0,12.0,13.0,104.41
21118,SHOPPING BAG DOORSTOP,0.11423841059602649,41.69701986754967,2.5357142857142856,91.0,28.0,29.0,104.25
20698,LITTLE PINK MONSTER SOFT TOY,0.07119205298013245,25.985099337748345,2.5026315789473683,72.0,8.0,8.0,104.25
90049,IVORY GOLD METAL BAG CHARM,0.03145695364238411,11.4817880794702,6.954000000000001,29.0,13.0,13.0,104.07
90206C,CRYSTAL DIAMANTE STAR BROOCH,0.0347682119205298,12.690397350993376,4.95,36.0,4.0,4.0,103.95
84705B,FAIRY CAKES PHOTO FRAME,0.13741721854304637,50.15728476821192,1.25,142.0,108.0,109.0,103.75
10138,ASSORTED COLOUR JUMBO PEN,0.40894039735099336,149.26324503311258,0.42,422.0,95.0,98.0,103.74
35607A,PINK FLUFFY CHRISTMAS DECORATION,0.902317880794702,329.3460264900662,0.19,931.0,95.0,101.0,103.55
90036F,"FLOWER GLASS GARLD NECKL36""TURQUOIS",0.02152317880794702,7.855960264900662,7.95,22.0,10.0,10.0,103.35000000000001
84679,CLASSICAL ROSE TABLE LAMP,0.023178807947019868,8.460264900662251,8.95,22.0,4.0,4.0,103.3
90129F,RED GLASS TASSLE BAG CHARM,0.057947019867549666,21.15066225165563,2.95,60.0,10.0,10.0,103.25000000000001
84247H,PACK/12 DECOUPAGE CARD,0.057947019867549666,21.15066225165563,2.95,60.0,14.0,14.0,103.25000000000001
85185F,LION SOCK PUPPET,0.057947019867549666,21.15066225165563,2.95,60.0,7.0,7.0,103.25000000000001
90129A,PINK GLASS TASSLE BAG CHARM ,0.057947019867549666,21.15066225165563,2.95,60.0,7.0,7.0,103.25
72133,COLUMBIAN CANDLE RECTANGLE,0.16390728476821192,59.826158940397356,1.2200000000000002,157.0,19.0,20.0,102.87
35096B,RED VICTORIAN FABRIC HEART BOX,0.4768211920529801,174.03973509933775,0.4138095238095238,459.0,130.0,133.0,102.63
84613A,PINK NEW BAROQUE FLOCK CANDLESTICK,0.03642384105960265,13.294701986754966,4.65,38.0,4.0,4.0,102.3
90024E,NEW BAROQUE B'FLY NECKLACE MONTANA,0.019867549668874173,7.251655629139073,8.5,21.0,7.0,7.0,102.0
90030A,SPOTTED WHITE NATURAL SEED NECKLACE,0.12748344370860928,46.53145695364239,1.61875,120.0,31.0,32.0,101.75
84873A,FUNKY FLOWER PICNIC BAG FOR 4,0.009933774834437087,3.6258278145695364,16.95,10.0,2.0,2.0,101.69999999999999
84249A,"GREETING CARD,SQUARE, DOUGHNUTS",0.39403973509933776,143.8245033112583,0.46099999999999997,395.0,29.0,32.0,101.6
90040C,MURANO STYLE GLASS BRACELET GOLD,0.048013245033112585,17.524834437086092,3.5,50.0,6.0,6.0,101.5
22876,NUMBER TILE COTTAGE GARDEN 8,0.08609271523178808,31.423841059602648,1.95,90.0,15.0,16.0,101.39999999999999
35910A,MULTICOLOUR EASTER RABBIT ,0.08609271523178808,31.423841059602648,1.95,90.0,9.0,10.0,101.39999999999999
22871,NUMBER TILE COTTAGE GARDEN 3 ,0.08609271523178808,31.423841059602648,1.95,90.0,14.0,15.0,101.39999999999999
16248B,BLUE HOLE PUNCH,0.13410596026490065,48.948675496688736,1.25,140.0,58.0,59.0,101.25
84921,CREAM AND PINK FLOWERS PONY ,0.04470198675496689,16.316225165562912,3.75,47.0,6.0,6.0,101.25
90060F,FIRE POLISHED GLASS NECKL GREEN,0.028145695364238412,10.273178807947021,5.95,29.0,11.0,11.0,101.15
21089,SET/6 GREEN SPRING PAPER CUPS,0.5231788079470199,190.96026490066225,0.36888888888888893,509.0,25.0,29.0,100.98
85050,FRENCH ENAMEL SOAP DISH WITH LID,0.07947019867549669,29.00662251655629,2.1,83.0,0.0,1.0,100.8
84549,CROCHET WHITE RABBIT KEYRING ,0.10596026490066225,38.675496688741724,1.6277777777777775,109.0,31.0,32.0,100.8
72821,CUPID SCENTED CANDLE IN GLASS,0.10099337748344371,36.86258278145696,1.65,106.0,18.0,19.0,100.65
22884,NUMBER TILE VINTAGE FONT 5,0.1291390728476821,47.13576158940397,1.7922222222222222,115.0,28.0,29.0,100.53999999999999
22883,NUMBER TILE VINTAGE FONT 4,0.1291390728476821,47.13576158940397,1.6918181818181817,118.0,33.0,34.0,100.53999999999999
75172,PAINTED SEA SHELL METAL WINDCHIME,0.1605960264900662,58.61754966887417,2.1354545454545457,117.0,45.0,46.0,100.31
90190B,GOLD/AMBER DROP EARRINGS W LEAF,0.056291390728476824,20.546357615894042,2.9500000000000006,59.0,18.0,18.0,100.30000000000001
72753C,S/3 FLWR FAIRY ROSE CANDLES,0.0695364238410596,25.38079470198675,3.2700000000000005,62.0,22.0,22.0,99.9
23466,TUSCAN VILLA DOVECOTE,0.019867549668874173,7.251655629139073,8.25,21.0,5.0,5.0,99.0
23465,TUSCAN VILLA FEEDING STATION,0.019867549668874173,7.251655629139073,8.25,21.0,2.0,2.0,99.0
22736,"RIBBON REEL, MAKING SNOWMEN ",0.09933774834437085,36.258278145695364,1.65,105.0,20.0,21.0,99.0
23191,BUNDLE OF 3 RETRO EXERCISE BOOKS,0.09933774834437085,36.258278145695364,1.65,105.0,0.0,1.0,99.0
84575A,PINK DOG CANNISTER,0.039735099337748346,14.503311258278146,5.334615384615385,37.0,11.0,11.0,98.8
16161G,WRAP BAD HAIR DAY,1.6142384105960266,589.1970198675497,0.1,1716.0,64.0,75.0,97.5
22873,NUMBER TILE COTTAGE GARDEN 5,0.08278145695364239,30.21523178807947,1.95,88.0,14.0,15.0,97.5
20957,PORCELAIN HANGING BELL SMALL,0.11092715231788079,40.48841059602649,1.45,118.0,20.0,21.0,97.15
22812,PACK 3 BOXES CHRISTMAS PANETTONE,0.06456953642384106,23.567880794701985,2.495,69.0,9.0,9.0,95.67
84951A,S/4 PISTACHIO LOVEBIRD COASTERS,0.11258278145695365,41.092715231788084,2.29,95.0,113.0,114.0,95.39999999999999
17084J,LOVE POTION MASALA INCENSE,0.7516556291390728,274.3543046357616,0.21,808.0,42.0,47.0,95.34
90199A,5 STRAND GLASS NECKLACE BLACK,0.024834437086092714,9.064569536423841,6.35,27.0,4.0,4.0,95.25
90199D,5 STRAND GLASS NECKLACE AMBER,0.024834437086092714,9.064569536423841,6.35,27.0,7.0,7.0,95.25
90211B,JET BLACK LAS VEGAS NECKLACE 45CM,0.026490066225165563,9.668874172185431,5.95,29.0,2.0,2.0,95.2
48103,DOOR MAT KISS MY.......,0.02152317880794702,7.855960264900662,7.305,23.0,2.0,2.0,95.15
84967A,PINK KASHMIRI OCCASIONAL TABLE,0.0033112582781456954,1.2086092715231789,47.475,4.0,0.0,0.0,94.95
72606A,BROWN ANTIQUE CUBE CANDLE,0.3741721854304636,136.5728476821192,0.42,403.0,96.0,99.0,94.92
90125C,TURQUOISE BERTIE GLASS BEAD CHARM,0.1456953642384106,53.17880794701986,1.6833333333333336,126.0,81.0,82.0,94.8
90214E,"LETTER ""E"" BLING KEY RING",0.15728476821192053,57.408940397350996,1.1627272727272726,157.0,15.0,16.0,94.75
72740A,LARGE STRAWBERRY CHOCOLATE CANDLE,0.09271523178807947,33.841059602649004,2.03,91.0,38.0,39.0,94.7
20861,GOLD COSMETIC BAG PINK STAR,0.07450331125827815,27.193708609271525,2.1,80.0,12.0,13.0,94.5
21241,GREEN POLKADOT CUP,0.1837748344370861,67.07781456953643,0.85,199.0,46.0,47.0,94.35
90137,PINK COMBO MINI CRYSTALS NECKLACE,0.03145695364238411,11.4817880794702,4.95,34.0,7.0,7.0,94.05000000000001
90002C,FLOWER BURST SILVER RING MIDN'T BLU,0.041390728476821195,15.107615894039736,3.75,45.0,5.0,5.0,93.75
47593A,CAROUSEL DESIGN BABY BIB,0.12417218543046357,45.3228476821192,1.25,135.0,30.0,31.0,93.75
23402,HOME SWEEET HOME 3 PEG HANGER ,0.041390728476821195,15.107615894039736,3.75,45.0,15.0,15.0,93.75
90003C,MIDNIGHT BLUE PAIR HEART HAIR SLIDE,0.041390728476821195,15.107615894039736,3.75,45.0,7.0,7.0,93.75
22432,WATERING CAN GREEN DINOSAUR,0.07947019867549669,29.00662251655629,1.95,86.0,14.0,15.0,93.6
17084A,TRANQUILITY MASALA INCENSE,0.7317880794701986,267.1026490066225,0.21,797.0,37.0,42.0,92.82
35610A,PINK CHRISTMAS FLOCK DROPLET ,0.22847682119205298,83.39403973509934,1.0425,200.0,83.0,85.0,92.82
22886,NUMBER TILE VINTAGE FONT 7,0.12251655629139073,44.71854304635762,1.7315384615384615,114.0,32.0,33.0,92.74
35966,FOLKART CHRISTMAS TREE T-LIGHT HOLD,0.40397350993377484,147.45033112582783,0.38,440.0,43.0,46.0,92.72
47592B,SCOTTIES DESIGN CHILD'S OVERALL,0.0728476821192053,26.58940397350993,2.1,80.0,8.0,9.0,92.4
84867A,PINK BABY GIRLS PHOTO ALBUM,0.024834437086092714,9.064569536423841,6.616666666666667,26.0,27.0,27.0,92.25
21343,GOLD JEWELERY BOX,0.033112582781456956,12.08609271523179,8.283333333333333,27.0,24.0,24.0,92.0
20697,LITTLE GREEN MONSTER SOFT TOY,0.06291390728476821,22.9635761589404,2.5026315789473683,68.0,7.0,7.0,91.49999999999999
20664,TROPICAL HOLIDAY PURSE ,0.05132450331125828,18.733443708609272,2.95,56.0,5.0,5.0,91.45000000000002
90177D,DROP DIAMANTE EARRINGS PURPLE,0.05132450331125828,18.733443708609272,2.95,56.0,11.0,11.0,91.45000000000002
23075,DOUBLE CERAMIC PARLOUR HOOK,0.03642384105960265,13.294701986754966,4.15,40.0,4.0,4.0,91.30000000000001
90040D,MURANO STYLE GLASS BRACELET PINK,0.04304635761589404,15.711920529801324,3.5,47.0,4.0,4.0,91.0
22880,NUMBER TILE VINTAGE FONT 1,0.12086092715231789,44.11423841059603,1.7315384615384615,113.0,31.0,32.0,90.78999999999999
22878,"NUMBER TILE COTTAGE GARDEN, No",0.07119205298013245,25.985099337748345,2.1,79.0,83.0,83.0,90.3
90163A,PINK ROSEBUD & PEARL NECKLACE,0.019867549668874173,7.251655629139073,7.5,22.0,4.0,4.0,90.0
90003B,ROSE COLOUR PAIR HEART HAIR SLIDES,0.039735099337748346,14.503311258278146,3.75,44.0,9.0,9.0,90.0
90150,BLUE SHELL+SILVER NECKLACE,0.019867549668874173,7.251655629139073,7.5,22.0,3.0,3.0,90.0
90214J,"LETTER ""J"" BLING KEY RING",0.13410596026490065,48.948675496688736,1.218,142.0,14.0,15.0,89.73
17013C,ORIGAMI LAVENDER INCENSE IN TUBE,0.3526490066225166,128.71688741721854,0.42,391.0,65.0,67.0,89.46000000000001
84437A,S/6 PINK EASTER DECS IN BOX,0.173841059602649,63.45198675496689,0.85,193.0,18.0,19.0,89.25
90042C,FRESHWATER PEARL BRACELET IVORY,0.057947019867549666,21.15066225165563,2.55,64.0,11.0,11.0,89.25
84765,SILVER ROCOCO CANDELABRA,0.011589403973509934,4.2301324503311255,12.75,13.0,4.0,4.0,89.25
90023,FILIGREE DIAMANTE EARRINGS,0.0347682119205298,12.690397350993376,4.25,39.0,3.0,3.0,89.25
79191D,RETRO PLASTIC DAISY TRAY,0.173841059602649,63.45198675496689,0.85,193.0,16.0,17.0,89.25
90156,RESIN BRACELET W PASTEL BEADS,0.029801324503311258,10.87748344370861,4.95,33.0,8.0,8.0,89.10000000000001
90133,TEAL/FUSCHIA COL BEAD NECKLACE,0.029801324503311258,10.87748344370861,4.95,33.0,7.0,7.0,89.1
84388,WISE MAN STAR SHAPE EGG PAN,0.11589403973509933,42.30132450331126,1.4856521739130435,119.0,13.0,14.0,89.03999999999999
20660,VIP LUGGAGE TAG ,0.11754966887417219,42.90562913907285,1.25,131.0,13.0,14.0,88.75
21337,SILVER WASHBAG,0.04966887417218543,18.129139072847682,2.95,55.0,16.0,16.0,88.50000000000001
84984D,ORIENTAL RED C/COVER ,0.033112582781456956,12.08609271523179,4.57,36.0,20.0,20.0,88.2
35638A,PINK AND BLACK STRING CURTAIN,0.06456953642384106,23.567880794701985,3.9499999999999997,55.0,57.0,57.0,88.04999999999998
84721,MANHATTAN CANVAS ART PICTURE,0.033112582781456956,12.08609271523179,8.35,27.0,56.0,56.0,87.8
90214M,"LETTER ""M"" BLING KEY RING",0.13079470198675497,47.74006622516556,1.216896551724138,140.0,14.0,15.0,87.23
35822B,"ACRYLIC BEAD CHAIN, BLUE",0.3791390728476821,138.38576158940398,0.38,427.0,0.0,3.0,87.02
90094,NECKLACE+BRACELET SET FRUIT SALAD ,0.056291390728476824,20.546357615894042,2.55,63.0,6.0,6.0,86.69999999999999
71406C,BLACK ORANGE SQUEEZER,0.34105960264900664,124.48675496688743,0.42,385.0,23.0,25.0,86.52
84424A,FOUR PICTURE WHITE GLASS FRAME,0.0380794701986755,13.899006622516556,3.75,43.0,9.0,9.0,86.25
84465,15 PINK FLUFFY CHICKS IN BOX,0.048013245033112585,17.524834437086092,2.95,55.0,4.0,4.0,85.55000000000001
90190C,SILVER/AMETHYST DROP EARRINGS LEAF,0.048013245033112585,17.524834437086092,2.95,55.0,12.0,12.0,85.55000000000001
90162A,ANT SILVER TURQUOISE BOUDICCA RING,0.048013245033112585,17.524834437086092,2.95,55.0,10.0,10.0,85.55000000000001
90164A,PINK ROSEBUD PEARL BRACELET,0.0347682119205298,12.690397350993376,5.121428571428572,35.0,9.0,9.0,85.35
22844,"DOG FOOD CONTAINER , VINTAGE",0.016556291390728478,6.043046357615895,8.5,19.0,10.0,10.0,85.0
90026D,GLASS BEAD HOOP NECKLACE AMETHYST,0.016556291390728478,6.043046357615895,8.5,19.0,2.0,2.0,85.0
22887,NUMBER TILE VINTAGE FONT 8,0.11589403973509933,42.30132450331126,1.7315384615384615,111.0,32.0,33.0,84.94
17027A,INCENSE BAZAAR CANNABIS,0.37748344370860926,137.7814569536424,0.355,441.0,185.0,188.0,84.84
46775B,BERRIES CHUNKY KNITTED THROW ,0.008278145695364239,3.0215231788079473,16.95,9.0,2.0,2.0,84.75
46775A,BUBBLE GUM CHUNKY KNITTED THROW ,0.008278145695364239,3.0215231788079473,16.95,9.0,2.0,2.0,84.75
35271S,GOLD PRINT PAPER BAG,0.6854304635761589,250.182119205298,0.20277777777777778,785.0,145.0,150.0,84.17999999999999
90088,CRYSTAL KEY+LOCK PHONE CHARM,0.16390728476821192,59.826158940397356,0.85,188.0,38.0,39.0,84.14999999999999
23456,MEDIUM PARLOUR FRAME ,0.03642384105960265,13.294701986754966,3.95,41.0,43.0,43.0,84.1
72783,BLACK SIL'T SQU CANDLE PLATE ,0.06622516556291391,24.17218543046358,2.1,76.0,20.0,20.0,84.0
90000B,MIDNIGHT BLUE COPPER FLOWER NECKLAC,0.023178807947019868,8.460264900662251,5.95,27.0,3.0,3.0,83.30000000000001
23442,12 HANGING EGGS HAND PAINTED,0.06622516556291391,24.17218543046358,2.08,76.0,17.0,17.0,83.2
37342,SPOTTY COFFEE CUP & SAUCER,0.046357615894039736,16.920529801324502,2.9500000000000006,54.0,7.0,7.0,82.60000000000001
90039D,FIRE POLISHED GLASS BRACELET GREEN,0.03642384105960265,13.294701986754966,3.75,42.0,21.0,21.0,82.5
90069,RUBY GLASS CLUSTER NECKLACE,0.018211920529801324,6.647350993377483,7.5,21.0,9.0,9.0,82.5
35838B,S/6 SILVER ORNAMENETAL CANDLE,0.1605960264900662,58.61754966887417,0.85,186.0,20.0,21.0,82.45
35913B,WHITE/PINK CHICK EASTER DECORATION,0.1605960264900662,58.61754966887417,0.8499999999999999,186.0,18.0,19.0,82.45
21699,SET 5 MINI CHOCOLATE FRIDGE MAGNETS,0.17880794701986755,65.26490066225165,1.2266666666666666,163.0,139.0,140.0,82.44
16051,TEATIME PENCIL W STAMP ASST,1.5529801324503312,566.8377483443709,0.3,972.0,2092.0,2103.0,82.2
35609A,PINK FEATHER CHRISTMAS DECORATION,0.706953642384106,258.0380794701987,0.2488888888888889,720.0,54.0,59.0,82.19
22579,WOODEN TREE CHRISTMAS SCANDISPOT,0.15894039735099338,58.01324503311258,0.85,185.0,30.0,31.0,81.6
22566,"FELTCRAFT HAIRBAND S/2, PINK/PURPLE",0.15894039735099338,58.01324503311258,0.85,185.0,0.0,1.0,81.6
72779,SET/6 BLACK ROSE T-LIGHT CANDLES,0.07947019867549669,29.00662251655629,1.69,93.0,13.0,14.0,81.12
16011, ANIMAL STICKERS,0.6374172185430463,232.65728476821192,0.21,744.0,51.0,55.0,80.85
90121B,VINTAGE ROSE BEAD BRACELET BLUE,0.03145695364238411,11.4817880794702,4.25,37.0,5.0,5.0,80.75
90164B,WHITE  ROSEBUD PEARL BRACELET,0.04966887417218543,18.129139072847682,3.3375,52.0,11.0,11.0,80.7
22530,MAGIC SLATE DOLLY GIRL ,0.31788079470198677,116.02649006622516,0.42,372.0,0.0,2.0,80.64
22531,MAGIC SLATE CIRCUS PARADE  ,0.31788079470198677,116.02649006622516,0.42,372.0,0.0,2.0,80.64
17011E,ORIGAMI OPIUM SCENT INCENSE+FLOWER,0.2052980132450331,74.93377483443709,0.65,240.0,0.0,1.0,80.60000000000001
90040A,MURANO STYLE GLASS BRACELET RED,0.0380794701986755,13.899006622516556,3.5,45.0,4.0,4.0,80.5
90166,PINK & WHITE ROSEBUD RING,0.03145695364238411,11.4817880794702,4.204545454545454,37.0,4.0,4.0,80.15
23370,SET 36 COLOUR PENCILS DOILEY,0.10596026490066225,38.675496688741724,1.25,124.0,40.0,41.0,80.0
47592A,CAROUSEL CHILDRENS OVERALL,0.06291390728476821,22.9635761589404,2.1,74.0,46.0,46.0,79.8
84795E,RIO PINK STRIPE HAMMOCK,0.016556291390728478,6.043046357615895,7.95,19.0,4.0,4.0,79.5
22649,STRAWBERRY CAKE TEAPOT,0.026490066225165563,9.668874172185431,4.95,31.0,12.0,12.0,79.2
23464,VINTAGE ZINC WATERING CAN SMALL,0.026490066225165563,9.668874172185431,4.95,31.0,7.0,7.0,79.2
90115,SUMMER BUTTERFLIES BAG CHARM,0.05132450331125828,18.733443708609272,2.55,61.0,8.0,8.0,79.05
90096,NECKLACE+BRACELET SET BLUE BLOSSOM,0.05132450331125828,18.733443708609272,2.55,61.0,8.0,8.0,79.05
37471,MULTICOLOUR POLKADOT PLATE,1.1523178807947019,420.5960264900662,0.475,665.0,2074.0,2082.0,78.60000000000001
35931,PINK STAR CHRISTMAS DECORATION,0.2582781456953642,94.27152317880794,0.48466666666666663,312.0,53.0,55.0,78.11999999999999
84596I,WRAP SWEETS LIGHT PINK SMALL BOWL,0.11754966887417219,42.90562913907285,1.231,132.0,75.0,76.0,78.11
35265,COLOURFUL FLOWER FRUIT BOWL,0.033112582781456956,12.08609271523179,3.5533333333333332,41.0,4.0,4.0,78.05
71495A,CD WALL TIDY BLUE OFFICE,0.3526490066225166,128.71688741721854,0.39999999999999997,401.0,146.0,148.0,77.94000000000001
84914A,PINK ROSE PICNIC RUG,0.004966887417218543,1.8129139072847682,25.95,6.0,3.0,3.0,77.85
23497,CLASSIC CROME BICYCLE BELL ,0.09933774834437085,36.258278145695364,1.35,116.0,111.0,112.0,77.4
84614A,PINK BAROQUE FLOCK CANDLE HOLDER,0.02152317880794702,7.855960264900662,5.95,26.0,2.0,2.0,77.35000000000001
21450,DISTRESSED CANDLE STICK WHITE,0.02152317880794702,7.855960264900662,5.95,26.0,22.0,22.0,77.35
90092,BLUE CRYSTAL BOOT PHONE CHARM,0.15066225165562913,54.991721854304636,0.85,180.0,38.0,39.0,77.35
22888,NUMBER TILE VINTAGE FONT 9 ,0.10927152317880795,39.884105960264904,1.666,109.0,35.0,36.0,77.14
90202D,PINK ENAMEL FLOWER HAIR TIE,0.04304635761589404,15.711920529801324,2.95,52.0,20.0,20.0,76.70000000000002
90183A,AMBER DROP EARRINGS W LONG BEADS,0.04304635761589404,15.711920529801324,2.9500000000000006,52.0,11.0,11.0,76.70000000000002
90162D,ANT SILVER PURPLE BOUDICCA RING,0.04304635761589404,15.711920529801324,2.9500000000000006,52.0,6.0,6.0,76.7
84923,PINK BUTTERFLY HANDBAG W BOBBLES,0.014900662251655629,5.438741721854305,8.5,18.0,6.0,6.0,76.5
90024B,NEW BAROQUE B'FLY NECKLACE RED,0.014900662251655629,5.438741721854305,8.5,18.0,2.0,2.0,76.5
90028,NEW BAROQUE LARGE NECKLACE BLK/WHIT,0.014900662251655629,5.438741721854305,8.5,18.0,6.0,6.0,76.5
84617, NEW BAROQUE BLACK BOXES,0.009933774834437087,3.6258278145695364,12.75,12.0,4.0,4.0,76.5
35815P,"ACRYLIC JEWEL SNOWFLAKE, PINK",0.2781456953642384,101.523178807947,1.1171428571428572,213.0,93.0,95.0,75.88
23467,VINTAGE ZINC PLANTER  ,0.0380794701986755,13.899006622516556,3.29,46.0,10.0,10.0,75.66999999999999
62043B,BLUE CHECK BAG W HANDLE 34X20CM,0.08940397350993377,32.632450331125824,1.2399999999999998,115.0,36.0,37.0,75.16000000000001
16161E,WRAP BOUDOIR ,1.2417218543046358,453.22847682119203,0.1,1505.0,684.0,693.0,75.0
23061,VINTAGE ENGRAVED HEART,0.09933774834437085,36.258278145695364,1.25,120.0,26.0,27.0,75.0
90013B,BLACK VINTAGE EARRINGS,0.033112582781456956,12.08609271523179,3.75,40.0,0.0,0.0,75.0
84030C,KNITTED RAINBOW HOT WATER BOTTLE,0.033112582781456956,12.08609271523179,3.75,40.0,20.0,20.0,75.0
90176D,DIAMANTE NECKLACE PURPLE,0.016556291390728478,6.043046357615895,7.5,20.0,2.0,2.0,75.0
37399,"ASS RETROSPOOF MUGS,SPORTS",0.2367549668874172,86.41556291390728,0.9733333333333333,211.0,138.0,140.0,75.0
84757,ENCHANTED GARDEN WROUGHT IRON TABLE,0.008278145695364239,3.0215231788079473,14.95,10.0,2.0,2.0,74.75
23044,PAPER LANTERN 9 POINT HOLLY STAR 23,0.029801324503311258,10.87748344370861,4.15,36.0,7.0,7.0,74.7
23068,ALUMINIUM HEART,0.04966887417218543,18.129139072847682,2.49,60.0,7.0,7.0,74.7
90116,FRUIT SALAD BAG CHARM,0.0728476821192053,26.58940397350993,1.69,89.0,18.0,19.0,74.36
46138B,BLUE CHENILLE SHAGGY CUSHION COVER ,0.09768211920529801,35.65397350993378,1.3710526315789473,114.0,12.0,13.0,74.35
22068, BLACK PIRATE TREASURE CHEST,0.07450331125827815,27.193708609271525,1.65,91.0,11.0,12.0,74.25
90099,NECKLACE+BRACELET SET BLUE HIBISCUS,0.048013245033112585,17.524834437086092,2.55,59.0,6.0,6.0,73.94999999999999
35610C,WHITE CHRISTMAS FLOCK DROPLET ,0.15066225165562913,54.991721854304636,1.1116666666666666,157.0,79.0,80.0,73.91
90067A,PINK VINTAGE VICTORIAN EARRINGS,0.041390728476821195,15.107615894039736,2.95,51.0,11.0,11.0,73.75000000000001
84593,CROCHET ROSE DES CLOTHES HANGER,0.041390728476821195,15.107615894039736,2.95,51.0,13.0,13.0,73.75
15030,FAN BLACK FRAME ,0.4205298013245033,153.4933774834437,0.29,514.0,48.0,51.0,73.66
79331,PINK FLOCK GLASS CANDLEHOLDER,0.09933774834437085,36.258278145695364,1.3677777777777775,115.0,16.0,17.0,73.60000000000001
90112,PINK DOLLY HAIR CLIPS,0.11589403973509933,42.30132450331126,1.05,142.0,21.0,22.0,73.5
20622,VIP PASSPORT COVER ,0.057947019867549666,21.15066225165563,2.1,71.0,15.0,15.0,73.5
22416,SET OF 36 SPACEBOY PAPER DOILIES,0.08278145695364239,30.21523178807947,1.45,102.0,21.0,22.0,72.5
35916C,PINK FELT HANGING HEART W FLOWER,0.14072847682119205,51.365894039735096,0.85,174.0,18.0,19.0,72.25
84454,WOBBLING METAL CHICKEN EASTER,0.14072847682119205,51.365894039735096,0.8499999999999999,174.0,19.0,20.0,72.25
84427B,BLACK GLASS TV DOUBLE P/FRAME 15X10,0.028145695364238412,10.273178807947021,4.25,35.0,19.0,19.0,72.25
84753A,PINK EAU DE COLOGNE BOTTLE,0.14072847682119205,51.365894039735096,0.85,174.0,19.0,20.0,72.25
37471,MULTICOLOUR DOTS PLATE,1.1390728476821192,415.7615894039735,0.475,662.0,2099.0,2107.0,71.80000000000001
35937,CERISE+GOLD CHRISTMAS STOCKING DEC,0.31125827814569534,113.6092715231788,0.38,387.0,38.0,40.0,71.44
17007B,S/3 POT POURI CUSHIONS BLUE COLOURS,0.056291390728476824,20.546357615894042,2.1,70.0,21.0,21.0,71.4
37509,NEW ENGLAND MUG W GIFT BOX,0.046357615894039736,16.920529801324502,2.55,58.0,5.0,5.0,71.39999999999999
84925C,FAIRY CAKES  WALL THERMOMETER,0.046357615894039736,16.920529801324502,2.55,58.0,11.0,11.0,71.39999999999999
22879,NUMBER TILE VINTAGE FONT 0,0.10430463576158941,38.07119205298014,1.6344444444444444,108.0,36.0,37.0,71.29
16256C,HEARTS PENCIL/RUBBER+5 MINI PENCILS,0.27980132450331124,102.1274834437086,0.42000000000000004,349.0,64.0,66.0,70.98
84086B,YELLOW/BLUE RETRO RADIO,0.039735099337748346,14.503311258278146,2.95,50.0,3.0,3.0,70.80000000000001
22346,PARTY PIZZA DISH GREEN RETROSPOT,0.13741721854304637,50.15728476821192,0.85,172.0,19.0,20.0,70.55
37479P,CUBIC MUG FLOCK PINK ON BROWN,0.20695364238410596,75.53807947019868,0.7656521739130434,222.0,16.0,17.0,70.35
90005A,JADE GREEN ENAMEL HAIR COMB,0.059602649006622516,21.75496688741722,1.95,75.0,13.0,13.0,70.2
16020C,CLEAR STATIONERY BOX SET ,0.1357615894039735,49.55298013245033,0.85,171.0,15.0,16.0,69.69999999999999
84918,CREAM C/COVER W YELLOW/GREEN FLOWER,0.016556291390728478,6.043046357615895,6.95,21.0,5.0,5.0,69.5
81952V,ROUND PURPLE CLOCK WITH SUCKER,0.6043046357615894,220.57119205298014,0.19,762.0,90.0,94.0,69.35
72140F,HAPPY ANNIVERSARY CANDLE LETTERS,0.2897350993377483,105.75331125827815,0.41600000000000004,357.0,77.0,79.0,69.18
23040,PAPER LANTERN 9 POINT SNOW STAR,0.019867549668874173,7.251655629139073,5.75,25.0,0.0,0.0,69.0
81952V,ROUND PURPLE CLOCK W/SUCKER,0.1423841059602649,51.97019867549669,0.829,177.0,24.0,25.0,68.9
90042A,FRESHWATER PEARL BRACELET GOLD,0.04470198675496689,16.316225165562912,2.55,57.0,13.0,13.0,68.85
90205C,LARGE CRYSTAL DIAMANTE HAIRSLIDE,0.076158940397351,27.79801324503311,1.6099999999999999,93.0,66.0,67.0,68.7
84251G,"GREETING CARD, OVERCROWDED POOL.",0.5960264900662252,217.5496688741722,0.19,757.0,15.0,19.0,68.39999999999999
79144C,PAINTED LIGHTBULB RAINBOW DESIGN,0.28311258278145696,103.33609271523179,0.4134782608695652,353.0,30.0,32.0,68.22
71215,METAL BASE FOR CANDLES,0.29304635761589404,106.96192052980132,0.4091666666666667,362.0,56.0,58.0,68.1
90001D,ANTIQUE OLIVE GREEN FLOWER EARRINGS,0.026490066225165563,9.668874172185431,4.25,34.0,7.0,7.0,68.0
90018B,GOLD M.O.P ORBIT DROP EARRINGS,0.026490066225165563,9.668874172185431,4.25,34.0,2.0,2.0,68.0
84857A,SILVER MONTE CARLO HANDBAG,0.013245033112582781,4.8344370860927155,8.5,17.0,9.0,9.0,68.0
81950B,FLOWER BLUE CLOCK W/SUCKER,0.13245033112582782,48.34437086092716,0.85,169.0,18.0,19.0,68.0
90026A,GLASS BEAD HOOP NECKLACE BLACK,0.013245033112582781,4.8344370860927155,8.5,17.0,2.0,2.0,68.0
84425A,WHITE GLASS TV TRIPLE FRAME,0.026490066225165563,9.668874172185431,4.25,34.0,3.0,3.0,68.0
84510E,SET OF 4 GREEN CAROUSEL COASTERS,0.2119205298013245,77.35099337748345,1.0230769230769232,194.0,119.0,120.0,67.8
47369B,BLUE GREEN EMBROIDERY COSMETIC BAG,0.03642384105960265,13.294701986754966,3.2340000000000004,45.0,7.0,7.0,67.74000000000001
84548,CROCHET BEAR RED/BLUE  KEYRING,0.06788079470198675,24.776490066225165,1.65,87.0,16.0,16.0,67.64999999999999
84803B,WHITE ALLIUM  ARTIFICIAL FLOWER,0.06622516556291391,24.17218543046358,1.69,85.0,14.0,14.0,67.6
90038A,GLASS AND PAINTED BEADS BRACELET TO,0.029801324503311258,10.87748344370861,3.75,38.0,8.0,8.0,67.5
90072,RUBY DROP CHANDELIER EARRINGS,0.029801324503311258,10.87748344370861,3.75,38.0,10.0,10.0,67.5
47341B,BLUE TABLE RUN FLOWER,0.07947019867549669,29.00662251655629,1.7857142857142858,90.0,17.0,18.0,67.5
90002B,FLOWER BURST SILVER RING ROSE,0.029801324503311258,10.87748344370861,3.75,38.0,6.0,6.0,67.5
84926B,SCOTTS ROSES TILE COASTER,0.08940397350993377,32.632450331125824,1.25,114.0,29.0,30.0,67.5
47420,ASSORTED COLOUR SUCTION CUP HOOK,0.5860927152317881,213.92384105960264,0.19,750.0,65.0,69.0,67.26
35819P,"ACRYLIC HANGING JEWEL,PINK",0.15728476821192053,57.408940397350996,0.5042857142857143,239.0,51.0,52.0,66.55
71143,SILVER BOOK MARK WITH BEADS,0.1291390728476821,47.13576158940397,0.8499999999999999,167.0,17.0,18.0,66.3
40002,WHITE BAMBOO RIBS LAMPSHADE,0.1291390728476821,47.13576158940397,0.85,167.0,0.0,1.0,66.3
84455,SET OF 3 RABBIT CARROTS EASTER,0.1291390728476821,47.13576158940397,0.85,167.0,19.0,20.0,66.3
72369A,PINK CLEAR GLASS CANDLE PLATE,0.08774834437086093,32.02814569536424,1.25,113.0,15.0,16.0,66.25
90089,PINK CRYSTAL SKULL PHONE CHARM,0.1456953642384106,53.17880794701986,0.73,191.0,24.0,25.0,66.22
85072,OCCASIONS GIFT CARD ASSORTMENT,0.1986754966887417,72.51655629139073,0.55,257.0,0.0,1.0,66.0
47598,NEW ENGLAND EGG WARMER,0.1986754966887417,72.51655629139073,0.55,257.0,16.0,17.0,66.0
79329,PINK FLOCK GLASS CANDLEHOLDER,0.16556291390728478,60.43046357615894,1.2871428571428571,153.0,111.0,112.0,65.94
90060D,FIRE POLISHED GLASS NECKL BRONZE,0.018211920529801324,6.647350993377483,5.95,24.0,7.0,7.0,65.45
84705A,ENGLISH ROSE PHOTO FRAME ,0.023178807947019868,8.460264900662251,4.65,30.0,4.0,4.0,65.10000000000001
47016,LIGHT DECORATION BATTERY OPERATED,0.05132450331125828,18.733443708609272,2.1,67.0,43.0,43.0,65.10000000000001
20835,FRENCH LATTICE CUSHION COVER ,0.1291390728476821,47.13576158940397,0.8325,168.0,14.0,15.0,64.98
47369A,PINK GREEN EMBROIDERY COSMETIC BAG,0.03642384105960265,13.294701986754966,2.95,47.0,7.0,7.0,64.9
23235,BISCUIT TIN VINTAGE LEAF,0.039735099337748346,14.503311258278146,2.7566666666666664,51.0,15.0,15.0,64.56
90056,CHUNKY CRACKED GLAZE NECKLACE IVORY,0.009933774834437087,3.6258278145695364,10.75,13.0,0.0,0.0,64.5
90046,WHITE WITH METAL BAG CHARM,0.02152317880794702,7.855960264900662,4.95,28.0,3.0,3.0,64.35
79534,MULTICOLOUR GLASS PLATE,0.19205298013245034,70.09933774834437,0.55,252.0,17.0,18.0,63.800000000000004
23253,16 PC CUTLERY SET PANTRY DESIGN,0.006622516556291391,2.4172185430463577,15.95,9.0,0.0,0.0,63.8
84617,NEW BAROQUE BLACK BOXES,0.008278145695364239,3.0215231788079473,12.75,11.0,2.0,2.0,63.75
20791,BLUE TILED SET OF 3 DRAWERS,0.008278145695364239,3.0215231788079473,12.75,11.0,0.0,0.0,63.75
90064B,BLACK VINTAGE  CRYSTAL EARRINGS,0.028145695364238412,10.273178807947021,3.75,37.0,6.0,6.0,63.75
85018B,S/6 PAPER BOXES BLOSSOM IMAGES ,0.024834437086092714,9.064569536423841,4.25,33.0,7.0,7.0,63.75
85018A,S/6 PAPER BOXES ROMANTIC IMAGES,0.024834437086092714,9.064569536423841,4.25,33.0,5.0,5.0,63.75
22845,"CAT FOOD CONTAINER , VINTAGE",0.016556291390728478,6.043046357615895,6.349999999999999,22.0,10.0,10.0,63.5
21489,BLUE WHITE SCARF HOT WATER BOTTLE,0.026490066225165563,9.668874172185431,3.9500000000000006,35.0,6.0,6.0,63.2
22987,"WRAP , SUMMER ROSE DESIGN",0.24834437086092714,90.6456953642384,0.42,328.0,0.0,2.0,63.0
72709,IVORY SCULPTED RND CANDLE ,0.12251655629139073,44.71854304635762,0.8499999999999999,162.0,16.0,17.0,62.89999999999999
90131,PINK/AMETHYST/GOLD NECKLACE,0.014900662251655629,5.438741721854305,6.95,20.0,5.0,5.0,62.55
90214G,"LETTER ""G"" BLING KEY RING",0.11423841059602649,41.69701986754967,1.112857142857143,137.0,18.0,19.0,62.25
47348A,FUSCHIA VOILE POINTY SHOE DEC,0.17052980132450332,62.243377483443716,0.78,200.0,27.0,28.0,62.01
20667,CHERRY BLOSSOM PURSE,0.0347682119205298,12.690397350993376,2.95,46.0,5.0,5.0,61.95
17136A,BLUE STONES ON WIRE FOR CANDLE,1.2301324503311257,448.9983443708609,0.10676470588235294,1450.0,80.0,89.0,61.78
16151A,FLOWERS HANDBAG blue and orange,0.08112582781456953,29.61092715231788,1.25,109.0,101.0,102.0,61.25
22578,WOODEN STAR CHRISTMAS SCANDISPOT,0.11920529801324503,43.50993377483444,0.85,160.0,0.0,1.0,61.2
23541,"WALL ART ,PUDDINGS ",0.013245033112582781,4.8344370860927155,7.85,18.0,12.0,12.0,61.2
22565,FELTCRAFT HAIRBANDS PINK + WHITE ,0.11920529801324503,43.50993377483444,0.85,160.0,0.0,1.0,61.199999999999996
22949,SET OF 36 DOLLY GIRL PAPER DOILIES,0.0695364238410596,25.38079470198675,1.45,94.0,18.0,18.0,60.9
22537,MAGIC SLATE DINOSAUR,0.23841059602649006,87.01986754966887,0.42,322.0,0.0,2.0,60.480000000000004
84984B,RED PEONY DES C/COVER ,0.02152317880794702,7.855960264900662,4.65,29.0,4.0,4.0,60.45
90204,PAIR OF ENAMEL BUTTERFLY HAIRCLIP,0.029801324503311258,10.87748344370861,3.35,40.0,7.0,7.0,60.300000000000004
22619, SET Of 6 SOLDIER SKITTLES,0.026490066225165563,9.668874172185431,3.75,36.0,10.0,10.0,60.0
90212B,JET BLACK LAS VEGAS BRACELET ROUND,0.026490066225165563,9.668874172185431,3.75,36.0,4.0,4.0,60.0
22953,BIRTHDAY BANNER TAPE,0.07947019867549669,29.00662251655629,1.25,108.0,30.0,31.0,60.0
90189A,SILVER 2 STRAND NECKLACE-LEAF CHARM,0.013245033112582781,4.8344370860927155,7.5,18.0,2.0,2.0,60.0
90176C,DIAMANTE NECKLACE,0.013245033112582781,4.8344370860927155,7.5,18.0,4.0,4.0,60.0
90078,PINK/WHITE GLASS DEMI CHOKER,0.013245033112582781,4.8344370860927155,7.5,18.0,4.0,4.0,60.0
22409,TIN CAN BISCUITS DESIGN,0.07947019867549669,29.00662251655629,1.25,108.0,0.0,1.0,60.0
90021,LASER CUT MULTI STRAND NECKLACE,0.008278145695364239,3.0215231788079473,11.95,11.0,2.0,2.0,59.75
90018C,SILVER BLACK ORBIT DROP EARRINGS,0.023178807947019868,8.460264900662251,4.25,32.0,4.0,4.0,59.5
90026C,GLASS BEAD HOOP NECKLACE GREEN,0.011589403973509934,4.2301324503311255,8.5,16.0,2.0,2.0,59.5
90026B,GLASS BEAD HOOP NECKLACE MONTANA,0.011589403973509934,4.2301324503311255,8.5,16.0,2.0,2.0,59.5
90179C,BLACK FINE BEAD NECKLACE W TASSEL,0.016556291390728478,6.043046357615895,5.95,23.0,2.0,2.0,59.5
22329,ROUND FOOD CONTAINER S/5 RETROSPOT,0.059602649006622516,21.75496688741722,1.6499999999999997,81.0,0.0,0.0,59.400000000000006
23537,I LOVE LONDON WALL ART,0.019867549668874173,7.251655629139073,4.95,27.0,0.0,0.0,59.400000000000006
35654,VINTAGE BEAD FILLED PINK CUSHION,0.019867549668874173,7.251655629139073,4.95,27.0,7.0,7.0,59.400000000000006
23325,RUSTIC STRAWBERRY JAMPOT SMALL,0.059602649006622516,21.75496688741722,1.6499999999999997,81.0,0.0,0.0,59.400000000000006
22973,CHILDRENS CIRCUS PARADE MUG,0.059602649006622516,21.75496688741722,1.6499999999999997,81.0,0.0,0.0,59.400000000000006
22069, BROWN  PIRATE TREASURE CHEST ,0.059602649006622516,21.75496688741722,1.65,81.0,17.0,17.0,59.4
84251F,"GREETING CARD, RITA",0.5165562913907285,188.54304635761588,0.19,704.0,22.0,26.0,59.279999999999994
72051S,BAG OF SILVER STONES,0.23344370860927152,85.20695364238411,0.42000000000000004,318.0,48.0,50.0,59.22
35909A,RABBIT EASTER DECORATION,0.033112582781456956,12.08609271523179,2.95,45.0,12.0,12.0,59.00000000000001
22903,CALENDAR FAMILY FAVORITES,0.033112582781456956,12.08609271523179,2.95,45.0,9.0,9.0,59.0
35607B,BLACK FEATHER CHRISTMAS DECORATION,0.5132450331125827,187.3344370860927,0.19,702.0,98.0,102.0,58.900000000000006
35973,GERANIUM FOLKART HEART DECORATION,0.07781456953642384,28.4023178807947,1.25,107.0,11.0,12.0,58.75
90037B,TINY CRYSTAL BRACELET GREEN,0.0380794701986755,13.899006622516556,2.55,52.0,10.0,10.0,58.650000000000006
81985A,"ICON ALARM CLOCK,FUSCHIA  PIN UP",0.0380794701986755,13.899006622516556,2.55,52.0,10.0,10.0,58.65
85023C,PINK LARGE JEWELED PHOTOFRAME,0.0380794701986755,13.899006622516556,2.55,52.0,4.0,4.0,58.64999999999999
90214D,"LETTER ""D"" BLING KEY RING",0.1076158940397351,39.27980132450331,1.1489473684210525,131.0,18.0,19.0,58.21
23306,SET OF 36 PANTRY PAPER DOILIES,0.06456953642384106,23.567880794701985,1.5479999999999998,87.0,9.0,9.0,58.019999999999996
35594,WOODEN CHRISTMAS TREE 3 HANGING,0.22847682119205298,83.39403973509934,0.42000000000000004,315.0,20.0,22.0,57.96
44241C,BLUE BUTTERFLY ON SPRING,0.11258278145695365,41.092715231788084,0.85,155.0,74.0,75.0,57.8
35821B,"JEWELLED DECORATION,BLUE",0.24834437086092714,90.6456953642384,0.38000000000000006,345.0,106.0,108.0,57.0
79051A,SMOKEY GREY COLOUR GLASS,0.32450331125827814,118.44370860927152,0.29,452.0,57.0,59.0,56.83999999999999
84226,HEN HOUSE W FAMILY IN BARN & NEST,0.12417218543046357,45.3228476821192,0.8376470588235294,164.0,35.0,36.0,56.61
17129C,SKY BLUE COLOUR GLASS GEMS IN BAG,0.1390728476821192,50.7615894039735,0.829,175.0,98.0,99.0,56.28
84875A,PINK SQUARE COMPACT MIRROR,0.024834437086092714,9.064569536423841,3.75,35.0,3.0,3.0,56.25
90002E,FLOWER BURST SILVER RING GREEN,0.024834437086092714,9.064569536423841,3.75,35.0,5.0,5.0,56.25
47344B,BLUE FLOWER DES PURSE,0.08940397350993377,32.632450331125824,1.082,123.0,21.0,22.0,56.16
35817B,"ACRYLIC JEWEL SNOWFLAKE,BLUE",0.23509933774834438,85.8112582781457,1.4649999999999999,171.0,432.0,434.0,56.129999999999995
90100,NECKLACE+BRACELET SET PINK DAISY,0.03642384105960265,13.294701986754966,2.55,51.0,8.0,8.0,56.1
85023A,CRYSTAL LARGE JEWELLED PHOTO FRAME,0.03642384105960265,13.294701986754966,2.55,51.0,7.0,7.0,56.099999999999994
35001B,HAND OPEN SHAPE BLACK,0.026490066225165563,9.668874172185431,3.4900000000000007,37.0,8.0,8.0,55.84
85080,PADDED RED HEART DECORATION,0.1870860927152318,68.2864238410596,0.5331818181818182,253.0,18.0,19.0,55.76
84562B,BLUE/WHITE RIBBED MELAMINE JUG,0.011589403973509934,4.2301324503311255,7.95,16.0,2.0,2.0,55.650000000000006
84891B,GREEN WIRE GOBLET CANDLEHOLDER,0.011589403973509934,4.2301324503311255,7.95,16.0,2.0,2.0,55.65
85151,WELCOME METAL SIGN,0.0728476821192053,26.58940397350993,1.25,103.0,30.0,31.0,55.0
90043,COPPER AND BRASS BAG CHARM,0.016556291390728478,6.043046357615895,5.785,23.0,4.0,4.0,54.510000000000005
90019B,GOLD M.O.P ORBIT BRACELET,0.018211920529801324,6.647350993377483,4.95,26.0,3.0,3.0,54.45
20820,SILVER LOOKING MIRROR,0.018211920529801324,6.647350993377483,4.95,26.0,3.0,3.0,54.45
90138,WHITE/PINK MINI CRYSTALS NECKLACE,0.018211920529801324,6.647350993377483,4.95,26.0,7.0,7.0,54.45
84539,KNITTED RABBIT DOLL ,0.054635761589403975,19.942052980132452,1.65,78.0,20.0,20.0,54.449999999999996
90084,PINK CRYSTAL GUITAR PHONE CHARM,0.10596026490066225,38.675496688741724,0.85,151.0,27.0,28.0,54.4
46115B,GREEN POP ART MAO CUSHION COVER ,0.4735099337748344,172.83112582781456,0.18999999999999997,674.0,59.0,62.0,54.34
90065B,BLACK VINT ART DEC CRYSTAL BRACELET,0.013245033112582781,4.8344370860927155,6.75,19.0,2.0,2.0,54.0
23389,SPACEBOY MINI RUCKSACK,0.02152317880794702,7.855960264900662,4.15,31.0,7.0,7.0,53.95
79406,FROSTED WHITE BASE ,0.4056291390728477,148.05463576158942,0.22,580.0,78.0,81.0,53.900000000000006
21379, CAMPHOR WOOD PORTOBELLO MUSHROOM,0.07119205298013245,25.985099337748345,1.25,102.0,17.0,17.0,53.75
90211A,DIAMOND LAS VEGAS NECKLACE 45CM,0.014900662251655629,5.438741721854305,5.95,21.0,2.0,2.0,53.550000000000004
22252,BIRDCAGE DECORATION MAGIC GARDEN,0.0347682119205298,12.690397350993376,2.55,50.0,16.0,16.0,53.55
90190A,SILVER/CRYSTAL DROP EARRINGS W LEAF,0.029801324503311258,10.87748344370861,2.95,43.0,8.0,8.0,53.10000000000001
90168,2 DAISIES HAIR COMB,0.029801324503311258,10.87748344370861,2.9500000000000006,43.0,0.0,0.0,53.10000000000001
90130A,WHITE STONE/CRYSTAL EARRINGS,0.029801324503311258,10.87748344370861,2.9500000000000006,43.0,11.0,11.0,53.10000000000001
35816B,"ACRYLIC JEWEL ANGEL,BLUE",0.22682119205298013,82.78973509933775,0.815,225.0,417.0,419.0,52.93
35910B,PINK FLOWERS RABBIT EASTER,0.04470198675496689,16.316225165562912,1.95,65.0,10.0,10.0,52.65
90214R,"LETTER ""R"" BLING KEY RING",0.08609271523178808,31.423841059602648,1.1489473684210525,117.0,15.0,16.0,52.519999999999996
90039C,FIRE POLISHED GLASS BRACELET BLACK,0.023178807947019868,8.460264900662251,3.75,34.0,28.0,28.0,52.5
84845C,CARNATION SQUARE HANDY TIN,0.0695364238410596,25.38079470198675,1.25,101.0,6.0,6.0,52.5
23035,DOORKNOB CERAMIC IVORY,0.059602649006622516,21.75496688741722,1.45,87.0,0.0,0.0,52.2
23196,RETO LEAVES MAGNETIC SHOPPING LIST,0.059602649006622516,21.75496688741722,1.45,87.0,0.0,0.0,52.199999999999996
78027,SEAGRASS S/2 CORNER LAUNDRY ,0.006622516556291391,2.4172185430463577,13.966666666666667,9.0,3.0,3.0,51.9
84845D,GERANIUM SQUARE HANDY TIN,0.06788079470198675,24.776490066225165,1.25,100.0,15.0,15.0,51.25
84402B,PURPLE DRESS JEWELLERY STAND,0.10264900662251655,37.466887417218544,1.33,119.0,49.0,50.0,51.14
90165B,WHITE ROSEBUD  PEARL EARRINGS,0.033112582781456956,12.08609271523179,2.55,49.0,11.0,11.0,51.0
84612B,SET/4 BLACK  BAROQUE FLOCK COASTER,0.033112582781456956,12.08609271523179,2.55,49.0,9.0,9.0,51.0
90020,FILIGREE DIAMANTE CHAIN,0.006622516556291391,2.4172185430463577,12.75,10.0,6.0,6.0,51.0
20964,POLYESTER FILLER PAD 60x40cm,0.033112582781456956,12.08609271523179,2.55,49.0,9.0,9.0,51.0
90024C,NEW BAROQUE B'FLY NECKLACE GREEN,0.009933774834437087,3.6258278145695364,8.5,15.0,2.0,2.0,51.0
35840,FLAT GLASS  BAUBLE WHITE FLOCK ,0.059602649006622516,21.75496688741722,1.19,96.0,12.0,12.0,51.0
90016C,SILVER/BLACK PENDANT ORBIT NECKLACE,0.009933774834437087,3.6258278145695364,8.5,15.0,4.0,4.0,51.0
84968B,SET OF 16 VINTAGE IVORY CUTLERY,0.006622516556291391,2.4172185430463577,12.75,10.0,0.0,0.0,51.0
85069,CREAM SWEETHEART DOUBLE SHELF,0.004966887417218543,1.8129139072847682,16.95,7.0,0.0,0.0,50.85
22846,"BREAD BIN, DINER STYLE, RED ",0.004966887417218543,1.8129139072847682,16.95,7.0,3.0,3.0,50.849999999999994
20958,PORCELAIN HANGING BELL LARGE,0.04304635761589404,15.711920529801324,1.9500000000000002,63.0,10.0,10.0,50.7
72083A,STRAWBERY SWIRL FLARE CANDLE,0.039735099337748346,14.503311258278146,2.1,59.0,16.0,16.0,50.400000000000006
22657,HEN & 2 CHICKS IN BASKET,0.09768211920529801,35.65397350993378,0.85,145.0,30.0,31.0,50.15
90125B,AQUA BERTIE GLASS BEAD BAG CHARM,0.05132450331125828,18.733443708609272,1.8916666666666668,70.0,18.0,18.0,50.099999999999994
90214H,"LETTER ""H"" BLING KEY RING",0.08278145695364239,30.21523178807947,1.1665217391304348,114.0,11.0,12.0,50.019999999999996
72817,SET/2 CHRISTMAS DECOUPAGE CANDLES,0.06622516556291391,24.17218543046358,1.25,98.0,26.0,26.0,50.0
37462B,"PET MUG, BUDGIE",0.19701986754966888,71.91225165562915,0.42000000000000004,293.0,83.0,84.0,49.980000000000004
23197,VEGETABLE MAGNETIC  SHOPPING LIST,0.059602649006622516,21.75496688741722,1.3833333333333335,89.0,0.0,0.0,49.8
90142D,MOP PENDANT SHELL NECKLACE,0.016556291390728478,6.043046357615895,4.95,25.0,6.0,6.0,49.5
90079,VINTAGE ENAMEL & CRYSTAL NECKLACE,0.016556291390728478,6.043046357615895,4.95,25.0,6.0,6.0,49.5
90206A,GOLD DIAMANTE STAR BROOCH,0.016556291390728478,6.043046357615895,4.95,25.0,4.0,4.0,49.5
23015,CORDIAL JUG,0.009933774834437087,3.6258278145695364,8.25,15.0,6.0,6.0,49.5
90019C,SILVER BLACK ORBIT BRACELET,0.016556291390728478,6.043046357615895,4.95,25.0,3.0,3.0,49.5
23413,DECROTIVEVINTAGE COFFEE GRINDER BOX,0.016556291390728478,6.043046357615895,4.95,25.0,4.0,4.0,49.5
84537B,FAIRY CAKES GIFT BAG,0.19370860927152317,70.70364238410596,0.42,290.0,34.0,35.0,49.14
90214N,"LETTER ""N"" BLING KEY RING",0.08112582781456953,29.61092715231788,1.1489473684210525,114.0,15.0,16.0,48.769999999999996
90212C,PURPLE LAS VEGAS BRACELET ROUND,0.02152317880794702,7.855960264900662,3.75,32.0,2.0,2.0,48.75
90038C,GLASS AND BEADS BRACELET IVORY,0.02152317880794702,7.855960264900662,3.75,32.0,7.0,7.0,48.75
90039B,FIRE POLISHED GLASS BRACELET MONTAN,0.02152317880794702,7.855960264900662,3.75,32.0,13.0,13.0,48.75
90051,CRACKED GLAZE NECKLACE RED,0.011589403973509934,4.2301324503311255,6.95,17.0,4.0,4.0,48.65
22889,"NUMBER TILE VINTAGE FONT, No ",0.03642384105960265,13.294701986754966,2.1999999999999997,55.0,22.0,22.0,48.6
90214P,"LETTER ""P"" BLING KEY RING",0.09602649006622517,35.049668874172184,1.09,127.0,18.0,19.0,48.5
90104,PURPLE FRANGIPANI HAIRCLIP,0.09437086092715231,34.4453642384106,0.85,142.0,20.0,21.0,48.449999999999996
72771B,BURG FLOCK GOLD CUP/CANDLE ,0.19039735099337748,69.49503311258279,0.42,288.0,99.0,100.0,48.3
72812,LARGE ZINC/GLASS CANDLEHOLDER,0.0380794701986755,13.899006622516556,2.1,58.0,10.0,10.0,48.3
90031,BILI NUT AND WOOD NECKLACE,0.07947019867549669,29.00662251655629,1.0,120.0,35.0,36.0,48.0
84608,ORNATE EDWARDIAN CANDLE HOLDER,0.009933774834437087,3.6258278145695364,7.95,15.0,3.0,3.0,47.7
84599,CANDY STRIPE ROSE FLOOR CUSHION,0.009933774834437087,3.6258278145695364,7.95,15.0,6.0,6.0,47.7
23539,"WALL ART , LOVES' SECRET ",0.013245033112582781,4.8344370860927155,5.95,20.0,0.0,0.0,47.6
90179A,AMBER FINE BEAD NECKLACE W TASSEL,0.013245033112582781,4.8344370860927155,5.95,20.0,4.0,4.0,47.6
21347,GOTHIC CARRIAGE LANTERN,0.013245033112582781,4.8344370860927155,5.95,20.0,6.0,6.0,47.6
22344,PARTY PIZZA DISH PINK WHITE SPOT ,0.09271523178807947,33.841059602649004,0.85,141.0,21.0,22.0,47.599999999999994
72129,COLUMBIAN CANDLE ROUND ,0.12086092715231789,44.11423841059603,0.65,184.0,18.0,19.0,47.45
90214B,"LETTER ""B"" BLING KEY RING",0.07781456953642384,28.4023178807947,1.19,109.0,16.0,17.0,47.23
20895,VINTAGE NOTEBOOK FRENCH LETTER ,0.026490066225165563,9.668874172185431,2.95,40.0,23.0,23.0,47.20000000000001
35909B,PINK FLOWERS RABBIT EASTER,0.026490066225165563,9.668874172185431,2.95,40.0,8.0,8.0,47.2
90177C,DROP DIAMANTE EARRINGS CRYSTAL,0.026490066225165563,9.668874172185431,2.9500000000000006,40.0,11.0,11.0,47.2
84227,HEN HOUSE W CHICK IN NEST,0.18543046357615894,67.68211920529801,0.42,284.0,50.0,51.0,47.04
35603C,SET/16 WHITE SHINY & MATT BAUBLES,0.13245033112582782,48.34437086092716,0.7121739130434782,184.0,14.0,15.0,47.04
16201B,PASTEL BLUE PHOTO ALBUM,0.039735099337748346,14.503311258278146,1.95,61.0,0.0,0.0,46.8
20988,TRELLIS FLOWER CHOPSTICKS SET/5,0.039735099337748346,14.503311258278146,1.9500000000000002,61.0,8.0,8.0,46.8
84857B,BLUE MONTE CARLO HANDBAG,0.039735099337748346,14.503311258278146,1.95,61.0,0.0,0.0,46.8
84582,PINK CROCHET CAT WITH SCARF,0.018211920529801324,6.647350993377483,4.25,28.0,2.0,2.0,46.75
84705D,CHERRY BLOSSOM PHOTO FRAME ,0.016556291390728478,6.043046357615895,4.65,25.0,10.0,10.0,46.5
84984A,GREEN PEONY DES C/COVER,0.016556291390728478,6.043046357615895,4.65,25.0,4.0,4.0,46.5
47341A,FUSCHIA TABLE RUN FLOWER ,0.048013245033112585,17.524834437086092,2.3214285714285716,61.0,21.0,21.0,46.25
23107,WHITE WIRE PLANT POT HOLDER,0.026490066225165563,9.668874172185431,2.89,41.0,0.0,0.0,46.24
23047,PAPER LANTERN 5 POINT STUDDED STAR,0.013245033112582781,4.8344370860927155,5.75,21.0,0.0,0.0,46.0
84626,CANDY STRIPE ROSE QUILT,0.0016556291390728477,0.6043046357615894,45.95,3.0,0.0,0.0,45.95
22604,SET OF 4 NAPKIN CHARM CUTLERY,0.029801324503311258,10.87748344370861,2.55,46.0,0.0,0.0,45.900000000000006
90037A,TINY CRYSTAL BRACELET RED,0.029801324503311258,10.87748344370861,2.55,46.0,8.0,8.0,45.9
84907,PINK/YELLOW PATCH CUSHION COVER,0.009933774834437087,3.6258278145695364,7.650000000000001,15.0,8.0,8.0,45.9
72024U,LILAC VOTIVE CANDLE,0.3609271523178808,131.73841059602648,0.21000000000000002,560.0,30.0,33.0,45.78
90012B,BLACK DROP CRYSTAL NECKLACE,0.02152317880794702,7.855960264900662,5.283333333333333,27.0,13.0,13.0,45.35000000000001
22347,PIZZA DISH SLICE ,0.059602649006622516,21.75496688741722,1.25,93.0,37.0,37.0,45.0
16161C,WRAP SPEED DEMONS ,0.7450331125827815,271.9370860927152,0.1,1166.0,772.0,777.0,45.0
84746,PINK EASTER HENS+FLOWER,0.019867549668874173,7.251655629139073,3.75,31.0,3.0,3.0,45.0
22406,TIN CAN KINGS CHOICE DESIGN,0.059602649006622516,21.75496688741722,1.25,93.0,0.0,0.0,45.0
21685,MEDINA STAMPED METAL TRAY ,0.004966887417218543,1.8129139072847682,14.95,8.0,3.0,3.0,44.849999999999994
90074,BLACK DIAMOND CLUSTER NECKLACE,0.008278145695364239,3.0215231788079473,8.95,13.0,2.0,2.0,44.75
90197D,AMBER GLASS BRACELET HEART CHARMS,0.014900662251655629,5.438741721854305,4.95,23.0,7.0,7.0,44.550000000000004
90135A,ORANGE/FUSCHIA STONES NECKLACE,0.014900662251655629,5.438741721854305,4.95,23.0,9.0,9.0,44.550000000000004
85081,PADDED HOLLY CHRISTMAS DECORATION ,0.16556291390728478,60.43046357615894,0.45952380952380956,256.0,16.0,17.0,44.49
90130B,TURQ STONE/CRYSTAL EARRINGS,0.024834437086092714,9.064569536423841,2.95,39.0,11.0,11.0,44.25000000000001
84586L,"PINK ROSES/GINGHAM PATCH RABBIT 8""",0.024834437086092714,9.064569536423841,2.95,39.0,4.0,4.0,44.25000000000001
35085E,IVORY ROSE LAMPSHADE ,0.06456953642384106,23.567880794701985,1.1666666666666667,101.0,9.0,9.0,44.25
90177B,DROP DIAMANTE EARRINGS BLACK DIAMON,0.024834437086092714,9.064569536423841,2.95,39.0,12.0,12.0,44.25
84447,6 RABBIT CHAIN EASTER,0.08609271523178808,31.423841059602648,0.85,136.0,20.0,21.0,44.199999999999996
84251B,"GREETING CARD, STICKY GORDON",0.3824503311258278,139.59437086092714,0.18999999999999997,606.0,17.0,20.0,43.88999999999999
84292B,BLUE COL METAL FOLDING CHAIR,0.011589403973509934,4.2301324503311255,7.2125,17.0,7.0,7.0,43.85
84899E,YELLOW + BROWN BEAR FELT PURSE KIT,0.057947019867549666,21.15066225165563,1.25,92.0,14.0,14.0,43.75
79063C,"RETRO PILL BOX KEY CHAIN,THE KING",0.3890728476821192,142.01158940397352,0.18928571428571428,612.0,116.0,119.0,43.65
90101,WHITE FRANGIPANI NECKLACE,0.028145695364238412,10.273178807947021,2.55,45.0,11.0,11.0,43.35
90037C,TINY CRYSTAL BRACELET BLUE,0.028145695364238412,10.273178807947021,2.55,45.0,10.0,10.0,43.35
18097A,PINK TALL PORCELAIN T-LIGHT HOLDER ,0.028145695364238412,10.273178807947021,2.55,45.0,3.0,3.0,43.349999999999994
35916A,YELLOW FELT HANGING HEART W FLOWER,0.08443708609271523,30.81953642384106,0.85,135.0,21.0,22.0,43.349999999999994
35822P,"ACRYLIC BEAD CHAIN, PINK",0.18874172185430463,68.8907284768212,0.38,301.0,0.0,1.0,43.32
79026B,"S/4 ICON COASTER,ELVIS LIVES",0.08443708609271523,30.81953642384106,0.9372727272727274,128.0,11.0,12.0,43.11
90059D,DIAMANTE HAIR GRIP PACK/2 PERIDOT,0.04304635761589404,15.711920529801324,1.65,69.0,8.0,8.0,42.900000000000006
72796B,S/3 FRENCH VANILLA SQU CANDLE,0.04304635761589404,15.711920529801324,1.6499999999999997,69.0,6.0,6.0,42.9
90214I,"LETTER ""I"" BLING KEY RING",0.0728476821192053,26.58940397350993,1.09,110.0,20.0,21.0,42.519999999999996
72724,SET/6 CHRISTMAS ICICLE T-LIGHTS,0.056291390728476824,20.546357615894042,1.25,91.0,16.0,16.0,42.5
90024A,NEW BAROQUE B'FLY NECKLACE BLACK,0.008278145695364239,3.0215231788079473,8.5,13.0,2.0,2.0,42.5
90214T,"LETTER ""T"" BLING KEY RING",0.07119205298013245,25.985099337748345,1.17,105.0,19.0,19.0,42.23
23231,WRAP  VINTAGE DOILEY ,0.16556291390728478,60.43046357615894,0.42,268.0,0.0,1.0,42.0
22987,WRAP SUMMER ROSE DESIGN,0.16556291390728478,60.43046357615894,0.42,268.0,0.0,1.0,42.0
84984C,ORIENTAL BLUE C/COVER ,0.014900662251655629,5.438741721854305,4.65,24.0,2.0,2.0,41.85
84919,L BLUE C/COVER W PINK/YELLOW FLOWER,0.009933774834437087,3.6258278145695364,6.95,16.0,6.0,6.0,41.7
90050,CRACKED GLAZE NECKLACE IVORY,0.009933774834437087,3.6258278145695364,6.95,16.0,0.0,0.0,41.7
90152C,BLUE/NAT SHELL NECKLACE W PENDANT,0.011589403973509934,4.2301324503311255,5.95,19.0,4.0,4.0,41.650000000000006
90179B,PURPLE FINE BEAD NECKLACE W TASSEL,0.011589403973509934,4.2301324503311255,5.95,19.0,2.0,2.0,41.65
84611B,BLACK NEW BAROQUE FLOCK BOX,0.011589403973509934,4.2301324503311255,5.95,19.0,2.0,2.0,41.65
90060C,FIRE POLISHED GLASS NECKL SILVER,0.011589403973509934,4.2301324503311255,5.95,19.0,10.0,10.0,41.65
23045,PAPER LANTERN 5 POINT STAR MOON 30,0.016556291390728478,6.043046357615895,4.15,27.0,0.0,0.0,41.5
85184B,SET 4 EASTER DECOUPAGE OVAL BOXES,0.023178807947019868,8.460264900662251,2.95,38.0,8.0,8.0,41.300000000000004
37477B,"FLOWER FAIRY MUG+COASTER,LAVENDER",0.018211920529801324,6.647350993377483,3.75,30.0,3.0,3.0,41.25
23448,CREAM BUNNY EASTER EGG BASKET,0.041390728476821195,15.107615894039736,1.6499999999999997,68.0,28.0,28.0,41.25
90064A,WHITE VINTAGE CRYSTAL EARRINGS,0.018211920529801324,6.647350993377483,3.75,30.0,7.0,7.0,41.25
35644,PAIR PINK/BLACK COATHANGERS,0.0347682119205298,12.690397350993376,1.95,57.0,6.0,6.0,40.95
44228,CANNABIS LEAF BEAD CURTAIN,0.07947019867549669,29.00662251655629,0.85,131.0,30.0,31.0,40.8
90174,BUTTERFLY HAIR BAND,0.026490066225165563,9.668874172185431,2.55,44.0,11.0,11.0,40.8
84798C,WHITE FOXGLOVE ARTIIFCIAL FLOWER,0.026490066225165563,9.668874172185431,2.55,44.0,5.0,5.0,40.8
23148,MINITURE ANTIQUE ROSE HOOK IVORY,0.07947019867549669,29.00662251655629,0.85,131.0,0.0,1.0,40.8
35071,ASSORTED SANTA CHRISTMAS DECORATION,0.07947019867549669,29.00662251655629,0.85,131.0,41.0,42.0,40.8
22740,POLKADOT PENS,0.07947019867549669,29.00662251655629,0.85,131.0,0.0,1.0,40.8
22532,MAGIC SLATE LEAP FROG ,0.15894039735099338,58.01324503311258,0.42,263.0,0.0,1.0,40.32
17014C,ORIGAMI LAVENDER INCENSE CONES,0.15894039735099338,58.01324503311258,0.42,263.0,0.0,1.0,40.32
22529,MAGIC SLATE GO TO THE FAIR ,0.15894039735099338,58.01324503311258,0.42,263.0,0.0,1.0,40.32
20994,JAZZ HEARTS SPIRAL NOTEPAD,0.07781456953642384,28.4023178807947,0.85,129.0,11.0,12.0,39.949999999999996
20860,GOLD COSMETICS BAG WITH BUTTERFLY,0.03145695364238411,11.4817880794702,2.1,52.0,6.0,6.0,39.900000000000006
23462,ROCOCO WALL MIROR,0.0033112582781456954,1.2086092715231789,19.95,6.0,0.0,0.0,39.9
47013A,WINE BOTTLE DRESSING LT.BLUE,0.23344370860927152,85.20695364238411,0.2764,393.0,25.0,27.0,39.87
79065A,TEATIME ROUND CAKE TINS ,0.006622516556291391,2.4172185430463577,9.95,11.0,0.0,0.0,39.8
21629,SQUARE FLOOR CUSHION VINTAGE PINK ,0.008278145695364239,3.0215231788079473,7.95,14.0,3.0,3.0,39.75
84551,CROCHET DOG KEYRING,0.039735099337748346,14.503311258278146,1.6499999999999997,66.0,18.0,18.0,39.6
90059C,DIAMANTE HAIR GRIP PACK/2 MONTANA,0.039735099337748346,14.503311258278146,1.65,66.0,11.0,11.0,39.6
72798C,SET/4 GARDEN ROSE DINNER CANDLE,0.039735099337748346,14.503311258278146,1.65,66.0,8.0,8.0,39.599999999999994
20870,OPULENT VELVET CANDLE IN BOX,0.04304635761589404,15.711920529801324,1.8875000000000002,65.0,35.0,35.0,39.300000000000004
22950,SET OF 36 VINTAGE CHRISTMAS DOILIES,0.04470198675496689,16.316225165562912,1.45,75.0,11.0,11.0,39.15
22853,"CAT BOWL, ENAMEL , CREAM COLOUR",0.019867549668874173,7.251655629139073,3.25,33.0,0.0,0.0,39.0
82545A,COGNAC AUX OEUFS METAL 1 HOOK,0.05132450331125828,18.733443708609272,1.25,87.0,7.0,7.0,38.75
35963,FOLKART ZINC CLIP ON ANGEL WINGS,0.1672185430463576,61.03476821192053,0.38,283.0,42.0,43.0,38.379999999999995
90042B,FRESHWATER PEARL BRACELET PINK,0.024834437086092714,9.064569536423841,2.55,42.0,4.0,4.0,38.25
20905,VINTAGE KEEPSAKE BOX BEAUTY GIRL,0.009933774834437087,3.6258278145695364,6.349999999999999,17.0,8.0,8.0,38.1
23038,T-LIGHT HOLDER SILVER SAUCER,0.06788079470198675,24.776490066225165,1.2299999999999998,100.0,25.0,25.0,38.03
81952B,ROUND BLUE CLOCK WITH SUCKER,0.33112582781456956,120.86092715231788,0.19,564.0,131.0,133.0,38.0
90038B,GLASS AND PAINTED BEADS BRACELET OL,0.016556291390728478,6.043046357615895,3.75,28.0,6.0,6.0,37.5
35233,PASTA ENAMEL/BRASS CONTAINER,0.016556291390728478,6.043046357615895,3.75,28.0,2.0,2.0,37.5
90140,PINK SWEETIE NECKLACE,0.008278145695364239,3.0215231788079473,7.5,14.0,3.0,3.0,37.5
90176A,CLASSIC DIAMANTE NECKLACE JET,0.008278145695364239,3.0215231788079473,7.5,14.0,3.0,3.0,37.5
23043,PAPER LANTERN 9 POINT HOLLY STAR 40,0.009933774834437087,3.6258278145695364,6.25,17.0,0.0,0.0,37.5
90003E,GREEN PAIR HEART HAIR SLIDES,0.016556291390728478,6.043046357615895,3.75,28.0,5.0,5.0,37.5
79413,GLASS WINE GLASS DECORATIONS,0.04966887417218543,18.129139072847682,1.25,85.0,15.0,15.0,37.5
37379A,PINK CHERRY BLOSSOM CUP & SAUCER,0.04966887417218543,18.129139072847682,1.25,85.0,0.0,0.0,37.5
84705F,RED PEONY PHOTO FRAME ,0.013245033112582781,4.8344370860927155,4.65,23.0,2.0,2.0,37.2
81952B,ROUND BLUE CLOCK W/SUCKER,0.07947019867549669,29.00662251655629,0.8200000000000001,133.0,30.0,31.0,36.6
82069,BEECH WOOD P/FRAME,0.008278145695364239,3.0215231788079473,7.25,14.0,9.0,9.0,36.25
16162M,THE KING GIFT BAG 25x24x12cm,0.1423841059602649,51.97019867549669,0.42,249.0,19.0,20.0,36.12
90075,MONTANA DIAMOND CLUSTER NECKLACE,0.006622516556291391,2.4172185430463577,8.95,12.0,3.0,3.0,35.8
90060B,FIRE POLISHED GLASS NECKL GOLD,0.009933774834437087,3.6258278145695364,5.95,17.0,3.0,3.0,35.7
90169,DAISY HAIR COMB,0.023178807947019868,8.460264900662251,2.55,41.0,10.0,10.0,35.7
90134,OLD ROSE COMBO BEAD NECKLACE,0.019867549668874173,7.251655629139073,2.95,35.0,0.0,0.0,35.400000000000006
90067B,BROWN VINTAGE VICTORIAN EARRINGS,0.019867549668874173,7.251655629139073,2.95,35.0,0.0,0.0,35.400000000000006
90027D,GLASS BEAD HOOP EARRINGS AMETHYST,0.019867549668874173,7.251655629139073,2.9500000000000006,35.0,5.0,5.0,35.400000000000006
35815B,"ACRYLIC JEWEL SNOWFLAKE,BLUE",0.15397350993377484,56.200331125827816,0.38,272.0,9.0,10.0,35.34
90083,CRYSTAL CZECH CROSS PHONE CHARM,0.0728476821192053,26.58940397350993,1.06,112.0,19.0,20.0,34.94
84745B,BLUE HANGING GINGHAM EASTER HEN,0.13741721854304637,50.15728476821192,0.42,244.0,12.0,13.0,34.86
22345,PARTY PIZZA DISH BLUE WHITE SPOT ,0.06788079470198675,24.776490066225165,0.85,121.0,21.0,21.0,34.849999999999994
23196,LEAVES MAGNETIC  SHOPPING LIST,0.039735099337748346,14.503311258278146,1.45,71.0,0.0,0.0,34.8
84868B,BLUE BABY BOY'S MEMORY BOX,0.008278145695364239,3.0215231788079473,6.95,15.0,2.0,2.0,34.75
79063D,"RETRO PILL BOX , REVOLUTIONARY",0.31125827814569534,113.6092715231788,0.189,548.0,136.0,138.0,34.72
90141C,TURQ PENDANT TRIPLE SHELL NECKLACE,0.011589403973509934,4.2301324503311255,4.95,21.0,4.0,4.0,34.65
90059E,DIAMANTE HAIR GRIP PACK/2 RUBY,0.0347682119205298,12.690397350993376,1.65,62.0,9.0,9.0,34.65
90141A,GREEN PENDANT TRIPLE SHELL NECKLACE,0.011589403973509934,4.2301324503311255,4.95,21.0,4.0,4.0,34.65
84546,CROCHET POODLE KEYRING,0.0347682119205298,12.690397350993376,1.6499999999999997,62.0,20.0,20.0,34.65
90059F,DIAMANTE HAIR GRIP PACK/2 LT ROSE,0.0347682119205298,12.690397350993376,1.65,62.0,11.0,11.0,34.65
90141E,ORANGE PENDANT TRIPLE SHELL NECKLAC,0.011589403973509934,4.2301324503311255,4.95,21.0,3.0,3.0,34.65
35955,SMALL FOLKART CHRISTMAS TREE DEC,0.22350993377483444,81.58112582781457,0.374,330.0,178.0,180.0,34.62
72715,SPHERICAL IVORY CANDLE ,0.1357615894039735,49.55298013245033,0.42,243.0,11.0,12.0,34.44
22407,MONEY BOX FIRST AID DESIGN,0.07119205298013245,25.985099337748345,1.199,104.0,20.0,20.0,34.32
44265,M/COLOUR POM-POM CURTAIN,0.013245033112582781,4.8344370860927155,4.25,24.0,4.0,4.0,34.0
22852,"DOG BOWL, ENAMEL , CREAM COLOUR",0.013245033112582781,4.8344370860927155,4.25,24.0,0.0,0.0,34.0
37489A,YELLOW/PINK FLOWER DESIGN BIG MUG,0.07119205298013245,25.985099337748345,0.9572727272727272,117.0,6.0,6.0,33.93
90066A,PINK VINTAGE VICTORIAN CHOKER,0.008278145695364239,3.0215231788079473,6.75,15.0,3.0,3.0,33.75
37112,YELLOW BIRDS FELT DES FOODCOVER,0.014900662251655629,5.438741721854305,3.75,27.0,2.0,2.0,33.75
81950B,FLOWER BLUE CLOCK WITH SUCKER,0.19205298013245034,70.09933774834437,0.29,348.0,69.0,70.0,33.64
17014E,ORIGAMI OPIUM INCENSE CONES,0.15397350993377484,56.200331125827816,1.3125,146.0,191.0,192.0,33.3
23390,DOLLY GIRL MINI RUCKSACK,0.013245033112582781,4.8344370860927155,4.15,24.0,0.0,0.0,33.2
37348,SET OF 4 PASTEL STACKING MUGS,0.02152317880794702,7.855960264900662,2.55,39.0,8.0,8.0,33.15
84906,PINK BUTTERFLY CUSHION COVER,0.028145695364238412,10.273178807947021,1.95,51.0,9.0,9.0,33.15
47013C,WINE BOTTLE DRESSING DARK BLUE,0.22847682119205298,83.39403973509934,0.24565217391304345,412.0,20.0,22.0,33.05
20879,TREE OF NOAH FESTIVE SCENTED CANDLE,0.08278145695364239,30.21523178807947,0.65,152.0,12.0,13.0,32.5
20953,PORCELAIN CHERUB BELL LARGE,0.03145695364238411,11.4817880794702,1.65,59.0,6.0,6.0,31.349999999999998
23366,SET 12 COLOUR PENCILS DOILEY,0.07947019867549669,29.00662251655629,0.65,149.0,0.0,1.0,31.200000000000003
90165A,PINK ROSEBUD PEARL EARRINGS,0.019867549668874173,7.251655629139073,2.55,38.0,0.0,0.0,30.6
22937,BAKING MOULD CUPCAKE CHOCOLATE,0.019867549668874173,7.251655629139073,2.55,38.0,0.0,0.0,30.6
22937,BAKING MOULD CHOCOLATE CUP CAKES,0.019867549668874173,7.251655629139073,2.55,38.0,0.0,0.0,30.6
22641,SET OF 4 NAPKIN CHARMS INSTUMENT   ,0.019867549668874173,7.251655629139073,2.55,38.0,0.0,0.0,30.6
22577,WOODEN HEART CHRISTMAS SCANDISPOT,0.059602649006622516,21.75496688741722,0.85,113.0,0.0,0.0,30.6
90103,PURPLE FRANGIPANI NECKLACE,0.019867549668874173,7.251655629139073,2.55,38.0,9.0,9.0,30.6
16050,TEATIME PENCIL WITH RUBBER,0.20198675496688742,73.72516556291392,0.25,384.0,105.0,106.0,30.5
90126A,PINK BERTIE MOBILE PHONE CHARM,0.029801324503311258,10.87748344370861,1.69,57.0,22.0,22.0,30.42
37489B,BLUE/YELLOW FLOWER DESIGN BIG MUG,0.06291390728476821,22.9635761589404,1.0323529411764707,105.0,6.0,6.0,30.419999999999998
84745A,PINK HANGING GINGHAM EASTER HEN,0.11920529801324503,43.50993377483444,0.42,228.0,13.0,14.0,30.240000000000002
90163B,WHITE ROSEBUD & PEARL NECKLACE,0.006622516556291391,2.4172185430463577,7.5,13.0,0.0,0.0,30.0
22405,TIN CAN POCKET MONEY DESIGN,0.039735099337748346,14.503311258278146,1.25,76.0,0.0,0.0,30.0
22773,DRAWER KNOB ACRYLIC EDWARDIAN GREEN,0.039735099337748346,14.503311258278146,1.25,76.0,0.0,0.0,30.0
23396,BUTTERFLY CUSHION COVER,0.013245033112582781,4.8344370860927155,3.75,25.0,0.0,0.0,30.0
22410,TIN CAN HOUSEKEEPING DESIGN,0.039735099337748346,14.503311258278146,1.25,76.0,0.0,0.0,30.0
23437,GIFT BAG LARGE 50'S CHRISTMAS,0.039735099337748346,14.503311258278146,1.25,76.0,0.0,0.0,30.0
90022,EDWARDIAN DROP EARRINGS JET BLACK,0.013245033112582781,4.8344370860927155,3.75,25.0,6.0,6.0,30.0
22772,DRAWER KNOB ACRYLIC EDWARDIAN PINK,0.039735099337748346,14.503311258278146,1.25,76.0,0.0,0.0,30.0
22771,DRAWER KNOB ACRYLIC EDWARDIAN CLEAR,0.039735099337748346,14.503311258278146,1.25,76.0,0.0,0.0,30.0
22775,DRAWERKNOB ACRYLIC EDWARDIAN PURPLE,0.039735099337748346,14.503311258278146,1.25,76.0,0.0,0.0,30.0
23250,ENAMEL BOWL PANTRY,0.039735099337748346,14.503311258278146,1.25,76.0,0.0,0.0,30.0
23252,ENAMEL JUG PANTRY,0.013245033112582781,4.8344370860927155,3.75,25.0,0.0,0.0,30.0
47563B,WAVELINE SURF IRONING BOARD COVER,0.013245033112582781,4.8344370860927155,3.75,25.0,4.0,4.0,30.0
21767,FRENCH STYLE WIRE DOOR CABINET ,0.0016556291390728477,0.6043046357615894,29.95,3.0,0.0,0.0,29.95
90136,PALE PINK/AMETHYST STONE NECKLACE,0.004966887417218543,1.8129139072847682,9.95,10.0,3.0,3.0,29.849999999999998
90001B,ANTIQUE MID BLUE FLOWER EARRINGS,0.011589403973509934,4.2301324503311255,4.25,22.0,2.0,2.0,29.75
90152B,BLUE/GREEN SHELL NECKLACE W PENDANT,0.008278145695364239,3.0215231788079473,5.95,16.0,2.0,2.0,29.75
90059A,DIAMANTE HAIR GRIP PACK/2 CRYSTAL,0.029801324503311258,10.87748344370861,1.6499999999999997,57.0,0.0,0.0,29.700000000000003
22472,"TRAY FOR TV DINNER , DOLLY GIRL",0.009933774834437087,3.6258278145695364,4.95,19.0,0.0,0.0,29.700000000000003
90135,ORANGE/WHT/FUSCHIA STONES NECKLACE,0.009933774834437087,3.6258278145695364,4.95,19.0,0.0,0.0,29.700000000000003
23530,"WALL ART,ONLY ONE PERSON ",0.009933774834437087,3.6258278145695364,4.95,19.0,0.0,0.0,29.700000000000003
84905,PINK BUTTERFLY C/COVER ,0.009933774834437087,3.6258278145695364,4.95,19.0,8.0,8.0,29.700000000000003
22474,"TRAY FOR TV DINNER ,SPACEBOY",0.009933774834437087,3.6258278145695364,4.95,19.0,0.0,0.0,29.700000000000003
90197B,BLACK GLASS BRACELET W HEART CHARMS,0.009933774834437087,3.6258278145695364,4.95,19.0,0.0,0.0,29.7
90141B,IVORY PENDANT TRIPLE SHELL NECKLACE,0.009933774834437087,3.6258278145695364,4.95,19.0,0.0,0.0,29.7
90081B,LILY BROOCH WHITE/SILVER COLOUR,0.009933774834437087,3.6258278145695364,4.95,19.0,0.0,0.0,29.7
35598A,DUSTY PINK CHRISTMAS TREE 60CM,0.016556291390728478,6.043046357615895,2.9500000000000006,32.0,11.0,11.0,29.500000000000004
78034B,BLUE NETTING STORAGE HANGER,0.024834437086092714,9.064569536423841,1.95,48.0,3.0,3.0,29.25
21815, STAR  T-LIGHT HOLDER ,0.033112582781456956,12.08609271523179,1.45,65.0,23.0,23.0,28.999999999999996
37489D,PINK/GREEN FLOWER DESIGN BIG MUG,0.076158940397351,27.79801324503311,0.7614285714285715,135.0,6.0,7.0,28.86
90126C,AMBER BERTIE MOBILE PHONE CHARM,0.028145695364238412,10.273178807947021,1.69,55.0,22.0,22.0,28.73
44089C,LILAC GAUZE BUTTERFLY LAMPSHADE,0.11258278145695365,41.092715231788084,0.42,221.0,11.0,12.0,28.56
37462E,"PET MUG, GOLDFISH",0.13410596026490065,48.948675496688736,0.3433333333333333,267.0,42.0,43.0,28.27
23380,PACK OF 12 DOILEY TISSUES,0.11920529801324503,43.50993377483444,0.39,236.0,74.0,75.0,28.08
40005B,BLUE ORGANDY ROUND LAMPSHADE W BEA,0.054635761589403975,19.942052980132452,0.8499999999999999,108.0,6.0,6.0,28.05
84456,SET OF 3 RABBIT EGG EASTER,0.054635761589403975,19.942052980132452,0.85,108.0,13.0,13.0,28.049999999999997
85079,EMBROIDERED REINDEER DECORATION,0.029801324503311258,10.87748344370861,1.5757142857142858,59.0,7.0,7.0,28.0
21267,VINTAGE PINK TINSEL REEL ,0.02152317880794702,7.855960264900662,2.1,43.0,8.0,8.0,27.3
90214O,"LETTER ""O"" BLING KEY RING",0.05132450331125828,18.733443708609272,1.176153846153846,89.0,13.0,13.0,27.23
21097,SET/6 GREEN SPRING  PAPER PLATE,0.052980132450331126,19.337748344370862,0.85,107.0,16.0,16.0,27.2
23702,High Resolution Image,0.006622516556291391,2.4172185430463577,8.5,12.0,3.0,3.0,27.0
84864A,PINK PAISLEY PHOTO ALBUM,0.006622516556291391,2.4172185430463577,6.75,13.0,3.0,3.0,27.0
44235,ASSORTED COLOURED CIRCLE MOBILE ,0.10596026490066225,38.675496688741724,0.42,215.0,44.0,45.0,26.88
90181A,AMBER GLASS/SHELL/PEARL NECKLACE,0.004966887417218543,1.8129139072847682,8.95,10.0,0.0,0.0,26.849999999999998
90011B,BLACK CRYSTAL DROP EARRINGS,0.014900662251655629,5.438741721854305,2.95,30.0,11.0,11.0,26.550000000000004
90202C,GREEN ENAMEL FLOWER HAIR TIE,0.014900662251655629,5.438741721854305,2.95,30.0,11.0,11.0,26.550000000000004
90202B,WHITE ENAMEL FLOWER HAIR TIE,0.014900662251655629,5.438741721854305,2.9500000000000006,30.0,12.0,12.0,26.550000000000004
90205A,LARGE MINT DIAMANTE HAIRSLIDE,0.026490066225165563,9.668874172185431,1.6499999999999997,54.0,7.0,7.0,26.4
37491C,GREEN/BLUE CERAMIC CANDLE HOLDER,0.026490066225165563,9.668874172185431,1.65,54.0,11.0,11.0,26.4
22232,3 PIECE JIGSAW TOADSTOOLS,0.026490066225165563,9.668874172185431,1.65,54.0,0.0,0.0,26.4
35916B,BLUE FELT HANGING HEART W FLOWER,0.05132450331125828,18.733443708609272,0.85,105.0,23.0,23.0,26.349999999999998
90039A,FIRE POLISHED GLASS BRACELET RED,0.011589403973509934,4.2301324503311255,3.75,24.0,15.0,15.0,26.25
84876C,SILVER HEART COMPACT MIRROR,0.011589403973509934,4.2301324503311255,3.75,24.0,7.0,7.0,26.25
90208,PAIR OF PINK FLOWER CLUSTER SLIDE,0.016556291390728478,6.043046357615895,2.55,34.0,10.0,10.0,25.5
90001C,ANTIQUE OPAL WHITE FLOWER EARRINGS,0.009933774834437087,3.6258278145695364,4.25,21.0,2.0,2.0,25.5
22200,FRYING PAN PINK RETROSPOT,0.009933774834437087,3.6258278145695364,4.25,21.0,6.0,6.0,25.5
90024F,NEW BAROQUE B'FLY NECKLACE CRYSTAL,0.004966887417218543,1.8129139072847682,8.5,10.0,3.0,3.0,25.5
84951B,S/4 BLACK LOVEBIRD COASTERS,0.016556291390728478,6.043046357615895,2.55,34.0,11.0,11.0,25.5
22168,"ORGANISER WOOD, ANTIQUE WHITE ",0.004966887417218543,1.8129139072847682,8.5,10.0,3.0,3.0,25.5
35597D,PINK/WHITE CHRISTMAS TREE 30CM,0.09602649006622517,35.049668874172184,0.5825,173.0,43.0,44.0,25.28
84251J,"GREETING CARD, THE BLACK CAT",0.09933774834437085,36.258278145695364,0.42,208.0,26.0,27.0,25.2
84251C,"GREETING CARD, TWO SISTERS.",0.2185430463576159,79.76821192052981,0.19,458.0,19.0,21.0,25.08
17013F,ORIGAMI SANDLEWOOD INCENSE IN TUBE,0.10099337748344371,36.86258278145696,1.3125,119.0,119.0,120.0,25.05
18094C,WHITE/BLUE RECT CERAMIC OIL BURNER,0.033112582781456956,12.08609271523179,1.25,70.0,9.0,9.0,25.0
23104,IVORY PANTRY HANGING LAMP ,0.0033112582781456954,1.2086092715231789,12.5,7.0,0.0,0.0,25.0
22719,"GUMBALL COATHOOK., BLACK & WHITE ",0.033112582781456956,12.08609271523179,1.25,70.0,13.0,13.0,25.0
23214,BELL HEART ANTIQUE GOLD,0.019867549668874173,7.251655629139073,2.08,42.0,0.0,0.0,24.96
23240,SET OF 4 KNICK KNACK TINS  DOILEY ,0.009933774834437087,3.6258278145695364,4.15,21.0,0.0,0.0,24.9
90139,FLOWER BROOCH 4 ASSORTED COLOURS,0.008278145695364239,3.0215231788079473,4.95,17.0,3.0,3.0,24.75
90059B,DIAMANTE HAIR GRIP PACK/2 BLACK DIA,0.024834437086092714,9.064569536423841,1.65,52.0,11.0,11.0,24.75
35633B,BLUE TINSEL GARLAND ,0.2152317880794702,78.55960264900662,0.19000000000000003,455.0,54.0,56.0,24.7
22346,PARTY PIZZA DISH GREEN WHITE SPOT ,0.048013245033112585,17.524834437086092,0.85,102.0,18.0,18.0,24.65
35596,WOOD XMAS TREE 9 FIG SHELVES,0.048013245033112585,17.524834437086092,0.85,102.0,37.0,37.0,24.65
37468,HARDMAN MUG 3 ASSORTED,0.10430463576158941,38.07119205298014,0.38999999999999996,221.0,20.0,21.0,24.57
10124A,SPOTS ON RED BOOKCOVER TAPE,0.09602649006622517,35.049668874172184,0.42,204.0,9.0,10.0,24.36
72801E,4 FESTIVE GREEN DINNER CANDLES,0.08443708609271523,30.81953642384106,0.835,136.0,139.0,140.0,23.91
47504J,ENGLISH ROSE SET/3 GARDEN TOOLS,0.004966887417218543,1.8129139072847682,7.95,11.0,3.0,3.0,23.85
84575B,BROWN DOG CANNISTER W BONE,0.006622516556291391,2.4172185430463577,5.95,14.0,3.0,3.0,23.8
90152A,SILVER/NAT SHELL NECKLACE W PENDANT,0.006622516556291391,2.4172185430463577,5.95,14.0,0.0,0.0,23.8
90214F,"LETTER ""F"" BLING KEY RING",0.048013245033112585,17.524834437086092,1.1023076923076922,89.0,14.0,14.0,23.77
17014F,ORIGAMI SANDLEWOOD INCENSE CONES,0.10099337748344371,36.86258278145696,1.3125,119.0,122.0,123.0,23.699999999999996
90202A,PURPLE ENAMEL FLOWER HAIR TIE,0.013245033112582781,4.8344370860927155,2.9500000000000006,29.0,13.0,13.0,23.6
90014A,SILVER M.O.P. ORBIT NECKLACE,0.013245033112582781,4.8344370860927155,2.9500000000000006,29.0,13.0,13.0,23.6
90177E,DROP DIAMANTE EARRINGS GREEN,0.013245033112582781,4.8344370860927155,2.9500000000000006,29.0,13.0,13.0,23.6
90182C,BLACK 3 BEAD DROP EARRINGS,0.013245033112582781,4.8344370860927155,2.95,29.0,12.0,12.0,23.6
90012A,MIDNIGHT BLUE DROP CRYSTAL NECKLACE,0.013245033112582781,4.8344370860927155,2.95,29.0,12.0,12.0,23.6
18010,ASSORTED FRAGRANCE BATH CONFETTI,0.09271523178807947,33.841059602649004,0.42,201.0,34.0,35.0,23.52
23244,CANNISTER VINTAGE LEAF DESIGN,0.019867549668874173,7.251655629139073,1.95,43.0,0.0,0.0,23.4
47552A,DOTS IRONING BOARD COVER,0.019867549668874173,7.251655629139073,1.95,43.0,1.0,1.0,23.4
23106,ZINC PLANT POT HOLDER,0.013245033112582781,4.8344370860927155,2.89,29.0,0.0,0.0,23.12
37491D,PURPLE/BLUE CERAMIC CANDLE HOLDER,0.023178807947019868,8.460264900662251,1.65,51.0,13.0,13.0,23.099999999999998
23145,ZINC T-LIGHT HOLDER STARS LARGE,0.039735099337748346,14.503311258278146,0.95,87.0,0.0,0.0,22.8
85225,BLING KEY RING STAND,0.03145695364238411,11.4817880794702,1.2045454545454546,69.0,7.0,7.0,22.5
84415A,PINK FLOCK SUEDE CUSHION COVER ,0.023178807947019868,8.460264900662251,2.0833333333333335,45.0,10.0,10.0,22.5
37477C,"FLOWER FAIRY MUG+COASTER,ROSE",0.009933774834437087,3.6258278145695364,3.75,22.0,0.0,0.0,22.5
90176E,DIAMANTE NECKLACE GREEN,0.004966887417218543,1.8129139072847682,7.5,11.0,3.0,3.0,22.5
90189B,GOLD 2 STRAND NECKLACE-LEAF CHARMS,0.004966887417218543,1.8129139072847682,7.5,11.0,3.0,3.0,22.5
90176B,DIAMANTE NECKLACE BLACK ,0.004966887417218543,1.8129139072847682,7.5,11.0,3.0,3.0,22.5
35597B,BLACKCHRISTMAS TREE 30CM,0.029801324503311258,10.87748344370861,1.25,66.0,19.0,19.0,22.5
35611B,BLACK ASSORTED DROPLET DECORATION,0.09768211920529801,35.65397350993378,0.38000000000000006,217.0,108.0,109.0,22.419999999999998
35652,VINTAGE BEAD CHAISE LONG JEWEL BOX,0.029801324503311258,10.87748344370861,3.625,39.0,43.0,43.0,21.5
84387A,BIRD ON BRANCH CANVAS SCREEN,0.018211920529801324,6.647350993377483,1.95,41.0,0.0,0.0,21.45
90128B,BLUE LEAVES AND BEADS PHONE CHARM,0.028145695364238412,10.273178807947021,1.25,64.0,21.0,21.0,21.25
21387,IVORY HANGING DECORATION  RABBIT,0.041390728476821195,15.107615894039736,0.85,94.0,34.0,34.0,21.25
90128A,PINK LEAVES AND BEADS PHONE CHARM,0.028145695364238412,10.273178807947021,1.25,64.0,21.0,21.0,21.25
35591T,TURQUOISE CHRISTMAS TREE ,0.028145695364238412,10.273178807947021,1.25,64.0,5.0,5.0,21.25
90214Y,"LETTER ""Y"" BLING KEY RING",0.10430463576158941,38.07119205298014,0.866,148.0,89.0,90.0,21.15
23692,WRAP A PRETTY THANK YOU,0.08278145695364239,30.21523178807947,0.42,190.0,0.0,1.0,21.0
23691,KEEP CALM BIRTHDAY WRAP,0.08278145695364239,30.21523178807947,0.42,190.0,0.0,1.0,21.0
90052,CRACKED GLAZE NECKLACE BROWN,0.004966887417218543,1.8129139072847682,6.95,11.0,0.0,0.0,20.85
23388,WOODLAND MINI RUCKSACK ,0.008278145695364239,3.0215231788079473,4.15,19.0,9.0,9.0,20.75
90177A,CLASSIC DIAMANTE EARRINGS JET,0.011589403973509934,4.2301324503311255,2.95,27.0,15.0,15.0,20.650000000000002
90027B,GLASS BEAD HOOP EARRINGS MONTANA,0.011589403973509934,4.2301324503311255,2.95,27.0,2.0,2.0,20.650000000000002
72771C,BLACK FLOCK GOLD CANDLE,0.08112582781456953,29.61092715231788,0.42,188.0,36.0,37.0,20.580000000000002
22418,"PEN, 10 COLOURS - SPACEBOY",0.039735099337748346,14.503311258278146,0.85,92.0,0.0,0.0,20.4
79172D,PURPLE TINT ACRYLIC FLOWER VASE,0.039735099337748346,14.503311258278146,0.85,92.0,20.0,20.0,20.4
22344,PARTY PIZZA DISH PINK+WHITE SPOT ,0.039735099337748346,14.503311258278146,0.85,92.0,0.0,0.0,20.4
22345,PARTY PIZZA DISH BLUE+WHITE SPOT ,0.039735099337748346,14.503311258278146,0.85,92.0,0.0,0.0,20.4
90118,PINK DAISY BAG CHARM,0.013245033112582781,4.8344370860927155,2.55,31.0,13.0,13.0,20.4
84529B,BLUE KNITTED KID'S RUCKSACK,0.004966887417218543,1.8129139072847682,6.75,12.0,3.0,3.0,20.25
44091C,MULTICOLOUR CRUSOE CHECK LAMPSHADE,0.07947019867549669,29.00662251655629,0.42000000000000004,186.0,31.0,32.0,20.16
22533,MAGIC SLATE BAKE A CAKE ,0.07947019867549669,29.00662251655629,0.42,186.0,0.0,1.0,20.16
35603B,S/16 BLACK SHINY/MAT BAUBLES,0.07947019867549669,29.00662251655629,0.42,186.0,0.0,1.0,20.16
84450B,YELLOW RABBIT SAT EASTER,0.07947019867549669,29.00662251655629,0.42,186.0,30.0,31.0,20.16
90187B,GREEN DROP EARRINGS W BEAD CLUSTER,0.009933774834437087,3.6258278145695364,3.35,23.0,6.0,6.0,20.1
84415B,BLUE FLOCK CUSHION COVER ,0.013245033112582781,4.8344370860927155,2.9166666666666665,29.0,5.0,5.0,20.0
17091F,SANDALWOOD INCENSE IN TIN,0.026490066225165563,9.668874172185431,1.25,62.0,8.0,8.0,20.0
90034,WHITE SILVER NECKLACE SHELL GLASS,0.0033112582781456954,1.2086092715231789,9.95,8.0,0.0,0.0,19.9
78056,CAMOUFLAGE BACKPACK ON WHEELS,0.0033112582781456954,1.2086092715231789,9.95,8.0,0.0,0.0,19.9
23031,DOORKNOB CRACKED GLAZE PINK,0.019867549668874173,7.251655629139073,1.65,47.0,0.0,0.0,19.8
23249,ENAMEL DINNER PLATE PANTRY,0.019867549668874173,7.251655629139073,1.65,47.0,0.0,0.0,19.8
84550,CROCHET LILAC/RED BEAR KEYRING,0.019867549668874173,7.251655629139073,1.65,47.0,12.0,12.0,19.8
84570B,WHITE SATIN DRESS JEWEL STAND,0.006622516556291391,2.4172185430463577,4.95,16.0,6.0,6.0,19.8
23029,DOORKNOB CRACKED GLAZE GREEN,0.019867549668874173,7.251655629139073,1.65,47.0,0.0,0.0,19.8
46307,ROSES BLUE BASE CUSHION COVER ,0.019867549668874173,7.251655629139073,1.65,47.0,9.0,9.0,19.8
37488A,YELLOW PINK FLOWER DESIGN BIG BOWL,0.05132450331125828,18.733443708609272,1.4140000000000001,81.0,39.0,39.0,19.770000000000003
37487B,YELLOW/ORANGE FLOWER DESIGN PLATE,0.11258278145695365,41.092715231788084,0.29,266.0,161.0,162.0,19.72
20680,PINK FLOWERS CHILDS UMBRELLA,0.009933774834437087,3.6258278145695364,3.25,24.0,2.0,2.0,19.5
79062D,"RETRO TIN ASHTRAY,REVOLUTIONARY",0.08609271523178808,31.423841059602648,0.38,203.0,36.0,37.0,19.4
84450A,PINK RABBIT SITTING EASTER,0.076158940397351,27.79801324503311,0.42,182.0,25.0,26.0,19.32
84340,LARGE FIBRE OPTIC CHRISTMAS TREE,0.024834437086092714,9.064569536423841,1.485,55.0,8.0,8.0,19.08
21185,HOME SWEET HOME  BLACKBOARD,0.004966887417218543,1.8129139072847682,6.349999999999999,12.0,0.0,0.0,19.049999999999997
22963,JAM JAR WITH BLUE LID,0.04304635761589404,15.711920529801324,0.7849999999999999,100.0,68.0,68.0,18.98
82605,OLD DOC.RUSSEL METAL SIGN,0.014900662251655629,5.438741721854305,2.1,36.0,11.0,11.0,18.9
84030B,KNITTED POM POM HOT WATER BOTTLE,0.008278145695364239,3.0215231788079473,3.75,20.0,3.0,3.0,18.75
23056,CRYSTAL CHANDELIER T-LIGHT HOLDER,0.004966887417218543,1.8129139072847682,6.25,12.0,0.0,0.0,18.75
85131D,BEADED CRYSTAL HEART PINK\ON STICK,0.024834437086092714,9.064569536423841,1.25,60.0,3.0,3.0,18.75
84732B,CUTE BIRD CEATURE SCREEN,0.046357615894039736,16.920529801324502,1.23,83.0,33.0,33.0,18.48
84311,CAMOFLAGE CUSHION COVER,0.018211920529801324,6.647350993377483,1.65,45.0,0.0,0.0,18.15
47591A,CAROUSEL CHILDRENS APRON,0.018211920529801324,6.647350993377483,1.6499999999999997,45.0,9.0,9.0,18.15
72796A,S/3 ENGLISH LAVENDER SQU CANDLE,0.018211920529801324,6.647350993377483,1.6499999999999997,45.0,3.0,3.0,18.15
23079, TOADSTOOL BEDSIDE LIGHT ,0.0033112582781456954,1.2086092715231789,8.95,8.0,0.0,0.0,17.9
90095,NECKLACE+BRACELET SET PINK BLOSSOM,0.011589403973509934,4.2301324503311255,2.55,29.0,15.0,15.0,17.85
84614C,BLUE BAROQUE FLOCK CANDLE HOLDER,0.004966887417218543,1.8129139072847682,5.95,12.0,0.0,0.0,17.85
44092C,PURPLE/COPPER HANGING LAMPSHADE,0.0347682119205298,12.690397350993376,0.85,86.0,8.0,8.0,17.849999999999998
18097B,BLUE TALL PORCELAIN T-LIGHT HOLDER,0.011589403973509934,4.2301324503311255,2.55,29.0,4.0,4.0,17.849999999999998
71050,SMALL SINGLE FLAME CANDLE HOLDER,0.08443708609271523,30.81953642384106,0.35,210.0,15.0,16.0,17.849999999999998
21249,WOOD ANIMALS HEIGHT CHART STICKERS ,0.009933774834437087,3.6258278145695364,2.95,25.0,0.0,0.0,17.700000000000003
90011C,GREEN CRYSTAL DROP EARRINGS,0.009933774834437087,3.6258278145695364,2.95,25.0,0.0,0.0,17.700000000000003
90027A,GLASS BEAD HOOP EARRINGS BLACK,0.009933774834437087,3.6258278145695364,2.9500000000000006,25.0,8.0,8.0,17.700000000000003
90130D,RED STONE/CRYSTAL EARRINGS,0.009933774834437087,3.6258278145695364,2.95,25.0,0.0,0.0,17.700000000000003
37489C,GREEN/BLUE FLOWER DESIGN BIG MUG,0.041390728476821195,15.107615894039736,1.014,86.0,7.0,7.0,17.55
90128C,GREEN LEAVES AND BEADS PHONE CHARM,0.023178807947019868,8.460264900662251,1.25,58.0,28.0,28.0,17.5
22882,"NUMBER TILE VINTAGE FONT, 3",0.013245033112582781,4.8344370860927155,2.17,33.0,0.0,0.0,17.36
22886,"NUMBER TILE VINTAGE FONT, 7",0.013245033112582781,4.8344370860927155,2.17,33.0,0.0,0.0,17.36
22885,"NUMBER TILE VINTAGE FONT, 6 ",0.013245033112582781,4.8344370860927155,2.17,33.0,0.0,0.0,17.36
22880,"NUMBER TILE VINTAGE FONT, 1",0.013245033112582781,4.8344370860927155,2.17,33.0,0.0,0.0,17.36
22879,"NUMBER TILE VINTAGE FONT, 0",0.013245033112582781,4.8344370860927155,2.17,33.0,0.0,0.0,17.36
22881,"NUMBER TILE VINTAGE FONT, 2",0.013245033112582781,4.8344370860927155,2.17,33.0,0.0,0.0,17.36
22883,"NUMBER TILE VINTAGE FONT, 4",0.013245033112582781,4.8344370860927155,2.17,33.0,0.0,0.0,17.36
22884,"NUMBER TILE VINTAGE FONT, 5",0.013245033112582781,4.8344370860927155,2.17,33.0,0.0,0.0,17.36
22887,"NUMBER TILE VINTAGE FONT, 8",0.013245033112582781,4.8344370860927155,2.17,33.0,0.0,0.0,17.36
23236,STORAGE TIN VINTAGE DOILEY ,0.009933774834437087,3.6258278145695364,2.89,25.0,0.0,0.0,17.34
20887,BOX OF 6 PEBBLE CANDLES,0.008278145695364239,3.0215231788079473,3.45,21.0,2.0,2.0,17.25
23342,MINT DINER CLOCK,0.0033112582781456954,1.2086092715231789,8.5,8.0,0.0,0.0,17.0
22777,GLASS BELL JAR LARGE,0.0033112582781456954,1.2086092715231789,8.5,8.0,0.0,0.0,17.0
90001A,ANTIQUE RASPBERRY FLOWER EARRINGS,0.006622516556291391,2.4172185430463577,4.25,17.0,3.0,3.0,17.0
72805,VANILLA CANDLE IN EMBOSSED ZINC POT,0.016556291390728478,6.043046357615895,1.6900000000000002,42.0,7.0,7.0,16.9
72785A,S/4 CONTEMPORY PINK ROSEBUD CANDLES,0.013245033112582781,4.8344370860927155,2.1,34.0,4.0,4.0,16.8
21511,VINTAGE COLLAGE  GREETING  CARD ,0.06622516556291391,24.17218543046358,0.42,170.0,25.0,25.0,16.8
21750, LARGE SKULL WINDMILL,0.013245033112582781,4.8344370860927155,2.1,34.0,12.0,12.0,16.8
22384,LUNCH BAG PINK POLKADOTS,0.016556291390728478,6.043046357615895,1.65,43.0,0.0,0.0,16.5
37491B,BLUE/YELLOW CERAMIC CANDLE HOLDER,0.016556291390728478,6.043046357615895,1.65,43.0,5.0,5.0,16.5
44089A,PINK GAUZE BUTTERFLY LAMPSHADE,0.06456953642384106,23.567880794701985,0.42,168.0,10.0,10.0,16.38
23502,PLAYING CARDS VINTAGE DOILEY ,0.02152317880794702,7.855960264900662,1.25,56.0,34.0,34.0,16.25
84630,FLOWERS AND BIRDS WALL PLAQUE,0.0033112582781456954,1.2086092715231789,7.95,9.0,0.0,0.0,15.9
20891,LARGE GLASS ROSE SCENTED CANDLE ,0.0033112582781456954,1.2086092715231789,7.95,9.0,0.0,0.0,15.9
22778,GLASS BELL JAR SMALL,0.006622516556291391,2.4172185430463577,3.95,17.0,0.0,0.0,15.8
35932,PINK CHRISTMAS TREE DECORATION,0.061258278145695365,22.35927152317881,0.537,144.0,14.0,14.0,15.629999999999999
90037D,TINY CRYSTALS BRACELET BLACK,0.009933774834437087,3.6258278145695364,2.55,27.0,0.0,0.0,15.3
17107D,FLOWER FAIRY 5 SUMMER DRAW LINERS,0.009933774834437087,3.6258278145695364,2.55,27.0,0.0,0.0,15.3
37481,CUBIC MUG TEATIME CAKES,0.009933774834437087,3.6258278145695364,2.55,27.0,0.0,0.0,15.3
22932,BAKING MOULD TOFFEE CUP  CHOCOLATE,0.009933774834437087,3.6258278145695364,2.55,27.0,0.0,0.0,15.3
90076,MONTANA DIAMOND CLUSTER EARRINGS,0.009933774834437087,3.6258278145695364,2.55,27.0,0.0,0.0,15.3
17174,ASSTD RASTA KEY-CHAINS,0.059602649006622516,21.75496688741722,0.42,161.0,37.0,37.0,15.120000000000001
84206A,3 BLACK CATS W HEARTS BLANK CARD,0.13079470198675497,47.74006622516556,0.19,354.0,27.0,28.0,15.01
23251,ENAMEL MUG PANTRY,0.019867549668874173,7.251655629139073,1.25,54.0,0.0,0.0,15.0
20890,SMALL GLASS ROSE SCENTED CANDLE,0.006622516556291391,2.4172185430463577,3.75,18.0,0.0,0.0,15.0
22408,TIN CAN CONFECTIONERY DESIGN,0.019867549668874173,7.251655629139073,1.25,54.0,0.0,0.0,15.0
22954,HEN PARTY BANNER TAPE,0.019867549668874173,7.251655629139073,1.25,54.0,0.0,0.0,15.0
23449,SET OF 6 EASTER RAINBOW CHICKS,0.019867549668874173,7.251655629139073,1.25,54.0,0.0,0.0,15.0
90127A,PINK BEADS+HAND PHONE CHARM,0.019867549668874173,7.251655629139073,1.25,54.0,0.0,0.0,15.0
23212,PAINTED HEART WREATH WITH BELL,0.019867549668874173,7.251655629139073,1.25,54.0,0.0,0.0,15.0
21475,SWEETHEART CREAM STEEL FOLDIN CHAIR,0.0016556291390728477,0.6043046357615894,14.95,4.0,0.0,0.0,14.95
23281,FOLDING MIRROR RED  ,0.029801324503311258,10.87748344370861,0.83,81.0,19.0,19.0,14.940000000000001
23282,FOLDING MIRROR IVORY ,0.029801324503311258,10.87748344370861,0.83,81.0,19.0,19.0,14.940000000000001
35650,VINTAGE BEAD PINK JEWEL STAND,0.004966887417218543,1.8129139072847682,4.95,14.0,0.0,0.0,14.850000000000001
90141D,ROSE PENDANT TRIPLE SHELL NECKLACE,0.004966887417218543,1.8129139072847682,4.95,14.0,0.0,0.0,14.85
22139,11 PC CERAMIC TEA SET POLKADOT,0.004966887417218543,1.8129139072847682,4.95,14.0,0.0,0.0,14.85
84567,FROSTED GLASS WITH SILVER SURROUND,0.014900662251655629,5.438741721854305,1.65,41.0,0.0,0.0,14.85
SP1002,KID'S CHALKBOARD/EASEL,0.008278145695364239,3.0215231788079473,2.95,23.0,9.0,9.0,14.75
90214V,"LETTER ""V"" BLING KEY RING",0.0347682119205298,12.690397350993376,1.1433333333333333,74.0,16.0,16.0,14.73
90102,WHITE FRANGIPANI HAIR CLIP,0.028145695364238412,10.273178807947021,0.85,78.0,20.0,20.0,14.45
81950V,FLOWER PURPLE CLOCK W/SUCKER,0.028145695364238412,10.273178807947021,0.85,78.0,5.0,5.0,14.45
62074B,ELEPHANT CLIP W SUCTION CUP,0.056291390728476824,20.546357615894042,0.42,156.0,13.0,13.0,14.28
84868A,PINK BABY GIRL'S MEMORY BOX,0.0033112582781456954,1.2086092715231789,6.95,9.0,0.0,0.0,13.9
23540,"WALL ART , THE MAGIC FOREST ",0.0033112582781456954,1.2086092715231789,6.95,9.0,0.0,0.0,13.9
16245A,PINK MINI STATIONERY SET W CASE,0.018211920529801324,6.647350993377483,1.25,52.0,3.0,3.0,13.75
84899E,YELLOW BROWN BEAR FELT PURSE KIT,0.018211920529801324,6.647350993377483,1.25,52.0,13.0,13.0,13.75
90171,DAISY RING,0.018211920529801324,6.647350993377483,1.25,52.0,15.0,15.0,13.75
35936,CERISE+GOLD CHRISTMAS TREE DEC,0.059602649006622516,21.75496688741722,0.38,169.0,12.0,12.0,13.68
21525,BEWARE OF THE CAT DOORMAT,0.0033112582781456954,1.2086092715231789,6.75,9.0,0.0,0.0,13.5
10124G,ARMY CAMO BOOKCOVER TAPE,0.052980132450331126,19.337748344370862,0.42,152.0,6.0,6.0,13.44
62097B,BLUE STRIPES SHOULDER BAG,0.018211920529801324,6.647350993377483,1.36,49.0,7.0,7.0,13.370000000000001
23271,CHRISTMAS TABLE CANDLE SILVER SPIKE,0.026490066225165563,9.668874172185431,0.83,76.0,0.0,0.0,13.28
85115B,S/4 BLACK DISCO PARTITION PANEL,0.004966887417218543,1.8129139072847682,4.25,15.0,0.0,0.0,12.75
22201,FRYING PAN BLUE RETROSPOT,0.004966887417218543,1.8129139072847682,4.25,15.0,3.0,3.0,12.75
44092B,BLUE WHITE PLASTIC RINGS LAMPSHADE,0.024834437086092714,9.064569536423841,0.85,73.0,9.0,9.0,12.75
20812,EMBOSSED FLOWER TRELLIS PHOTO FRAME,0.008278145695364239,3.0215231788079473,2.55,24.0,3.0,3.0,12.75
84648,NEW BAROQUE WALL MIRROR,0.0016556291390728477,0.6043046357615894,12.75,5.0,0.0,0.0,12.75
72752B,"F.FAIRY,CANDLE IN GLASS,LAVENDER",0.004966887417218543,1.8129139072847682,4.25,15.0,3.0,3.0,12.75
35443,RASTA IN BATH W SPLIFF ASHTRAY,0.024834437086092714,9.064569536423841,0.85,73.0,5.0,5.0,12.75
21772,VINTAGE METAL CAKE STAND CREAM ,0.0016556291390728477,0.6043046357615894,12.75,5.0,0.0,0.0,12.75
90033,IVORY SHELL HEART EARRINGS,0.008278145695364239,3.0215231788079473,2.55,24.0,3.0,3.0,12.749999999999998
85083,KISS REINDEER SCANDINAVIAN STOCKING,0.008278145695364239,3.0215231788079473,2.55,24.0,3.0,3.0,12.749999999999998
35751C,PURPLE CURRENT CANDLE RING,0.05132450331125828,18.733443708609272,0.47,141.0,22.0,22.0,12.61
35597A,DUSTY PINK CHRISTMAS TREE 30CM,0.016556291390728478,6.043046357615895,1.25,49.0,10.0,10.0,12.5
35918B,BLUE FLORIBUNDA EGG WARMER,0.016556291390728478,6.043046357615895,1.25,49.0,3.0,3.0,12.5
23071,MARIE ANTOIENETT TRINKET BOX GOLD,0.0016556291390728477,0.6043046357615894,12.5,5.0,0.0,0.0,12.5
51012L,"FEATHER DUSTER, LIGHT PINK",0.016556291390728478,6.043046357615895,1.25,49.0,2.0,2.0,12.5
79149B,SILICON STAR BULB  BLUE,0.048013245033112585,17.524834437086092,0.42,144.0,12.0,12.0,12.18
44242A,LILAC FEATHERS CURTAIN,0.023178807947019868,8.460264900662251,1.02,64.0,31.0,31.0,11.98
90027C,GLASS BEAD HOOP EARRINGS GREEN,0.006622516556291391,2.4172185430463577,2.95,20.0,0.0,0.0,11.8
85185E,DUCK SOCK PUPPET,0.006622516556291391,2.4172185430463577,2.95,20.0,6.0,6.0,11.8
84814B,RHOMBUS CRYSTAL PERFUME BOTTLE,0.009933774834437087,3.6258278145695364,1.95,30.0,6.0,6.0,11.7
37491A,YELLOW/PINK CERAMIC CANDLE HOLDER,0.011589403973509934,4.2301324503311255,1.65,36.0,2.0,2.0,11.549999999999999
23299,"FOOD COVER WITH BEADS , SET 2 SIZES",0.004966887417218543,1.8129139072847682,3.75,16.0,0.0,0.0,11.25
16151A,FLOWER DES BLUE HANDBAG/ORANG HANDL,0.004966887417218543,1.8129139072847682,3.75,16.0,3.0,3.0,11.25
90025E,BAROQUE BUTTERFLY EARRINGS MONTANA,0.004966887417218543,1.8129139072847682,3.75,16.0,0.0,0.0,11.25
84743C,ORANGE FELT VASE + FLOWERS,0.014900662251655629,5.438741721854305,1.25,47.0,4.0,4.0,11.25
17011B,ORIGAMI JASMINE INCENSE+FLOWER ,0.03145695364238411,11.4817880794702,1.2,69.0,40.0,40.0,11.100000000000001
72785B,S/4 CONTEMPORY RED ROSEBUD CANDLES,0.014900662251655629,5.438741721854305,1.5666666666666667,42.0,9.0,9.0,10.9
84732D,CUTE RABBIT CEATURE SCREEN ,0.024834437086092714,9.064569536423841,1.23,61.0,14.0,14.0,10.89
21496,WOODLAND CREATURES  WRAP,0.041390728476821195,15.107615894039736,0.42,134.0,0.0,0.0,10.5
16169A,WRAP CHRISTMAS DECOUPAGE,0.041390728476821195,15.107615894039736,0.42,134.0,0.0,0.0,10.5
16169G,WRAP ROMANTIC DECOUPAGE,0.041390728476821195,15.107615894039736,0.42,134.0,0.0,0.0,10.5
17084G,MOON INCENSE,0.08278145695364239,30.21523178807947,0.21,268.0,0.0,1.0,10.5
22959,"WRAPPING PAPER, XMAS VILLAGE",0.041390728476821195,15.107615894039736,0.42,134.0,0.0,0.0,10.5
90041,PEARL AND CHERRY QUARTZ BRACLET,0.004966887417218543,1.8129139072847682,3.5,16.0,3.0,3.0,10.5
22346,PARTY PIZZA DISH GREEN+WHITE SPOT ,0.019867549668874173,7.251655629139073,0.85,65.0,0.0,0.0,10.2
22196,HEART MEASURING SPOONS SMALL,0.019867549668874173,7.251655629139073,0.85,65.0,0.0,0.0,10.2
22343,PARTY PIZZA DISH RED+WHITE SPOT ,0.019867549668874173,7.251655629139073,0.85,65.0,0.0,0.0,10.2
20939,ORANGE CANDLE,0.019867549668874173,7.251655629139073,0.85,65.0,0.0,0.0,10.2
23086,ZINC STAR T-LIGHT HOLDER ,0.013245033112582781,4.8344370860927155,1.25,44.0,0.0,0.0,10.0
22829,BROCANTE SHELF WITH HOOKS,0.0016556291390728477,0.6043046357615894,9.95,6.0,0.0,0.0,9.95
90214Z,"LETTER ""Z"" BLING KEY RING",0.028145695364238412,10.273178807947021,1.058,70.0,21.0,21.0,9.73
81953P,ROUND ARTICULATED PINK CLOCK W/SUCK,0.054635761589403975,19.942052980132452,0.52,138.0,32.0,32.0,9.57
20822,SILVER WINE GOBLET,0.0033112582781456954,1.2086092715231789,4.65,11.0,0.0,0.0,9.3
72708,SCULPTED ROUND IVORY CANDLE ,0.0728476821192053,26.58940397350993,0.21000000000000002,252.0,34.0,35.0,9.24
84450B,PINK/YELLOW RABBIT SAT EASTER,0.03642384105960265,13.294701986754966,0.42,126.0,19.0,19.0,9.24
23441,HAND PAINTED HANGING EASTER EGG,0.03642384105960265,13.294701986754966,0.42,126.0,20.0,20.0,9.24
35598C,WHITE CHRISTMAS TREE 60CM,0.004966887417218543,1.8129139072847682,2.9500000000000006,18.0,0.0,0.0,8.850000000000001
18098B,BLUE PORCELAIN B'FLY OIL BURNER,0.004966887417218543,1.8129139072847682,2.9500000000000006,18.0,0.0,0.0,8.850000000000001
71496B,A4 WALL TIDY RED FLOWERS,0.024834437086092714,9.064569536423841,0.59,88.0,9.0,9.0,8.67
84572,6 HOOK JEWEL STAND LILAC DRESS,0.0016556291390728477,0.6043046357615894,8.49,6.0,0.0,0.0,8.49
47591C,BLUE FAIRY CAKE CHILDRENS APRON,0.006622516556291391,2.4172185430463577,1.95,25.0,0.0,0.0,7.8
90188,DROP EARRINGS W FLOWER & LEAF,0.004966887417218543,1.8129139072847682,2.55,19.0,0.0,0.0,7.6499999999999995
44091A,BLUE CRUSOE CHECK LAMPSHADE,0.029801324503311258,10.87748344370861,0.42,114.0,10.0,10.0,7.56
84366,VENDETTA CANVAS PICTURE,0.0033112582781456954,1.2086092715231789,3.75,13.0,0.0,0.0,7.5
46037A,PINK CANVAS DES CUSHION COVER ,0.009933774834437087,3.6258278145695364,1.25,38.0,6.0,6.0,7.5
90025F,BAROQUE BUTTERFLY EARRINGS CRYSTAL,0.0033112582781456954,1.2086092715231789,3.75,13.0,0.0,0.0,7.5
90025C,BAROQUE BUTTERFLY EARRINGS GREEN,0.0033112582781456954,1.2086092715231789,3.75,13.0,0.0,0.0,7.5
90025A,BAROQUE BUTTERFLY EARRINGS BLACK,0.0033112582781456954,1.2086092715231789,3.75,13.0,0.0,0.0,7.5
84509E,CAROUSEL PLACEMATS ,0.0033112582781456954,1.2086092715231789,3.75,13.0,0.0,0.0,7.5
20942,SET/6 GINGERBREAD TREE T-LIGHTS,0.009933774834437087,3.6258278145695364,1.25,38.0,3.0,3.0,7.5
90025D,BAROQUE BUTTERFLY EARRINGS PINK,0.0033112582781456954,1.2086092715231789,3.75,13.0,0.0,0.0,7.5
82011E,"BATHROOM SCALES, FAG BREAK",0.0033112582781456954,1.2086092715231789,3.75,13.0,0.0,0.0,7.5
90111,BLUE HIBISCUS  HAIR CLIP,0.011589403973509934,4.2301324503311255,1.05,45.0,2.0,2.0,7.35
35001P,HAND OPEN SHAPE PINK,0.0033112582781456954,1.2086092715231789,3.49,13.0,0.0,0.0,6.98
85230C,ROSE SCENTED VOTIVE CANDLE,0.039735099337748346,14.503311258278146,0.29,158.0,0.0,0.0,6.959999999999999
85230D,VANILLA SCENTED VOTIVE CANDLE,0.039735099337748346,14.503311258278146,0.29,158.0,0.0,0.0,6.959999999999999
21852,EMPIRE TEDDY,0.0016556291390728477,0.6043046357615894,6.95,7.0,0.0,0.0,6.95
48173A,DOOR MAT BLUE FLOCK,0.0016556291390728477,0.6043046357615894,6.75,7.0,0.0,0.0,6.75
22843,"BISCUIT TIN, MINT,IVORY, VINTAGE",0.0016556291390728477,0.6043046357615894,6.75,7.0,0.0,0.0,6.75
37484,ENGLISH ROSE TEA FOR ONE GIFT BOX,0.0016556291390728477,0.6043046357615894,6.75,7.0,0.0,0.0,6.75
90187A,BLUE DROP EARRINGS W BEAD CLUSTER,0.0033112582781456954,1.2086092715231789,3.35,13.0,0.0,0.0,6.7
20858,SILVER PURSE GOLD PINK BUTTERFLY,0.006622516556291391,2.4172185430463577,1.65,27.0,0.0,0.0,6.6
20678,LARGE BLACK DIAMANTE HAIRSLIDE,0.006622516556291391,2.4172185430463577,1.65,27.0,0.0,0.0,6.6
90082C,DIAMANTE BOW BROOCH WHITE COLOUR,0.0016556291390728477,0.6043046357615894,6.35,7.0,0.0,0.0,6.35
47592B,SCOTTIE DOGS CHILDRENS OVERALL,0.004966887417218543,1.8129139072847682,2.1,21.0,0.0,0.0,6.300000000000001
79140,ASS WINDPROOF MARIJUANA LIGHTERS,0.024834437086092714,9.064569536423841,0.42,104.0,28.0,28.0,6.3
82072,WHITE WOOD SINGLE P/FRAME,0.008278145695364239,3.0215231788079473,1.25,35.0,3.0,3.0,6.25
20673,STRAWBERRIES PRINT BOWL,0.008278145695364239,3.0215231788079473,1.25,35.0,9.0,9.0,6.25
37408,ASSORTED DESIGN GEISHA GIRL MUGS,0.008278145695364239,3.0215231788079473,1.25,35.0,0.0,0.0,6.25
90214W,"LETTER ""W"" BLING KEY RING",0.023178807947019868,8.460264900662251,0.93,67.0,28.0,28.0,5.9799999999999995
72751C,"F.FAIRY S/3 SML CANDLE, ROSE",0.0016556291390728477,0.6043046357615894,5.95,7.0,0.0,0.0,5.95
90000C,OPAL WHITE/SILVER FLOWER NECKLACE,0.0016556291390728477,0.6043046357615894,5.95,7.0,0.0,0.0,5.95
72751A,"F.FAIRY S/3 SML CANDLE,LILY/VALLEY",0.0016556291390728477,0.6043046357615894,5.95,7.0,0.0,0.0,5.95
72751B,"F.FAIRY S/3 SML CANDLE, LAVENDER",0.0016556291390728477,0.6043046357615894,5.95,7.0,0.0,0.0,5.95
37409,ASSORTED DESIGN FLOWER MUGS,0.011589403973509934,4.2301324503311255,0.85,50.0,10.0,10.0,5.949999999999999
90014B,GOLD M.O.P. ORBIT NECKLACE,0.0033112582781456954,1.2086092715231789,2.95,14.0,0.0,0.0,5.9
22360,"GLASS JAR, ENGLISH CONFECTIONERY",0.0033112582781456954,1.2086092715231789,2.95,14.0,0.0,0.0,5.9
79303A,WHITE ROHMBIC BLOCK TABLE LAMP,0.0033112582781456954,1.2086092715231789,2.95,14.0,0.0,0.0,5.9
35821P,"JEWELLED DECORATION,PINK",0.0033112582781456954,1.2086092715231789,2.95,14.0,0.0,0.0,5.9
90011A,MIDNIGHT BLUE CRYSTAL DROP EARRINGS,0.0033112582781456954,1.2086092715231789,2.95,14.0,0.0,0.0,5.9
35823P,"ACRYLIC BEAD GARLAND,PINK",0.0033112582781456954,1.2086092715231789,2.95,14.0,0.0,0.0,5.9
18098A,PINK PORCELAIN B'FLY OIL BURNER,0.0033112582781456954,1.2086092715231789,2.95,14.0,0.0,0.0,5.9
84247J,PACK/12 RUSSIAN DOLL CARDS,0.0033112582781456954,1.2086092715231789,2.95,14.0,0.0,0.0,5.9
20882,MODERN CHRISTMAS TREE CANDLE,0.0033112582781456954,1.2086092715231789,2.95,14.0,0.0,0.0,5.9
90183C,BLACK DROP EARRINGS W LONG BEADS,0.0033112582781456954,1.2086092715231789,2.95,14.0,0.0,0.0,5.9
90130C,GREEN STONE/CRYSTAL EARRINGS,0.0033112582781456954,1.2086092715231789,2.95,14.0,0.0,0.0,5.9
84228,HEN HOUSE WITH CHICK STANDING,0.023178807947019868,8.460264900662251,0.42,100.0,28.0,28.0,5.88
35051B,PINK BEADED CONE CHRISTMAS,0.023178807947019868,8.460264900662251,0.42,100.0,6.0,6.0,5.88
85186B,BUNNY BUNCH OF FLOWERS,0.023178807947019868,8.460264900662251,0.42,100.0,19.0,19.0,5.88
35537,CANDLE RING W/CLEAR BEADS,0.02152317880794702,7.855960264900662,0.42,97.0,9.0,9.0,5.46
21838,DADDY MOUSE RED GINGHAM BOW TIE,0.0016556291390728477,0.6043046357615894,5.45,7.0,0.0,0.0,5.45
84201B,HAPPY BIRTHDAY CARD STRIPEY TEDDY,0.046357615894039736,16.920529801324502,0.19000000000000003,211.0,18.0,18.0,5.32
35751D,PINK CURRENT CANDLE RING,0.046357615894039736,16.920529801324502,0.19,211.0,0.0,0.0,5.32
16215,FUNKY GIRLZ MAGNETIC TO DO LIST ,0.013245033112582781,4.8344370860927155,0.65,61.0,7.0,7.0,5.2
35916B,BLUE FELT HANGING HEART WITH FLOWER,0.009933774834437087,3.6258278145695364,0.85,46.0,0.0,0.0,5.1
71101A,ANGEL ON KNEES METAL POLE 100CM H,0.009933774834437087,3.6258278145695364,0.85,46.0,0.0,0.0,5.1
90054,CRACKED GLAZE EARRINGS RED,0.0033112582781456954,1.2086092715231789,2.55,15.0,0.0,0.0,5.1
84942,KASHMIR FOLKART HEART DISHES,0.004966887417218543,1.8129139072847682,1.6900000000000002,23.0,0.0,0.0,5.07
37451,CERAMIC CAKE TEAPOT WITH CHERRY,0.0016556291390728477,0.6043046357615894,4.95,8.0,0.0,0.0,4.95
85232C,RUSSIAN FOLKART STACKING TINS,0.0016556291390728477,0.6043046357615894,4.95,8.0,0.0,0.0,4.95
85043,RED HEART CANDY POP LIGHTS,0.0016556291390728477,0.6043046357615894,4.95,8.0,0.0,0.0,4.95
90214U,"LETTER ""U"" BLING KEY RING",0.02152317880794702,7.855960264900662,0.77,71.0,34.0,34.0,4.7299999999999995
45014,FOLDING SHIRT TIDY,0.0016556291390728477,0.6043046357615894,4.65,8.0,0.0,0.0,4.65
79151B,"SILICON CUBE 25W, BLUE",0.018211920529801324,6.647350993377483,0.42,89.0,28.0,28.0,4.62
35817P,PINK ACRYLIC JEWEL SNOWFLAKE,0.019867549668874173,7.251655629139073,0.38,98.0,0.0,0.0,4.5600000000000005
81950V,FLOWER PURPLE CLOCK WITH SUCKER,0.024834437086092714,9.064569536423841,0.29,125.0,27.0,27.0,4.35
79157V,UBO-LIGHT TRIOBASE PURPLE,0.008278145695364239,3.0215231788079473,0.85,42.0,3.0,3.0,4.25
21409,SPOTTY COCKEREL DOORSTOP,0.0016556291390728477,0.6043046357615894,4.25,8.0,0.0,0.0,4.25
72752A,"F.FAIRY,CANDLE IN GLASS,LILY/VALLEY",0.0016556291390728477,0.6043046357615894,4.25,8.0,0.0,0.0,4.25
79157B,UBO-LIGHT TRIOBASE BLUE,0.008278145695364239,3.0215231788079473,0.85,42.0,5.0,5.0,4.25
84255A,PINK GLASS COCKTAIL LAMP,0.0033112582781456954,1.2086092715231789,2.1,17.0,0.0,0.0,4.2
90125E,AMBER BERTIE GLASS BEAD BAG CHARM,0.0033112582781456954,1.2086092715231789,2.1,17.0,0.0,0.0,4.2
20877,MODERN CHRISTMAS BAUBLE CANDLE ,0.016556291390728478,6.043046357615895,0.42,85.0,11.0,11.0,4.2
20884,MODERN CHRISTMAS TREE CANDLE ,0.0033112582781456954,1.2086092715231789,2.1,17.0,0.0,0.0,4.2
23391, I LOVE LONDON MINI RUCKSACK,0.0016556291390728477,0.6043046357615894,4.15,9.0,0.0,0.0,4.15
72084B,CHOCOLATE ICE CREAM CANDLE,0.0033112582781456954,1.2086092715231789,1.95,18.0,0.0,0.0,3.9
37432,MUG PINK AND PURPLE ARABIC DESIGN,0.009933774834437087,3.6258278145695364,0.65,53.0,0.0,0.0,3.9
16010,FOLDING CAMPING SCISSOR W/KNIF & S,0.052980132450331126,19.337748344370862,0.12,284.0,21.0,21.0,3.84
40046C,PINK BUTTERFLY PAPER LAMPSHADE,0.004966887417218543,1.8129139072847682,1.25,27.0,0.0,0.0,3.75
90025B,BAROQUE BUTTERFLY EARRINGS RED,0.0016556291390728477,0.6043046357615894,3.75,9.0,0.0,0.0,3.75
90004A,JADE GREEN PAIR ENAMEL HAIR SLIDES,0.0016556291390728477,0.6043046357615894,3.75,9.0,0.0,0.0,3.75
35974,S/6 CHRISTMAS TREE PLACE SETTING,0.0016556291390728477,0.6043046357615894,3.75,9.0,0.0,0.0,3.75
90128D,PURPLE LEAVES AND BEADS PHONE CHAR,0.004966887417218543,1.8129139072847682,1.25,27.0,3.0,3.0,3.75
37438,FUNKY FLOWER COFFEE POT,0.0016556291390728477,0.6043046357615894,3.75,9.0,0.0,0.0,3.75
84731,3 BIRDS CANVAS SCREEN,0.004966887417218543,1.8129139072847682,1.23,27.0,0.0,0.0,3.69
21081,SET/20 POSIES PAPER NAPKINS,0.006622516556291391,2.4172185430463577,0.85,38.0,0.0,0.0,3.4
35995,SET/6 BLACK GLITTER REINDEER CANDLE,0.006622516556291391,2.4172185430463577,0.84,38.0,0.0,0.0,3.36
20683,RAIN GIRL CHILDS UMBRELLA,0.0016556291390728477,0.6043046357615894,3.25,10.0,0.0,0.0,3.25
23630,SET 10 CARDS HANGING BAUBLES 17080,0.0016556291390728477,0.6043046357615894,2.99,10.0,0.0,0.0,2.99
90014C,SILVER AND BLACK ORBIT NECKLACE,0.0016556291390728477,0.6043046357615894,2.95,10.0,0.0,0.0,2.95
90011E,AMBER CRYSTAL DROP EARRINGS,0.0016556291390728477,0.6043046357615894,2.95,10.0,0.0,0.0,2.95
79301,FEATHER HEART LIGHTS,0.0016556291390728477,0.6043046357615894,2.95,10.0,0.0,0.0,2.95
20885,BOX OF 3 PEBBLE CANDLES,0.0016556291390728477,0.6043046357615894,2.95,10.0,0.0,0.0,2.95
62097A,PINK STRIPES SHOULDER BAG,0.0016556291390728477,0.6043046357615894,2.95,10.0,0.0,0.0,2.95
47569,ENGLISH ROSE DESIGN SHOPPING BAG,0.0016556291390728477,0.6043046357615894,2.55,11.0,0.0,0.0,2.55
47556,SET/2 SPOTTY + ROSE TEA TOWELS ,0.0016556291390728477,0.6043046357615894,2.55,11.0,0.0,0.0,2.55
35999,S/6 SCANDINAVIAN HEART T-LIGHT,0.0016556291390728477,0.6043046357615894,2.55,11.0,0.0,0.0,2.55
81953B,ROUND ARTICULATED BLUE CLOCK W/SUCK,0.004966887417218543,1.8129139072847682,0.85,33.0,0.0,0.0,2.55
71434B,"BLACK RND BULLET""KEEP CLEAN"" BIN",0.0016556291390728477,0.6043046357615894,2.55,11.0,0.0,0.0,2.55
90077,BLACK DIAMOND CLUSTER EARRINGS,0.0016556291390728477,0.6043046357615894,2.55,11.0,0.0,0.0,2.55
21493,VINTAGE DESIGN GIFT TAGS,0.004966887417218543,1.8129139072847682,0.85,33.0,3.0,3.0,2.55
90055,CRACKED GLAZE EARRINGS BROWN,0.0016556291390728477,0.6043046357615894,2.55,11.0,0.0,0.0,2.55
85171,S/2 HYACINTH BULB CANDLES,0.0016556291390728477,0.6043046357615894,2.55,11.0,0.0,0.0,2.55
21036,SET/2 TEA TOWELS MODERN VINTAGE,0.0016556291390728477,0.6043046357615894,2.55,11.0,0.0,0.0,2.55
90091,CRYSTAL DRAGONFLY PHONE CHARM,0.004966887417218543,1.8129139072847682,0.85,33.0,3.0,3.0,2.55
47554,S/3 COLOURS FLOCK TEA TOWELS,0.0016556291390728477,0.6043046357615894,2.55,11.0,0.0,0.0,2.55
17028J,INCENSE BAZAAR PEACH,0.009933774834437087,3.6258278145695364,0.42,66.0,0.0,0.0,2.52
90071,RUBY GLASS CLUSTER EARRINGS,0.0033112582781456954,1.2086092715231789,1.25,22.0,0.0,0.0,2.5
21225,POCKET MIRROR BUTTERFLY ,0.0033112582781456954,1.2086092715231789,1.25,22.0,0.0,0.0,2.5
90127B,BLUE BEADS+HAND PHONE CHARM,0.0033112582781456954,1.2086092715231789,1.25,22.0,0.0,0.0,2.5
84250M,"GREETING CARD, BLACKPOOL ROCK",0.019867549668874173,7.251655629139073,0.19,138.0,0.0,0.0,2.28
20620,RED SPOTTY PASSPORT COVER,0.0016556291390728477,0.6043046357615894,2.1,12.0,0.0,0.0,2.1
81953B,ROUND BLUE CLOCK WITH SUCKER,0.018211920529801324,6.647350993377483,0.19,132.0,8.0,8.0,2.09
17061,ASSORTED SHAPED STENCIL FOR HENNA,0.08609271523178808,31.423841059602648,0.04,627.0,0.0,1.0,2.08
85192S,HANGING SPRING FLOWER HEART SMALL,0.004966887417218543,1.8129139072847682,0.65,37.0,3.0,3.0,1.9500000000000002
22631,CIRCUS PARADE LUNCHBOX ,0.0016556291390728477,0.6043046357615894,1.95,12.0,0.0,0.0,1.95
35945,GOLD CHRISTMAS STOCKING DECORATION,0.0016556291390728477,0.6043046357615894,1.95,12.0,0.0,0.0,1.95
84814A,HEXAGONAL CRYSTAL PERFUME BOTTLE,0.0016556291390728477,0.6043046357615894,1.95,12.0,0.0,0.0,1.95
46138D,GREEN CHENILLE SHAGGY C/COVER,0.0016556291390728477,0.6043046357615894,1.95,12.0,0.0,0.0,1.95
22659,LUNCHBOX I LOVE LONDON,0.0016556291390728477,0.6043046357615894,1.95,12.0,0.0,0.0,1.95
84206C,CHAMPAGNE TRAY BLANK CARD,0.016556291390728478,6.043046357615895,0.19,126.0,8.0,8.0,1.9
84201C,HAPPY BIRTHDAY CARD TEDDY/CAKE,0.016556291390728478,6.043046357615895,0.19000000000000003,126.0,9.0,9.0,1.9
20881,MODERN CHRISTMAS TREE CANDLE,0.0033112582781456954,1.2086092715231789,0.85,27.0,0.0,0.0,1.7
35837,SET OF SIX SILVER+RED FLOCK BAUBLES,0.0033112582781456954,1.2086092715231789,0.85,27.0,0.0,0.0,1.7
72754D,F FAIRY POTPOURRI CUSHIONS SUMMER,0.0016556291390728477,0.6043046357615894,1.69,13.0,0.0,0.0,1.69
10109,BENDY COLOUR PENCILS,0.006622516556291391,2.4172185430463577,0.42,54.0,0.0,0.0,1.68
72796C,S/3 ROSE GARDEN SCENT SQU CANDLE,0.0016556291390728477,0.6043046357615894,1.65,14.0,0.0,0.0,1.65
21585,SWALLOW SMALL TUBE MATCHES,0.0016556291390728477,0.6043046357615894,1.65,14.0,0.0,0.0,1.65
23664,FLOWER SHOP DESIGN MUG,0.0016556291390728477,0.6043046357615894,1.65,14.0,0.0,0.0,1.65
85024A,CRYSTAL SMALL JEWELLED PHOTOFRAME,0.0016556291390728477,0.6043046357615894,1.65,14.0,0.0,0.0,1.65
35980B,RED TOP SCANDINAVIAN HEART ,0.006622516556291391,2.4172185430463577,0.38,56.0,0.0,0.0,1.52
37326,FAIRY DESIGN MUGS,0.0016556291390728477,0.6043046357615894,1.25,16.0,0.0,0.0,1.25
35976B,WHITE SCANDINAVIAN HEART CHRISTMAS,0.0016556291390728477,0.6043046357615894,1.25,16.0,0.0,0.0,1.25
35950,FOLKART HEART CHRISTMAS DECORATIONS,0.0016556291390728477,0.6043046357615894,1.25,16.0,0.0,0.0,1.25
23370,SET 36 COLOURING PENCILS DOILEY,0.0016556291390728477,0.6043046357615894,1.25,16.0,0.0,0.0,1.25
84845A,HOLLYHOCK SQUARE HANDY TIN,0.0016556291390728477,0.6043046357615894,1.25,16.0,0.0,0.0,1.25
TEST002,This is a test product.,0.0016556291390728477,0.6043046357615894,1.0,17.0,0.0,0.0,1.0
84206B,CAT WITH SUNGLASSES BLANK CARD,0.008278145695364239,3.0215231788079473,0.19,89.0,0.0,0.0,0.95
20721,OWLS CHARLOTTE BAG,0.0016556291390728477,0.6043046357615894,0.85,19.0,0.0,0.0,0.85
84206B,CAT W SUNGLASSES BLANK CARD,0.006622516556291391,2.4172185430463577,0.19,80.0,0.0,0.0,0.76
23366,SET 12 COLOURING PENCILS DOILEY,0.0016556291390728477,0.6043046357615894,0.65,22.0,0.0,0.0,0.65
35930,PINK HEART CHRISTMAS DECORATION,0.0016556291390728477,0.6043046357615894,0.38,28.0,0.0,0.0,0.38
84205C,HAPPY BIRTHDAY GINGER CAT CARD,0.0033112582781456954,1.2086092715231789,0.19,56.0,0.0,0.0,0.38
PADS,PADS TO MATCH ALL CUSHIONS,0.028145695364238412,10.273178807947021,0.001,2266.0,0.0,0.0,0.017
